date,product,category,qty,price
2024-12-24,Aceite 1L,Despensa,3,15496.06
2024-12-24,Agua 600ml,Bebidas,7,2035.38
2024-12-24,Arroz 1kg,Despensa,4,4754.11
2024-12-24,Azucar 1kg,Despensa,5,4740.2
2024-12-24,Bebida Energetica 250ml,Bebidas,5,4566.56
2024-12-24,Cerveza Sixpack,Bebidas,2,15119.17
2024-12-24,Chitos 40g,Snacks,7,2731.08
2024-12-24,Chocolate 250g,Despensa,4,8567.3
2024-12-24,Detergente 500g,Aseo,1,6623.77
2024-12-24,Frijol 500g,Granos,3,5417.46
2024-12-24,Galletas Chocolate,Snacks,6,3529.63
2024-12-24,Gaseosa Cola 400ml,Bebidas,9,2821.17
2024-12-24,Gaseosa Manzana 400ml,Bebidas,12,2692.4
2024-12-24,Harina Trigo 1kg,Despensa,2,4304.78
2024-12-24,Huevos x30,Despensa,5,16406.72
2024-12-24,Jabon Barra,Aseo,4,3186.12
2024-12-24,Jugo Mango 300ml,Bebidas,9,3205.3
2024-12-24,Leche Entera 900ml,Lacteos,11,4089.08
2024-12-24,Lenteja 500g,Granos,2,4863.38
2024-12-24,Pan Blandito x5,Panaderia,9,3284.05
2024-12-24,Pan Tajado 500g,Panaderia,7,6069.23
2024-12-24,Papas 30g,Snacks,13,2721.25
2024-12-24,Papel Higienico x4,Aseo,2,8075.33
2024-12-24,Queso Campesino 250g,Lacteos,7,8145.0
2024-12-24,Sal 500g,Despensa,3,1902.72
2024-12-24,Yogurt Fresa 200ml,Lacteos,16,2429.95
2024-12-25,Aceite 1L,Despensa,3,15258.48
2024-12-25,Agua 600ml,Bebidas,16,2238.33
2024-12-25,Arroz 1kg,Despensa,4,4698.75
2024-12-25,Azucar 1kg,Despensa,2,4692.29
2024-12-25,Bebida Energetica 250ml,Bebidas,3,4521.39
2024-12-25,Cafe Molido 250g,Despensa,4,9205.32
2024-12-25,Cerveza Sixpack,Bebidas,2,14782.86
2024-12-25,Chitos 40g,Snacks,4,2686.91
2024-12-25,Chocolate 250g,Despensa,2,8098.21
2024-12-25,Detergente 500g,Aseo,4,6683.86
2024-12-25,Frijol 500g,Granos,2,5433.44
2024-12-25,Galletas Chocolate,Snacks,8,3728.84
2024-12-25,Gaseosa Cola 400ml,Bebidas,16,2864.59
2024-12-25,Gaseosa Manzana 400ml,Bebidas,13,2801.45
2024-12-25,Harina Trigo 1kg,Despensa,2,4049.42
2024-12-25,Huevos x30,Despensa,2,17051.96
2024-12-25,Jabon Barra,Aseo,5,3457.13
2024-12-25,Jugo Mango 300ml,Bebidas,15,2857.03
2024-12-25,Leche Entera 900ml,Lacteos,7,4221.2
2024-12-25,Lenteja 500g,Granos,5,4492.54
2024-12-25,Mani 50g,Snacks,3,2928.52
2024-12-25,Pan Blandito x5,Panaderia,7,2858.56
2024-12-25,Pan Tajado 500g,Panaderia,5,5715.9
2024-12-25,Papas 30g,Snacks,10,2576.95
2024-12-25,Papel Higienico x4,Aseo,1,9180.53
2024-12-25,Queso Campesino 250g,Lacteos,2,7971.65
2024-12-25,Yogurt Fresa 200ml,Lacteos,8,2512.89
2024-12-26,Aceite 1L,Despensa,5,16307.53
2024-12-26,Agua 600ml,Bebidas,6,2071.68
2024-12-26,Arroz 1kg,Despensa,5,4861.11
2024-12-26,Azucar 1kg,Despensa,5,4424.17
2024-12-26,Bebida Energetica 250ml,Bebidas,5,4624.89
2024-12-26,Cafe Molido 250g,Despensa,2,9306.77
2024-12-26,Cerveza Sixpack,Bebidas,1,14193.02
2024-12-26,Chitos 40g,Snacks,6,2870.68
2024-12-26,Chocolate 250g,Despensa,2,8490.2
2024-12-26,Detergente 500g,Aseo,2,6672.83
2024-12-26,Frijol 500g,Granos,2,5163.14
2024-12-26,Galletas Chocolate,Snacks,4,3520.27
2024-12-26,Gaseosa Cola 400ml,Bebidas,7,2949.88
2024-12-26,Gaseosa Manzana 400ml,Bebidas,12,2808.42
2024-12-26,Harina Trigo 1kg,Despensa,1,4050.32
2024-12-26,Huevos x30,Despensa,6,17150.7
2024-12-26,Jabon Barra,Aseo,3,3171.98
2024-12-26,Jugo Mango 300ml,Bebidas,6,3376.39
2024-12-26,Leche Entera 900ml,Lacteos,5,4545.48
2024-12-26,Lenteja 500g,Granos,2,4963.09
2024-12-26,Mani 50g,Snacks,2,3129.27
2024-12-26,Pan Blandito x5,Panaderia,6,3282.16
2024-12-26,Pan Tajado 500g,Panaderia,7,6026.74
2024-12-26,Papas 30g,Snacks,14,2476.34
2024-12-26,Queso Campesino 250g,Lacteos,5,7924.59
2024-12-26,Sal 500g,Despensa,4,1962.1
2024-12-26,Yogurt Fresa 200ml,Lacteos,8,2188.44
2024-12-27,Aceite 1L,Despensa,2,15526.73
2024-12-27,Agua 600ml,Bebidas,17,2128.73
2024-12-27,Arroz 1kg,Despensa,4,5034.82
2024-12-27,Azucar 1kg,Despensa,3,5015.65
2024-12-27,Bebida Energetica 250ml,Bebidas,10,3956.63
2024-12-27,Cafe Molido 250g,Despensa,1,9477.76
2024-12-27,Cerveza Sixpack,Bebidas,6,14965.31
2024-12-27,Chitos 40g,Snacks,1,2599.05
2024-12-27,Frijol 500g,Granos,6,5154.06
2024-12-27,Galletas Chocolate,Snacks,8,3568.89
2024-12-27,Gaseosa Cola 400ml,Bebidas,12,2976.23
2024-12-27,Gaseosa Manzana 400ml,Bebidas,15,2956.6
2024-12-27,Harina Trigo 1kg,Despensa,3,4099.29
2024-12-27,Huevos x30,Despensa,4,15914.55
2024-12-27,Jabon Barra,Aseo,1,3097.34
2024-12-27,Jugo Mango 300ml,Bebidas,8,3316.68
2024-12-27,Leche Entera 900ml,Lacteos,6,4232.08
2024-12-27,Lenteja 500g,Granos,3,4841.77
2024-12-27,Mani 50g,Snacks,3,3029.84
2024-12-27,Pan Blandito x5,Panaderia,5,3401.11
2024-12-27,Pan Tajado 500g,Panaderia,6,5936.79
2024-12-27,Papas 30g,Snacks,15,2388.99
2024-12-27,Queso Campesino 250g,Lacteos,3,7620.73
2024-12-27,Sal 500g,Despensa,4,1930.17
2024-12-27,Yogurt Fresa 200ml,Lacteos,9,2595.92
2024-12-28,Aceite 1L,Despensa,3,12507.51
2024-12-28,Agua 600ml,Bebidas,9,2067.66
2024-12-28,Arroz 1kg,Despensa,3,4956.53
2024-12-28,Azucar 1kg,Despensa,3,4635.45
2024-12-28,Bebida Energetica 250ml,Bebidas,7,4582.9
2024-12-28,Cafe Molido 250g,Despensa,1,9105.64
2024-12-28,Cerveza Sixpack,Bebidas,10,12806.24
2024-12-28,Chitos 40g,Snacks,4,2600.33
2024-12-28,Detergente 500g,Aseo,2,6698.81
2024-12-28,Frijol 500g,Granos,6,5626.22
2024-12-28,Galletas Chocolate,Snacks,11,3418.44
2024-12-28,Gaseosa Cola 400ml,Bebidas,17,2999.57
2024-12-28,Gaseosa Manzana 400ml,Bebidas,9,2959.29
2024-12-28,Harina Trigo 1kg,Despensa,2,4099.35
2024-12-28,Huevos x30,Despensa,1,16535.66
2024-12-28,Jabon Barra,Aseo,3,2829.45
2024-12-28,Jugo Mango 300ml,Bebidas,5,3287.68
2024-12-28,Leche Entera 900ml,Lacteos,10,4197.93
2024-12-28,Lenteja 500g,Granos,1,4796.12
2024-12-28,Mani 50g,Snacks,6,3022.64
2024-12-28,Pan Blandito x5,Panaderia,5,3209.78
2024-12-28,Pan Tajado 500g,Panaderia,5,5907.49
2024-12-28,Papas 30g,Snacks,18,2596.39
2024-12-28,Papel Higienico x4,Aseo,1,9527.0
2024-12-28,Queso Campesino 250g,Lacteos,3,7712.64
2024-12-28,Sal 500g,Despensa,2,1797.49
2024-12-28,Yogurt Fresa 200ml,Lacteos,9,2419.44
2024-12-29,Aceite 1L,Despensa,3,15968.49
2024-12-29,Agua 600ml,Bebidas,18,2090.44
2024-12-29,Arroz 1kg,Despensa,4,4516.9
2024-12-29,Azucar 1kg,Despensa,1,5282.49
2024-12-29,Bebida Energetica 250ml,Bebidas,4,4508.67
2024-12-29,Cafe Molido 250g,Despensa,2,8808.74
2024-12-29,Cerveza Sixpack,Bebidas,2,15013.78
2024-12-29,Chitos 40g,Snacks,7,2656.97
2024-12-29,Detergente 500g,Aseo,1,6527.5
2024-12-29,Frijol 500g,Granos,1,5609.62
2024-12-29,Galletas Chocolate,Snacks,7,3583.22
2024-12-29,Gaseosa Cola 400ml,Bebidas,16,2791.07
2024-12-29,Gaseosa Manzana 400ml,Bebidas,14,2678.52
2024-12-29,Harina Trigo 1kg,Despensa,4,4271.19
2024-12-29,Huevos x30,Despensa,2,15965.84
2024-12-29,Jabon Barra,Aseo,1,3249.57
2024-12-29,Jugo Mango 300ml,Bebidas,7,3367.34
2024-12-29,Leche Entera 900ml,Lacteos,9,3638.2
2024-12-29,Lenteja 500g,Granos,2,4860.42
2024-12-29,Mani 50g,Snacks,2,3124.71
2024-12-29,Pan Blandito x5,Panaderia,7,3267.73
2024-12-29,Pan Tajado 500g,Panaderia,6,5823.32
2024-12-29,Papas 30g,Snacks,17,2725.74
2024-12-29,Papel Higienico x4,Aseo,1,9476.63
2024-12-29,Queso Campesino 250g,Lacteos,3,8077.8
2024-12-29,Sal 500g,Despensa,1,1959.94
2024-12-29,Yogurt Fresa 200ml,Lacteos,6,2548.28
2024-12-30,Aceite 1L,Despensa,1,15240.71
2024-12-30,Agua 600ml,Bebidas,10,2209.16
2024-12-30,Arroz 1kg,Despensa,5,4842.95
2024-12-30,Azucar 1kg,Despensa,3,4857.88
2024-12-30,Bebida Energetica 250ml,Bebidas,9,4135.14
2024-12-30,Cafe Molido 250g,Despensa,4,9572.21
2024-12-30,Cerveza Sixpack,Bebidas,3,15067.82
2024-12-30,Chitos 40g,Snacks,8,2756.41
2024-12-30,Chocolate 250g,Despensa,2,8052.06
2024-12-30,Detergente 500g,Aseo,3,7062.45
2024-12-30,Galletas Chocolate,Snacks,5,3446.92
2024-12-30,Gaseosa Cola 400ml,Bebidas,15,2972.91
2024-12-30,Gaseosa Manzana 400ml,Bebidas,12,2838.04
2024-12-30,Harina Trigo 1kg,Despensa,1,4237.13
2024-12-30,Huevos x30,Despensa,8,16611.68
2024-12-30,Jabon Barra,Aseo,4,3092.75
2024-12-30,Jugo Mango 300ml,Bebidas,4,3280.72
2024-12-30,Leche Entera 900ml,Lacteos,11,4211.47
2024-12-30,Lenteja 500g,Granos,2,4970.11
2024-12-30,Mani 50g,Snacks,4,2939.74
2024-12-30,Pan Blandito x5,Panaderia,8,3222.28
2024-12-30,Pan Tajado 500g,Panaderia,2,6109.86
2024-12-30,Papas 30g,Snacks,14,2559.54
2024-12-30,Papel Higienico x4,Aseo,3,9262.75
2024-12-30,Queso Campesino 250g,Lacteos,3,7370.63
2024-12-30,Sal 500g,Despensa,2,1941.24
2024-12-30,Yogurt Fresa 200ml,Lacteos,5,2543.12
2024-12-31,Aceite 1L,Despensa,2,15939.67
2024-12-31,Agua 600ml,Bebidas,12,2228.09
2024-12-31,Arroz 1kg,Despensa,5,4863.42
2024-12-31,Azucar 1kg,Despensa,3,4552.39
2024-12-31,Bebida Energetica 250ml,Bebidas,4,4232.19
2024-12-31,Cafe Molido 250g,Despensa,1,9444.26
2024-12-31,Cerveza Sixpack,Bebidas,5,15130.06
2024-12-31,Chitos 40g,Snacks,4,2481.15
2024-12-31,Chocolate 250g,Despensa,2,7798.48
2024-12-31,Detergente 500g,Aseo,4,6494.9
2024-12-31,Frijol 500g,Granos,5,5371.29
2024-12-31,Galletas Chocolate,Snacks,7,3466.48
2024-12-31,Gaseosa Cola 400ml,Bebidas,6,2938.6
2024-12-31,Gaseosa Manzana 400ml,Bebidas,7,2691.99
2024-12-31,Harina Trigo 1kg,Despensa,1,4302.39
2024-12-31,Huevos x30,Despensa,3,16518.83
2024-12-31,Jabon Barra,Aseo,5,3308.91
2024-12-31,Jugo Mango 300ml,Bebidas,6,3446.9
2024-12-31,Leche Entera 900ml,Lacteos,13,4144.82
2024-12-31,Lenteja 500g,Granos,5,5188.4
2024-12-31,Mani 50g,Snacks,2,3021.13
2024-12-31,Pan Blandito x5,Panaderia,6,3276.08
2024-12-31,Pan Tajado 500g,Panaderia,5,5719.56
2024-12-31,Papas 30g,Snacks,7,2755.55
2024-12-31,Papel Higienico x4,Aseo,1,9311.77
2024-12-31,Queso Campesino 250g,Lacteos,3,7608.98
2024-12-31,Sal 500g,Despensa,5,2030.92
2024-12-31,Yogurt Fresa 200ml,Lacteos,3,2694.94
2025-01-01,Aceite 1L,Despensa,7,16745.68
2025-01-01,Agua 600ml,Bebidas,9,2126.59
2025-01-01,Arroz 1kg,Despensa,2,4879.02
2025-01-01,Azucar 1kg,Despensa,2,4877.97
2025-01-01,Bebida Energetica 250ml,Bebidas,4,4374.71
2025-01-01,Cafe Molido 250g,Despensa,3,9529.45
2025-01-01,Cerveza Sixpack,Bebidas,3,14783.84
2025-01-01,Chitos 40g,Snacks,5,2695.69
2025-01-01,Chocolate 250g,Despensa,2,8202.21
2025-01-01,Detergente 500g,Aseo,3,6843.03
2025-01-01,Frijol 500g,Granos,2,5441.68
2025-01-01,Galletas Chocolate,Snacks,8,3623.09
2025-01-01,Gaseosa Cola 400ml,Bebidas,10,2913.12
2025-01-01,Gaseosa Manzana 400ml,Bebidas,11,2788.63
2025-01-01,Harina Trigo 1kg,Despensa,2,4086.6
2025-01-01,Huevos x30,Despensa,4,16597.49
2025-01-01,Jabon Barra,Aseo,4,3375.46
2025-01-01,Jugo Mango 300ml,Bebidas,7,2946.82
2025-01-01,Leche Entera 900ml,Lacteos,8,4178.64
2025-01-01,Lenteja 500g,Granos,2,4822.56
2025-01-01,Mani 50g,Snacks,2,2913.7
2025-01-01,Pan Blandito x5,Panaderia,5,2721.55
2025-01-01,Pan Tajado 500g,Panaderia,3,5601.46
2025-01-01,Papas 30g,Snacks,9,2638.1
2025-01-01,Papel Higienico x4,Aseo,2,9381.12
2025-01-01,Queso Campesino 250g,Lacteos,3,7678.55
2025-01-01,Sal 500g,Despensa,4,1733.6
2025-01-01,Yogurt Fresa 200ml,Lacteos,6,2636.54
2025-01-02,Aceite 1L,Despensa,2,17215.29
2025-01-02,Agua 600ml,Bebidas,7,2018.91
2025-01-02,Arroz 1kg,Despensa,5,5007.61
2025-01-02,Azucar 1kg,Despensa,9,4689.01
2025-01-02,Bebida Energetica 250ml,Bebidas,3,4519.22
2025-01-02,Cafe Molido 250g,Despensa,2,9490.84
2025-01-02,Cerveza Sixpack,Bebidas,4,14798.73
2025-01-02,Chocolate 250g,Despensa,3,8281.41
2025-01-02,Detergente 500g,Aseo,3,6551.33
2025-01-02,Frijol 500g,Granos,4,5135.43
2025-01-02,Galletas Chocolate,Snacks,4,3486.12
2025-01-02,Gaseosa Cola 400ml,Bebidas,15,2712.39
2025-01-02,Gaseosa Manzana 400ml,Bebidas,8,2862.85
2025-01-02,Harina Trigo 1kg,Despensa,4,4139.22
2025-01-02,Huevos x30,Despensa,2,16768.53
2025-01-02,Jabon Barra,Aseo,1,3267.36
2025-01-02,Jugo Mango 300ml,Bebidas,4,3527.23
2025-01-02,Leche Entera 900ml,Lacteos,6,4290.02
2025-01-02,Lenteja 500g,Granos,2,4915.22
2025-01-02,Mani 50g,Snacks,5,3055.09
2025-01-02,Pan Blandito x5,Panaderia,8,3319.27
2025-01-02,Pan Tajado 500g,Panaderia,5,5834.23
2025-01-02,Papas 30g,Snacks,10,2571.42
2025-01-02,Queso Campesino 250g,Lacteos,5,7134.35
2025-01-02,Yogurt Fresa 200ml,Lacteos,7,2672.0
2025-01-03,Aceite 1L,Despensa,2,15981.13
2025-01-03,Agua 600ml,Bebidas,8,2075.3
2025-01-03,Arroz 1kg,Despensa,8,4617.32
2025-01-03,Azucar 1kg,Despensa,4,4805.24
2025-01-03,Bebida Energetica 250ml,Bebidas,3,4648.68
2025-01-03,Cafe Molido 250g,Despensa,3,8771.72
2025-01-03,Cerveza Sixpack,Bebidas,3,14866.25
2025-01-03,Chitos 40g,Snacks,6,2730.09
2025-01-03,Detergente 500g,Aseo,2,6667.43
2025-01-03,Frijol 500g,Granos,2,5144.3
2025-01-03,Galletas Chocolate,Snacks,8,3435.97
2025-01-03,Gaseosa Cola 400ml,Bebidas,19,2973.56
2025-01-03,Gaseosa Manzana 400ml,Bebidas,12,2994.61
2025-01-03,Harina Trigo 1kg,Despensa,2,3969.83
2025-01-03,Huevos x30,Despensa,5,16869.41
2025-01-03,Jabon Barra,Aseo,2,3183.59
2025-01-03,Jugo Mango 300ml,Bebidas,10,3229.0
2025-01-03,Leche Entera 900ml,Lacteos,5,4193.56
2025-01-03,Lenteja 500g,Granos,4,5212.23
2025-01-03,Mani 50g,Snacks,5,2968.6
2025-01-03,Pan Blandito x5,Panaderia,3,3342.1
2025-01-03,Pan Tajado 500g,Panaderia,8,5448.5
2025-01-03,Papas 30g,Snacks,12,2755.54
2025-01-03,Papel Higienico x4,Aseo,2,9427.27
2025-01-03,Queso Campesino 250g,Lacteos,4,7333.96
2025-01-03,Yogurt Fresa 200ml,Lacteos,9,2701.75
2025-01-04,Aceite 1L,Despensa,2,15242.48
2025-01-04,Agua 600ml,Bebidas,8,2103.38
2025-01-04,Arroz 1kg,Despensa,6,4384.88
2025-01-04,Azucar 1kg,Despensa,2,4825.37
2025-01-04,Bebida Energetica 250ml,Bebidas,4,4339.59
2025-01-04,Cafe Molido 250g,Despensa,2,9080.89
2025-01-04,Cerveza Sixpack,Bebidas,8,15541.95
2025-01-04,Chitos 40g,Snacks,8,2813.72
2025-01-04,Chocolate 250g,Despensa,3,7893.48
2025-01-04,Detergente 500g,Aseo,2,6998.79
2025-01-04,Frijol 500g,Granos,3,5059.26
2025-01-04,Galletas Chocolate,Snacks,7,3587.98
2025-01-04,Gaseosa Cola 400ml,Bebidas,15,2917.86
2025-01-04,Gaseosa Manzana 400ml,Bebidas,14,2858.15
2025-01-04,Harina Trigo 1kg,Despensa,1,4283.97
2025-01-04,Huevos x30,Despensa,4,16430.35
2025-01-04,Jabon Barra,Aseo,2,3219.32
2025-01-04,Jugo Mango 300ml,Bebidas,6,3220.42
2025-01-04,Leche Entera 900ml,Lacteos,10,4354.25
2025-01-04,Mani 50g,Snacks,4,2863.23
2025-01-04,Pan Blandito x5,Panaderia,8,2735.06
2025-01-04,Pan Tajado 500g,Panaderia,5,5812.55
2025-01-04,Papas 30g,Snacks,11,2712.81
2025-01-04,Papel Higienico x4,Aseo,3,9597.11
2025-01-04,Queso Campesino 250g,Lacteos,3,6944.66
2025-01-04,Sal 500g,Despensa,3,1931.98
2025-01-04,Yogurt Fresa 200ml,Lacteos,14,2072.07
2025-01-05,Agua 600ml,Bebidas,13,2191.78
2025-01-05,Arroz 1kg,Despensa,6,4264.58
2025-01-05,Bebida Energetica 250ml,Bebidas,8,4698.9
2025-01-05,Cafe Molido 250g,Despensa,3,8684.03
2025-01-05,Cerveza Sixpack,Bebidas,3,14453.43
2025-01-05,Chitos 40g,Snacks,2,2602.69
2025-01-05,Chocolate 250g,Despensa,4,7984.69
2025-01-05,Detergente 500g,Aseo,1,6766.19
2025-01-05,Galletas Chocolate,Snacks,6,3507.83
2025-01-05,Gaseosa Cola 400ml,Bebidas,14,2905.62
2025-01-05,Gaseosa Manzana 400ml,Bebidas,11,2738.59
2025-01-05,Harina Trigo 1kg,Despensa,1,4280.25
2025-01-05,Huevos x30,Despensa,2,15733.93
2025-01-05,Jabon Barra,Aseo,1,3201.69
2025-01-05,Jugo Mango 300ml,Bebidas,7,3154.33
2025-01-05,Leche Entera 900ml,Lacteos,6,4125.01
2025-01-05,Lenteja 500g,Granos,2,4900.77
2025-01-05,Mani 50g,Snacks,5,3061.73
2025-01-05,Pan Blandito x5,Panaderia,3,3009.89
2025-01-05,Pan Tajado 500g,Panaderia,4,6270.07
2025-01-05,Papas 30g,Snacks,10,2396.59
2025-01-05,Papel Higienico x4,Aseo,1,9557.68
2025-01-05,Queso Campesino 250g,Lacteos,2,8013.86
2025-01-05,Sal 500g,Despensa,7,1812.5
2025-01-05,Yogurt Fresa 200ml,Lacteos,7,2628.08
2025-01-06,Aceite 1L,Despensa,4,16001.03
2025-01-06,Agua 600ml,Bebidas,10,1859.48
2025-01-06,Arroz 1kg,Despensa,7,4422.75
2025-01-06,Azucar 1kg,Despensa,2,4107.8
2025-01-06,Bebida Energetica 250ml,Bebidas,5,4469.75
2025-01-06,Cafe Molido 250g,Despensa,1,9451.07
2025-01-06,Cerveza Sixpack,Bebidas,8,15220.1
2025-01-06,Chitos 40g,Snacks,4,2606.99
2025-01-06,Chocolate 250g,Despensa,3,8186.75
2025-01-06,Galletas Chocolate,Snacks,6,3538.61
2025-01-06,Gaseosa Cola 400ml,Bebidas,10,2821.41
2025-01-06,Gaseosa Manzana 400ml,Bebidas,14,2824.41
2025-01-06,Harina Trigo 1kg,Despensa,2,4158.74
2025-01-06,Huevos x30,Despensa,4,16557.98
2025-01-06,Jabon Barra,Aseo,6,3090.93
2025-01-06,Jugo Mango 300ml,Bebidas,5,3201.95
2025-01-06,Leche Entera 900ml,Lacteos,5,4443.2
2025-01-06,Lenteja 500g,Granos,2,4890.76
2025-01-06,Mani 50g,Snacks,4,2855.3
2025-01-06,Pan Blandito x5,Panaderia,9,2989.21
2025-01-06,Pan Tajado 500g,Panaderia,4,5814.03
2025-01-06,Papas 30g,Snacks,7,2563.6
2025-01-06,Papel Higienico x4,Aseo,2,9340.16
2025-01-06,Queso Campesino 250g,Lacteos,3,7731.66
2025-01-06,Sal 500g,Despensa,3,1661.66
2025-01-06,Yogurt Fresa 200ml,Lacteos,7,2563.03
2025-01-07,Aceite 1L,Despensa,3,14223.48
2025-01-07,Agua 600ml,Bebidas,5,2267.75
2025-01-07,Arroz 1kg,Despensa,7,4686.3
2025-01-07,Azucar 1kg,Despensa,2,4726.95
2025-01-07,Bebida Energetica 250ml,Bebidas,3,4387.65
2025-01-07,Cafe Molido 250g,Despensa,3,9117.51
2025-01-07,Cerveza Sixpack,Bebidas,3,14251.66
2025-01-07,Chitos 40g,Snacks,3,2739.94
2025-01-07,Detergente 500g,Aseo,1,6690.98
2025-01-07,Frijol 500g,Granos,4,4980.7
2025-01-07,Galletas Chocolate,Snacks,9,3588.43
2025-01-07,Gaseosa Cola 400ml,Bebidas,10,2833.3
2025-01-07,Gaseosa Manzana 400ml,Bebidas,10,2794.71
2025-01-07,Harina Trigo 1kg,Despensa,4,4132.31
2025-01-07,Huevos x30,Despensa,3,16192.9
2025-01-07,Jabon Barra,Aseo,3,3307.55
2025-01-07,Jugo Mango 300ml,Bebidas,5,3385.39
2025-01-07,Leche Entera 900ml,Lacteos,4,4360.09
2025-01-07,Lenteja 500g,Granos,1,4820.19
2025-01-07,Mani 50g,Snacks,3,3170.77
2025-01-07,Pan Blandito x5,Panaderia,1,3298.15
2025-01-07,Pan Tajado 500g,Panaderia,1,5946.14
2025-01-07,Papas 30g,Snacks,8,2698.81
2025-01-07,Papel Higienico x4,Aseo,2,9463.02
2025-01-07,Queso Campesino 250g,Lacteos,3,7350.06
2025-01-07,Sal 500g,Despensa,2,1965.06
2025-01-07,Yogurt Fresa 200ml,Lacteos,4,2657.52
2025-01-08,Aceite 1L,Despensa,3,15914.56
2025-01-08,Agua 600ml,Bebidas,6,2115.05
2025-01-08,Arroz 1kg,Despensa,5,3944.74
2025-01-08,Azucar 1kg,Despensa,5,4831.79
2025-01-08,Bebida Energetica 250ml,Bebidas,1,4514.15
2025-01-08,Cafe Molido 250g,Despensa,3,8892.17
2025-01-08,Cerveza Sixpack,Bebidas,5,13301.48
2025-01-08,Chitos 40g,Snacks,6,2880.86
2025-01-08,Chocolate 250g,Despensa,1,8294.32
2025-01-08,Detergente 500g,Aseo,3,6570.0
2025-01-08,Frijol 500g,Granos,2,4847.68
2025-01-08,Galletas Chocolate,Snacks,6,3563.51
2025-01-08,Gaseosa Cola 400ml,Bebidas,16,2839.83
2025-01-08,Gaseosa Manzana 400ml,Bebidas,13,2956.77
2025-01-08,Harina Trigo 1kg,Despensa,3,3889.37
2025-01-08,Huevos x30,Despensa,6,15164.65
2025-01-08,Jabon Barra,Aseo,3,3325.78
2025-01-08,Jugo Mango 300ml,Bebidas,7,3528.8
2025-01-08,Leche Entera 900ml,Lacteos,11,4300.94
2025-01-08,Lenteja 500g,Granos,1,4860.67
2025-01-08,Mani 50g,Snacks,4,2929.33
2025-01-08,Pan Blandito x5,Panaderia,5,3005.2
2025-01-08,Pan Tajado 500g,Panaderia,1,6096.48
2025-01-08,Papas 30g,Snacks,6,2426.21
2025-01-08,Papel Higienico x4,Aseo,2,8946.44
2025-01-08,Queso Campesino 250g,Lacteos,7,7796.7
2025-01-08,Sal 500g,Despensa,2,2015.53
2025-01-08,Yogurt Fresa 200ml,Lacteos,3,2548.53
2025-01-09,Aceite 1L,Despensa,3,15798.84
2025-01-09,Agua 600ml,Bebidas,11,2245.19
2025-01-09,Arroz 1kg,Despensa,5,4771.77
2025-01-09,Azucar 1kg,Despensa,6,4642.5
2025-01-09,Bebida Energetica 250ml,Bebidas,3,4435.13
2025-01-09,Cafe Molido 250g,Despensa,1,8813.82
2025-01-09,Cerveza Sixpack,Bebidas,6,14808.46
2025-01-09,Chitos 40g,Snacks,2,2579.99
2025-01-09,Chocolate 250g,Despensa,3,8511.24
2025-01-09,Detergente 500g,Aseo,2,6859.16
2025-01-09,Frijol 500g,Granos,2,5238.82
2025-01-09,Galletas Chocolate,Snacks,7,3334.9
2025-01-09,Gaseosa Cola 400ml,Bebidas,8,2799.98
2025-01-09,Gaseosa Manzana 400ml,Bebidas,7,2739.49
2025-01-09,Harina Trigo 1kg,Despensa,2,4470.2
2025-01-09,Huevos x30,Despensa,5,16619.26
2025-01-09,Jabon Barra,Aseo,4,3188.5
2025-01-09,Jugo Mango 300ml,Bebidas,1,3375.49
2025-01-09,Leche Entera 900ml,Lacteos,11,4144.5
2025-01-09,Lenteja 500g,Granos,5,4988.45
2025-01-09,Mani 50g,Snacks,4,2928.22
2025-01-09,Pan Blandito x5,Panaderia,8,3215.46
2025-01-09,Pan Tajado 500g,Panaderia,4,5982.93
2025-01-09,Papas 30g,Snacks,7,2586.81
2025-01-09,Queso Campesino 250g,Lacteos,4,7764.61
2025-01-09,Sal 500g,Despensa,4,1863.42
2025-01-09,Yogurt Fresa 200ml,Lacteos,5,2493.61
2025-01-10,Aceite 1L,Despensa,2,15228.43
2025-01-10,Agua 600ml,Bebidas,11,2227.67
2025-01-10,Arroz 1kg,Despensa,5,4550.84
2025-01-10,Azucar 1kg,Despensa,3,4729.9
2025-01-10,Bebida Energetica 250ml,Bebidas,9,4420.47
2025-01-10,Cafe Molido 250g,Despensa,1,9786.54
2025-01-10,Cerveza Sixpack,Bebidas,4,14630.58
2025-01-10,Chitos 40g,Snacks,3,2764.2
2025-01-10,Chocolate 250g,Despensa,3,8522.77
2025-01-10,Detergente 500g,Aseo,2,6761.48
2025-01-10,Frijol 500g,Granos,3,5261.79
2025-01-10,Galletas Chocolate,Snacks,5,3675.41
2025-01-10,Gaseosa Cola 400ml,Bebidas,15,3050.17
2025-01-10,Gaseosa Manzana 400ml,Bebidas,11,2793.71
2025-01-10,Harina Trigo 1kg,Despensa,1,4122.2
2025-01-10,Huevos x30,Despensa,3,16662.53
2025-01-10,Jabon Barra,Aseo,3,3209.2
2025-01-10,Jugo Mango 300ml,Bebidas,9,3328.73
2025-01-10,Leche Entera 900ml,Lacteos,7,4081.83
2025-01-10,Lenteja 500g,Granos,5,4882.35
2025-01-10,Mani 50g,Snacks,3,2472.16
2025-01-10,Pan Blandito x5,Panaderia,3,3055.83
2025-01-10,Pan Tajado 500g,Panaderia,3,5909.44
2025-01-10,Papas 30g,Snacks,9,2474.12
2025-01-10,Papel Higienico x4,Aseo,1,9589.29
2025-01-10,Queso Campesino 250g,Lacteos,8,6317.06
2025-01-10,Sal 500g,Despensa,1,1811.06
2025-01-10,Yogurt Fresa 200ml,Lacteos,3,2515.39
2025-01-11,Aceite 1L,Despensa,3,16055.94
2025-01-11,Agua 600ml,Bebidas,10,2102.72
2025-01-11,Arroz 1kg,Despensa,2,4515.1
2025-01-11,Azucar 1kg,Despensa,3,4946.48
2025-01-11,Bebida Energetica 250ml,Bebidas,4,4599.66
2025-01-11,Cafe Molido 250g,Despensa,3,9434.35
2025-01-11,Cerveza Sixpack,Bebidas,4,14709.31
2025-01-11,Chitos 40g,Snacks,6,2574.56
2025-01-11,Chocolate 250g,Despensa,3,8334.7
2025-01-11,Detergente 500g,Aseo,2,6959.43
2025-01-11,Frijol 500g,Granos,1,5414.92
2025-01-11,Galletas Chocolate,Snacks,4,3517.71
2025-01-11,Gaseosa Cola 400ml,Bebidas,19,3008.36
2025-01-11,Gaseosa Manzana 400ml,Bebidas,6,2762.59
2025-01-11,Harina Trigo 1kg,Despensa,1,4233.23
2025-01-11,Huevos x30,Despensa,7,15919.09
2025-01-11,Jugo Mango 300ml,Bebidas,4,3207.73
2025-01-11,Leche Entera 900ml,Lacteos,10,4318.77
2025-01-11,Lenteja 500g,Granos,2,4915.03
2025-01-11,Mani 50g,Snacks,8,3114.58
2025-01-11,Pan Blandito x5,Panaderia,5,3212.85
2025-01-11,Pan Tajado 500g,Panaderia,5,6330.3
2025-01-11,Papas 30g,Snacks,11,2540.22
2025-01-11,Queso Campesino 250g,Lacteos,3,7788.69
2025-01-11,Sal 500g,Despensa,10,1595.32
2025-01-11,Yogurt Fresa 200ml,Lacteos,9,2612.28
2025-01-12,Aceite 1L,Despensa,1,15178.92
2025-01-12,Agua 600ml,Bebidas,8,2127.33
2025-01-12,Arroz 1kg,Despensa,5,4575.03
2025-01-12,Azucar 1kg,Despensa,6,4700.99
2025-01-12,Bebida Energetica 250ml,Bebidas,3,4551.24
2025-01-12,Cafe Molido 250g,Despensa,4,8796.31
2025-01-12,Cerveza Sixpack,Bebidas,6,14167.52
2025-01-12,Chitos 40g,Snacks,7,2591.58
2025-01-12,Detergente 500g,Aseo,4,6816.56
2025-01-12,Frijol 500g,Granos,1,5475.89
2025-01-12,Galletas Chocolate,Snacks,5,3646.14
2025-01-12,Gaseosa Cola 400ml,Bebidas,15,3008.91
2025-01-12,Gaseosa Manzana 400ml,Bebidas,17,2867.98
2025-01-12,Harina Trigo 1kg,Despensa,3,4262.44
2025-01-12,Huevos x30,Despensa,3,17475.95
2025-01-12,Jugo Mango 300ml,Bebidas,10,3160.96
2025-01-12,Leche Entera 900ml,Lacteos,12,3925.41
2025-01-12,Lenteja 500g,Granos,3,5071.93
2025-01-12,Mani 50g,Snacks,6,2997.13
2025-01-12,Pan Blandito x5,Panaderia,5,3306.35
2025-01-12,Pan Tajado 500g,Panaderia,3,5980.04
2025-01-12,Papas 30g,Snacks,15,2325.0
2025-01-12,Papel Higienico x4,Aseo,1,8912.27
2025-01-12,Queso Campesino 250g,Lacteos,3,7601.19
2025-01-12,Yogurt Fresa 200ml,Lacteos,5,2649.42
2025-01-13,Aceite 1L,Despensa,1,15918.56
2025-01-13,Agua 600ml,Bebidas,9,2048.05
2025-01-13,Arroz 1kg,Despensa,6,4642.58
2025-01-13,Azucar 1kg,Despensa,4,4763.77
2025-01-13,Bebida Energetica 250ml,Bebidas,1,4559.2
2025-01-13,Cafe Molido 250g,Despensa,3,9248.82
2025-01-13,Cerveza Sixpack,Bebidas,4,14686.07
2025-01-13,Chocolate 250g,Despensa,2,8531.29
2025-01-13,Detergente 500g,Aseo,2,6544.49
2025-01-13,Frijol 500g,Granos,2,5266.73
2025-01-13,Galletas Chocolate,Snacks,7,3504.75
2025-01-13,Gaseosa Cola 400ml,Bebidas,12,2790.73
2025-01-13,Gaseosa Manzana 400ml,Bebidas,10,2807.94
2025-01-13,Harina Trigo 1kg,Despensa,2,4238.87
2025-01-13,Huevos x30,Despensa,1,15820.71
2025-01-13,Jabon Barra,Aseo,2,3102.12
2025-01-13,Jugo Mango 300ml,Bebidas,7,3433.83
2025-01-13,Leche Entera 900ml,Lacteos,6,4245.7
2025-01-13,Lenteja 500g,Granos,3,4734.79
2025-01-13,Mani 50g,Snacks,3,3112.05
2025-01-13,Pan Blandito x5,Panaderia,1,3237.38
2025-01-13,Pan Tajado 500g,Panaderia,1,5888.63
2025-01-13,Papas 30g,Snacks,6,2710.02
2025-01-13,Papel Higienico x4,Aseo,3,9036.21
2025-01-13,Queso Campesino 250g,Lacteos,6,8186.45
2025-01-13,Sal 500g,Despensa,1,1982.71
2025-01-13,Yogurt Fresa 200ml,Lacteos,6,2440.27
2025-01-14,Aceite 1L,Despensa,6,16291.07
2025-01-14,Agua 600ml,Bebidas,8,2267.77
2025-01-14,Arroz 1kg,Despensa,5,4643.55
2025-01-14,Azucar 1kg,Despensa,2,5043.35
2025-01-14,Bebida Energetica 250ml,Bebidas,5,4600.81
2025-01-14,Cafe Molido 250g,Despensa,1,9028.95
2025-01-14,Cerveza Sixpack,Bebidas,2,14376.18
2025-01-14,Chitos 40g,Snacks,2,2869.45
2025-01-14,Frijol 500g,Granos,3,5408.98
2025-01-14,Galletas Chocolate,Snacks,6,3613.7
2025-01-14,Gaseosa Cola 400ml,Bebidas,10,2987.42
2025-01-14,Gaseosa Manzana 400ml,Bebidas,9,2703.22
2025-01-14,Harina Trigo 1kg,Despensa,4,4086.9
2025-01-14,Huevos x30,Despensa,8,14677.41
2025-01-14,Jabon Barra,Aseo,3,3396.72
2025-01-14,Jugo Mango 300ml,Bebidas,5,3281.09
2025-01-14,Leche Entera 900ml,Lacteos,3,4134.42
2025-01-14,Lenteja 500g,Granos,1,4813.46
2025-01-14,Mani 50g,Snacks,10,3105.82
2025-01-14,Pan Blandito x5,Panaderia,1,3212.26
2025-01-14,Pan Tajado 500g,Panaderia,4,5621.2
2025-01-14,Papas 30g,Snacks,9,2632.25
2025-01-14,Papel Higienico x4,Aseo,1,9287.2
2025-01-14,Queso Campesino 250g,Lacteos,1,7864.83
2025-01-14,Sal 500g,Despensa,3,1988.92
2025-01-14,Yogurt Fresa 200ml,Lacteos,6,2444.3
2025-01-15,Aceite 1L,Despensa,3,15881.48
2025-01-15,Agua 600ml,Bebidas,8,2101.18
2025-01-15,Arroz 1kg,Despensa,6,4780.19
2025-01-15,Azucar 1kg,Despensa,7,4749.58
2025-01-15,Bebida Energetica 250ml,Bebidas,3,4304.31
2025-01-15,Cafe Molido 250g,Despensa,1,8136.22
2025-01-15,Cerveza Sixpack,Bebidas,2,15474.82
2025-01-15,Chitos 40g,Snacks,5,2813.1
2025-01-15,Detergente 500g,Aseo,2,6629.65
2025-01-15,Frijol 500g,Granos,1,5302.15
2025-01-15,Galletas Chocolate,Snacks,6,3715.57
2025-01-15,Gaseosa Cola 400ml,Bebidas,5,2887.27
2025-01-15,Gaseosa Manzana 400ml,Bebidas,21,2401.58
2025-01-15,Harina Trigo 1kg,Despensa,3,4204.61
2025-01-15,Huevos x30,Despensa,3,16536.1
2025-01-15,Jabon Barra,Aseo,2,3159.5
2025-01-15,Jugo Mango 300ml,Bebidas,12,3428.11
2025-01-15,Leche Entera 900ml,Lacteos,7,4300.68
2025-01-15,Lenteja 500g,Granos,1,5123.14
2025-01-15,Mani 50g,Snacks,3,3015.91
2025-01-15,Pan Blandito x5,Panaderia,5,3069.88
2025-01-15,Pan Tajado 500g,Panaderia,8,5930.08
2025-01-15,Papas 30g,Snacks,2,2516.84
2025-01-15,Papel Higienico x4,Aseo,3,9258.12
2025-01-15,Queso Campesino 250g,Lacteos,3,7933.27
2025-01-15,Sal 500g,Despensa,7,1931.87
2025-01-15,Yogurt Fresa 200ml,Lacteos,9,2763.69
2025-01-16,Aceite 1L,Despensa,3,15954.56
2025-01-16,Agua 600ml,Bebidas,7,2156.07
2025-01-16,Arroz 1kg,Despensa,6,4566.78
2025-01-16,Azucar 1kg,Despensa,3,5130.28
2025-01-16,Bebida Energetica 250ml,Bebidas,2,4520.47
2025-01-16,Cafe Molido 250g,Despensa,5,9039.06
2025-01-16,Cerveza Sixpack,Bebidas,4,14827.33
2025-01-16,Chitos 40g,Snacks,1,2649.37
2025-01-16,Chocolate 250g,Despensa,1,8869.21
2025-01-16,Frijol 500g,Granos,1,5402.44
2025-01-16,Galletas Chocolate,Snacks,4,3758.38
2025-01-16,Gaseosa Cola 400ml,Bebidas,9,2374.98
2025-01-16,Gaseosa Manzana 400ml,Bebidas,16,3015.12
2025-01-16,Harina Trigo 1kg,Despensa,3,4072.05
2025-01-16,Huevos x30,Despensa,5,16532.06
2025-01-16,Jabon Barra,Aseo,1,3194.49
2025-01-16,Jugo Mango 300ml,Bebidas,6,3338.73
2025-01-16,Leche Entera 900ml,Lacteos,10,4239.35
2025-01-16,Lenteja 500g,Granos,3,4778.19
2025-01-16,Mani 50g,Snacks,4,3085.85
2025-01-16,Pan Blandito x5,Panaderia,11,2873.46
2025-01-16,Pan Tajado 500g,Panaderia,4,5881.32
2025-01-16,Papas 30g,Snacks,9,2625.71
2025-01-16,Papel Higienico x4,Aseo,1,9023.85
2025-01-16,Queso Campesino 250g,Lacteos,4,8182.46
2025-01-16,Sal 500g,Despensa,2,1829.27
2025-01-16,Yogurt Fresa 200ml,Lacteos,8,2351.75
2025-01-17,Aceite 1L,Despensa,2,16159.64
2025-01-17,Agua 600ml,Bebidas,6,2051.13
2025-01-17,Arroz 1kg,Despensa,6,5122.04
2025-01-17,Azucar 1kg,Despensa,4,4794.86
2025-01-17,Bebida Energetica 250ml,Bebidas,6,3732.34
2025-01-17,Cafe Molido 250g,Despensa,2,9918.23
2025-01-17,Cerveza Sixpack,Bebidas,7,14809.35
2025-01-17,Chitos 40g,Snacks,7,2585.82
2025-01-17,Detergente 500g,Aseo,1,6849.21
2025-01-17,Frijol 500g,Granos,1,5168.72
2025-01-17,Galletas Chocolate,Snacks,2,3738.88
2025-01-17,Gaseosa Cola 400ml,Bebidas,15,2965.4
2025-01-17,Gaseosa Manzana 400ml,Bebidas,12,2838.78
2025-01-17,Harina Trigo 1kg,Despensa,3,4240.38
2025-01-17,Jabon Barra,Aseo,1,3300.1
2025-01-17,Jugo Mango 300ml,Bebidas,19,3086.66
2025-01-17,Leche Entera 900ml,Lacteos,5,4144.78
2025-01-17,Lenteja 500g,Granos,5,5088.73
2025-01-17,Mani 50g,Snacks,2,3030.58
2025-01-17,Pan Blandito x5,Panaderia,5,3265.05
2025-01-17,Pan Tajado 500g,Panaderia,11,5136.99
2025-01-17,Papas 30g,Snacks,11,2642.96
2025-01-17,Papel Higienico x4,Aseo,2,9490.74
2025-01-17,Queso Campesino 250g,Lacteos,7,7693.78
2025-01-17,Sal 500g,Despensa,3,1813.09
2025-01-17,Yogurt Fresa 200ml,Lacteos,10,2602.56
2025-01-18,Aceite 1L,Despensa,1,15938.24
2025-01-18,Agua 600ml,Bebidas,6,2028.98
2025-01-18,Arroz 1kg,Despensa,2,4702.04
2025-01-18,Azucar 1kg,Despensa,5,4898.21
2025-01-18,Bebida Energetica 250ml,Bebidas,3,4573.06
2025-01-18,Cerveza Sixpack,Bebidas,11,14907.28
2025-01-18,Chitos 40g,Snacks,8,2655.96
2025-01-18,Chocolate 250g,Despensa,1,8275.93
2025-01-18,Detergente 500g,Aseo,3,6741.8
2025-01-18,Frijol 500g,Granos,2,5023.26
2025-01-18,Galletas Chocolate,Snacks,6,3432.57
2025-01-18,Gaseosa Cola 400ml,Bebidas,16,2949.67
2025-01-18,Gaseosa Manzana 400ml,Bebidas,16,2679.79
2025-01-18,Huevos x30,Despensa,2,16902.9
2025-01-18,Jugo Mango 300ml,Bebidas,10,3238.6
2025-01-18,Leche Entera 900ml,Lacteos,7,4181.29
2025-01-18,Mani 50g,Snacks,4,2999.37
2025-01-18,Pan Blandito x5,Panaderia,5,3129.59
2025-01-18,Pan Tajado 500g,Panaderia,4,5691.32
2025-01-18,Papas 30g,Snacks,9,2615.85
2025-01-18,Queso Campesino 250g,Lacteos,5,6548.04
2025-01-18,Sal 500g,Despensa,3,1856.66
2025-01-18,Yogurt Fresa 200ml,Lacteos,8,2097.37
2025-01-19,Aceite 1L,Despensa,2,14863.61
2025-01-19,Agua 600ml,Bebidas,19,1799.53
2025-01-19,Arroz 1kg,Despensa,7,4827.75
2025-01-19,Azucar 1kg,Despensa,5,4630.63
2025-01-19,Bebida Energetica 250ml,Bebidas,3,4660.04
2025-01-19,Cafe Molido 250g,Despensa,4,9168.16
2025-01-19,Cerveza Sixpack,Bebidas,6,14238.75
2025-01-19,Chitos 40g,Snacks,7,2687.49
2025-01-19,Chocolate 250g,Despensa,1,8512.02
2025-01-19,Detergente 500g,Aseo,4,6842.91
2025-01-19,Frijol 500g,Granos,1,5232.38
2025-01-19,Galletas Chocolate,Snacks,4,3432.94
2025-01-19,Gaseosa Cola 400ml,Bebidas,18,2844.77
2025-01-19,Gaseosa Manzana 400ml,Bebidas,9,2938.53
2025-01-19,Harina Trigo 1kg,Despensa,3,4304.13
2025-01-19,Jabon Barra,Aseo,3,3133.55
2025-01-19,Jugo Mango 300ml,Bebidas,6,3354.72
2025-01-19,Leche Entera 900ml,Lacteos,11,4172.51
2025-01-19,Lenteja 500g,Granos,1,5026.25
2025-01-19,Mani 50g,Snacks,5,2804.72
2025-01-19,Pan Blandito x5,Panaderia,4,3050.5
2025-01-19,Pan Tajado 500g,Panaderia,7,6075.94
2025-01-19,Papas 30g,Snacks,12,2510.07
2025-01-19,Papel Higienico x4,Aseo,1,9582.51
2025-01-19,Queso Campesino 250g,Lacteos,1,7515.82
2025-01-19,Sal 500g,Despensa,2,1906.88
2025-01-19,Yogurt Fresa 200ml,Lacteos,8,2558.32
2025-01-20,Aceite 1L,Despensa,4,15869.39
2025-01-20,Agua 600ml,Bebidas,8,2089.49
2025-01-20,Arroz 1kg,Despensa,6,4658.02
2025-01-20,Azucar 1kg,Despensa,4,4734.3
2025-01-20,Bebida Energetica 250ml,Bebidas,2,4531.12
2025-01-20,Cafe Molido 250g,Despensa,1,8738.23
2025-01-20,Cerveza Sixpack,Bebidas,7,14578.85
2025-01-20,Chitos 40g,Snacks,7,2763.78
2025-01-20,Chocolate 250g,Despensa,2,8809.06
2025-01-20,Detergente 500g,Aseo,5,6148.2
2025-01-20,Frijol 500g,Granos,2,5005.24
2025-01-20,Galletas Chocolate,Snacks,6,3594.75
2025-01-20,Gaseosa Cola 400ml,Bebidas,12,2993.96
2025-01-20,Gaseosa Manzana 400ml,Bebidas,4,2891.51
2025-01-20,Huevos x30,Despensa,3,16302.2
2025-01-20,Jabon Barra,Aseo,6,3237.29
2025-01-20,Jugo Mango 300ml,Bebidas,12,3311.38
2025-01-20,Leche Entera 900ml,Lacteos,7,4110.99
2025-01-20,Lenteja 500g,Granos,4,4920.18
2025-01-20,Mani 50g,Snacks,3,3027.33
2025-01-20,Pan Blandito x5,Panaderia,5,3082.51
2025-01-20,Pan Tajado 500g,Panaderia,6,5520.35
2025-01-20,Papas 30g,Snacks,10,2723.82
2025-01-20,Papel Higienico x4,Aseo,1,9250.97
2025-01-20,Queso Campesino 250g,Lacteos,4,8126.37
2025-01-20,Sal 500g,Despensa,1,1866.0
2025-01-20,Yogurt Fresa 200ml,Lacteos,7,2579.32
2025-01-21,Aceite 1L,Despensa,3,14545.44
2025-01-21,Agua 600ml,Bebidas,9,1977.87
2025-01-21,Arroz 1kg,Despensa,4,4516.75
2025-01-21,Azucar 1kg,Despensa,2,4660.08
2025-01-21,Bebida Energetica 250ml,Bebidas,7,4650.43
2025-01-21,Cafe Molido 250g,Despensa,1,8983.66
2025-01-21,Cerveza Sixpack,Bebidas,3,14040.19
2025-01-21,Chitos 40g,Snacks,2,2648.49
2025-01-21,Chocolate 250g,Despensa,3,8363.62
2025-01-21,Detergente 500g,Aseo,2,6722.4
2025-01-21,Frijol 500g,Granos,4,5111.18
2025-01-21,Galletas Chocolate,Snacks,2,3689.26
2025-01-21,Gaseosa Cola 400ml,Bebidas,14,2921.8
2025-01-21,Gaseosa Manzana 400ml,Bebidas,13,2807.81
2025-01-21,Harina Trigo 1kg,Despensa,1,4449.23
2025-01-21,Huevos x30,Despensa,4,16839.86
2025-01-21,Jabon Barra,Aseo,1,3257.12
2025-01-21,Jugo Mango 300ml,Bebidas,6,3453.92
2025-01-21,Leche Entera 900ml,Lacteos,18,3846.71
2025-01-21,Lenteja 500g,Granos,2,4158.33
2025-01-21,Mani 50g,Snacks,2,3019.43
2025-01-21,Pan Blandito x5,Panaderia,5,3230.07
2025-01-21,Pan Tajado 500g,Panaderia,5,5749.84
2025-01-21,Papas 30g,Snacks,10,2711.66
2025-01-21,Papel Higienico x4,Aseo,1,9460.69
2025-01-21,Queso Campesino 250g,Lacteos,1,7288.53
2025-01-21,Sal 500g,Despensa,1,1985.62
2025-01-21,Yogurt Fresa 200ml,Lacteos,7,2422.96
2025-01-22,Aceite 1L,Despensa,5,15478.43
2025-01-22,Agua 600ml,Bebidas,5,1941.68
2025-01-22,Arroz 1kg,Despensa,5,4674.78
2025-01-22,Azucar 1kg,Despensa,2,4563.87
2025-01-22,Bebida Energetica 250ml,Bebidas,3,3707.47
2025-01-22,Cafe Molido 250g,Despensa,4,9361.46
2025-01-22,Cerveza Sixpack,Bebidas,4,14915.5
2025-01-22,Chitos 40g,Snacks,7,2220.24
2025-01-22,Detergente 500g,Aseo,4,6654.12
2025-01-22,Frijol 500g,Granos,2,5168.4
2025-01-22,Galletas Chocolate,Snacks,5,3640.0
2025-01-22,Gaseosa Cola 400ml,Bebidas,12,2762.76
2025-01-22,Gaseosa Manzana 400ml,Bebidas,12,2813.41
2025-01-22,Huevos x30,Despensa,5,15618.38
2025-01-22,Jugo Mango 300ml,Bebidas,11,3066.48
2025-01-22,Leche Entera 900ml,Lacteos,3,4306.57
2025-01-22,Lenteja 500g,Granos,1,4955.19
2025-01-22,Mani 50g,Snacks,6,3010.66
2025-01-22,Pan Blandito x5,Panaderia,2,3049.9
2025-01-22,Pan Tajado 500g,Panaderia,1,6131.51
2025-01-22,Papas 30g,Snacks,14,2608.34
2025-01-22,Papel Higienico x4,Aseo,2,9512.55
2025-01-22,Queso Campesino 250g,Lacteos,6,6744.08
2025-01-22,Sal 500g,Despensa,4,1942.28
2025-01-22,Yogurt Fresa 200ml,Lacteos,9,2556.15
2025-01-23,Aceite 1L,Despensa,1,15222.54
2025-01-23,Agua 600ml,Bebidas,8,2158.27
2025-01-23,Azucar 1kg,Despensa,6,4546.73
2025-01-23,Bebida Energetica 250ml,Bebidas,8,3992.74
2025-01-23,Cafe Molido 250g,Despensa,3,9360.44
2025-01-23,Cerveza Sixpack,Bebidas,5,15347.39
2025-01-23,Chitos 40g,Snacks,5,2665.26
2025-01-23,Chocolate 250g,Despensa,3,7221.86
2025-01-23,Detergente 500g,Aseo,1,6692.66
2025-01-23,Frijol 500g,Granos,2,5025.11
2025-01-23,Galletas Chocolate,Snacks,5,3459.69
2025-01-23,Gaseosa Cola 400ml,Bebidas,11,2903.7
2025-01-23,Gaseosa Manzana 400ml,Bebidas,10,2741.41
2025-01-23,Harina Trigo 1kg,Despensa,2,4270.81
2025-01-23,Huevos x30,Despensa,5,16820.86
2025-01-23,Jabon Barra,Aseo,2,3338.7
2025-01-23,Jugo Mango 300ml,Bebidas,10,2821.8
2025-01-23,Leche Entera 900ml,Lacteos,4,3884.79
2025-01-23,Mani 50g,Snacks,6,2661.25
2025-01-23,Pan Blandito x5,Panaderia,1,3153.27
2025-01-23,Papas 30g,Snacks,7,2735.37
2025-01-23,Queso Campesino 250g,Lacteos,4,7417.33
2025-01-23,Sal 500g,Despensa,2,1874.88
2025-01-23,Yogurt Fresa 200ml,Lacteos,5,2743.13
2025-01-24,Aceite 1L,Despensa,2,16406.32
2025-01-24,Agua 600ml,Bebidas,9,1954.05
2025-01-24,Arroz 1kg,Despensa,10,4803.31
2025-01-24,Azucar 1kg,Despensa,4,3895.26
2025-01-24,Bebida Energetica 250ml,Bebidas,3,4164.33
2025-01-24,Cerveza Sixpack,Bebidas,12,12281.81
2025-01-24,Chitos 40g,Snacks,6,2781.88
2025-01-24,Chocolate 250g,Despensa,1,8266.48
2025-01-24,Detergente 500g,Aseo,4,6476.34
2025-01-24,Frijol 500g,Granos,2,5796.39
2025-01-24,Galletas Chocolate,Snacks,7,3519.38
2025-01-24,Gaseosa Cola 400ml,Bebidas,9,2714.49
2025-01-24,Gaseosa Manzana 400ml,Bebidas,8,2809.47
2025-01-24,Harina Trigo 1kg,Despensa,2,4012.98
2025-01-24,Huevos x30,Despensa,1,16907.58
2025-01-24,Jabon Barra,Aseo,1,3090.44
2025-01-24,Jugo Mango 300ml,Bebidas,14,3323.18
2025-01-24,Leche Entera 900ml,Lacteos,6,4326.98
2025-01-24,Mani 50g,Snacks,9,3081.66
2025-01-24,Pan Blandito x5,Panaderia,8,3229.81
2025-01-24,Pan Tajado 500g,Panaderia,7,5869.75
2025-01-24,Papas 30g,Snacks,7,2547.41
2025-01-24,Papel Higienico x4,Aseo,3,8947.96
2025-01-24,Queso Campesino 250g,Lacteos,6,8235.5
2025-01-24,Sal 500g,Despensa,3,1883.91
2025-01-24,Yogurt Fresa 200ml,Lacteos,8,2439.3
2025-01-25,Aceite 1L,Despensa,1,16795.7
2025-01-25,Agua 600ml,Bebidas,9,2037.08
2025-01-25,Arroz 1kg,Despensa,4,4839.16
2025-01-25,Bebida Energetica 250ml,Bebidas,5,4380.05
2025-01-25,Cafe Molido 250g,Despensa,4,8859.94
2025-01-25,Cerveza Sixpack,Bebidas,6,15018.59
2025-01-25,Chitos 40g,Snacks,7,2494.3
2025-01-25,Chocolate 250g,Despensa,2,8320.68
2025-01-25,Detergente 500g,Aseo,1,6546.25
2025-01-25,Galletas Chocolate,Snacks,9,3729.28
2025-01-25,Gaseosa Cola 400ml,Bebidas,16,2926.51
2025-01-25,Gaseosa Manzana 400ml,Bebidas,17,2723.03
2025-01-25,Harina Trigo 1kg,Despensa,2,4161.13
2025-01-25,Huevos x30,Despensa,2,17527.92
2025-01-25,Jabon Barra,Aseo,1,3238.49
2025-01-25,Jugo Mango 300ml,Bebidas,10,3257.54
2025-01-25,Leche Entera 900ml,Lacteos,8,4327.92
2025-01-25,Lenteja 500g,Granos,1,4799.35
2025-01-25,Mani 50g,Snacks,5,2787.16
2025-01-25,Pan Blandito x5,Panaderia,8,3185.94
2025-01-25,Pan Tajado 500g,Panaderia,1,6033.64
2025-01-25,Papas 30g,Snacks,7,2631.67
2025-01-25,Papel Higienico x4,Aseo,2,8771.77
2025-01-25,Queso Campesino 250g,Lacteos,5,8063.86
2025-01-25,Yogurt Fresa 200ml,Lacteos,9,2551.15
2025-01-26,Aceite 1L,Despensa,1,16371.97
2025-01-26,Agua 600ml,Bebidas,9,2247.4
2025-01-26,Arroz 1kg,Despensa,3,5087.21
2025-01-26,Azucar 1kg,Despensa,3,4932.08
2025-01-26,Bebida Energetica 250ml,Bebidas,3,4339.08
2025-01-26,Cafe Molido 250g,Despensa,1,9174.19
2025-01-26,Chitos 40g,Snacks,5,2717.01
2025-01-26,Chocolate 250g,Despensa,1,8499.33
2025-01-26,Detergente 500g,Aseo,2,6861.1
2025-01-26,Frijol 500g,Granos,1,5007.23
2025-01-26,Galletas Chocolate,Snacks,4,3605.86
2025-01-26,Gaseosa Cola 400ml,Bebidas,11,2892.81
2025-01-26,Gaseosa Manzana 400ml,Bebidas,9,2829.44
2025-01-26,Harina Trigo 1kg,Despensa,2,3987.04
2025-01-26,Huevos x30,Despensa,7,13995.98
2025-01-26,Jabon Barra,Aseo,1,3299.41
2025-01-26,Jugo Mango 300ml,Bebidas,8,3182.37
2025-01-26,Leche Entera 900ml,Lacteos,7,4054.81
2025-01-26,Lenteja 500g,Granos,3,5191.7
2025-01-26,Mani 50g,Snacks,3,2949.31
2025-01-26,Pan Blandito x5,Panaderia,6,2745.35
2025-01-26,Pan Tajado 500g,Panaderia,6,5676.49
2025-01-26,Papas 30g,Snacks,16,2470.19
2025-01-26,Papel Higienico x4,Aseo,1,7322.39
2025-01-26,Queso Campesino 250g,Lacteos,2,7068.64
2025-01-26,Yogurt Fresa 200ml,Lacteos,3,2491.19
2025-01-27,Agua 600ml,Bebidas,8,2111.83
2025-01-27,Arroz 1kg,Despensa,8,4993.08
2025-01-27,Azucar 1kg,Despensa,2,4675.54
2025-01-27,Bebida Energetica 250ml,Bebidas,5,4503.06
2025-01-27,Cerveza Sixpack,Bebidas,2,14867.05
2025-01-27,Chitos 40g,Snacks,3,2845.99
2025-01-27,Chocolate 250g,Despensa,1,8388.67
2025-01-27,Detergente 500g,Aseo,1,7023.37
2025-01-27,Frijol 500g,Granos,4,5098.45
2025-01-27,Galletas Chocolate,Snacks,5,3499.49
2025-01-27,Gaseosa Cola 400ml,Bebidas,16,2762.88
2025-01-27,Gaseosa Manzana 400ml,Bebidas,10,2885.36
2025-01-27,Harina Trigo 1kg,Despensa,2,4347.74
2025-01-27,Huevos x30,Despensa,1,16598.37
2025-01-27,Jabon Barra,Aseo,2,3113.28
2025-01-27,Jugo Mango 300ml,Bebidas,5,3255.15
2025-01-27,Leche Entera 900ml,Lacteos,6,4465.34
2025-01-27,Lenteja 500g,Granos,3,4817.96
2025-01-27,Mani 50g,Snacks,8,2935.68
2025-01-27,Pan Blandito x5,Panaderia,4,2903.49
2025-01-27,Pan Tajado 500g,Panaderia,5,5725.82
2025-01-27,Papas 30g,Snacks,11,2615.46
2025-01-27,Papel Higienico x4,Aseo,1,9503.21
2025-01-27,Queso Campesino 250g,Lacteos,1,7493.32
2025-01-27,Sal 500g,Despensa,2,1897.87
2025-01-27,Yogurt Fresa 200ml,Lacteos,6,2751.55
2025-01-28,Aceite 1L,Despensa,1,14862.33
2025-01-28,Agua 600ml,Bebidas,11,2221.39
2025-01-28,Arroz 1kg,Despensa,4,3929.74
2025-01-28,Azucar 1kg,Despensa,1,4506.6
2025-01-28,Bebida Energetica 250ml,Bebidas,2,4495.57
2025-01-28,Cafe Molido 250g,Despensa,1,7705.73
2025-01-28,Cerveza Sixpack,Bebidas,1,14049.78
2025-01-28,Chitos 40g,Snacks,11,2628.52
2025-01-28,Chocolate 250g,Despensa,2,8764.46
2025-01-28,Frijol 500g,Granos,1,4965.79
2025-01-28,Galletas Chocolate,Snacks,3,3691.71
2025-01-28,Gaseosa Cola 400ml,Bebidas,14,3075.04
2025-01-28,Gaseosa Manzana 400ml,Bebidas,8,2862.62
2025-01-28,Huevos x30,Despensa,4,16977.43
2025-01-28,Jabon Barra,Aseo,1,3296.68
2025-01-28,Jugo Mango 300ml,Bebidas,4,3375.16
2025-01-28,Leche Entera 900ml,Lacteos,5,4154.42
2025-01-28,Lenteja 500g,Granos,4,4900.81
2025-01-28,Mani 50g,Snacks,4,2892.76
2025-01-28,Pan Blandito x5,Panaderia,6,3375.61
2025-01-28,Pan Tajado 500g,Panaderia,7,6075.31
2025-01-28,Papas 30g,Snacks,17,2292.27
2025-01-28,Papel Higienico x4,Aseo,1,9420.94
2025-01-28,Queso Campesino 250g,Lacteos,4,7713.15
2025-01-28,Sal 500g,Despensa,3,1957.88
2025-01-28,Yogurt Fresa 200ml,Lacteos,5,2237.22
2025-01-29,Aceite 1L,Despensa,1,14888.07
2025-01-29,Agua 600ml,Bebidas,8,2106.75
2025-01-29,Arroz 1kg,Despensa,4,4504.66
2025-01-29,Azucar 1kg,Despensa,3,4753.49
2025-01-29,Bebida Energetica 250ml,Bebidas,5,4328.39
2025-01-29,Cafe Molido 250g,Despensa,3,9405.52
2025-01-29,Cerveza Sixpack,Bebidas,5,14074.25
2025-01-29,Chitos 40g,Snacks,5,2784.49
2025-01-29,Chocolate 250g,Despensa,1,8324.32
2025-01-29,Frijol 500g,Granos,1,5242.97
2025-01-29,Galletas Chocolate,Snacks,4,3589.95
2025-01-29,Gaseosa Cola 400ml,Bebidas,14,2872.34
2025-01-29,Gaseosa Manzana 400ml,Bebidas,7,2829.0
2025-01-29,Harina Trigo 1kg,Despensa,2,4199.78
2025-01-29,Huevos x30,Despensa,2,16192.54
2025-01-29,Jabon Barra,Aseo,2,3326.76
2025-01-29,Jugo Mango 300ml,Bebidas,10,3187.15
2025-01-29,Leche Entera 900ml,Lacteos,14,3983.25
2025-01-29,Lenteja 500g,Granos,1,4181.7
2025-01-29,Mani 50g,Snacks,3,3064.89
2025-01-29,Pan Blandito x5,Panaderia,4,3329.9
2025-01-29,Pan Tajado 500g,Panaderia,4,6385.07
2025-01-29,Papas 30g,Snacks,12,2500.47
2025-01-29,Queso Campesino 250g,Lacteos,5,7801.63
2025-01-29,Sal 500g,Despensa,1,1863.76
2025-01-29,Yogurt Fresa 200ml,Lacteos,8,2696.04
2025-01-30,Aceite 1L,Despensa,3,15440.98
2025-01-30,Agua 600ml,Bebidas,8,2112.39
2025-01-30,Arroz 1kg,Despensa,4,4283.62
2025-01-30,Azucar 1kg,Despensa,2,4894.5
2025-01-30,Bebida Energetica 250ml,Bebidas,1,4341.62
2025-01-30,Cafe Molido 250g,Despensa,3,9024.5
2025-01-30,Cerveza Sixpack,Bebidas,1,13042.86
2025-01-30,Chitos 40g,Snacks,8,2621.87
2025-01-30,Chocolate 250g,Despensa,2,7789.39
2025-01-30,Detergente 500g,Aseo,2,6994.06
2025-01-30,Frijol 500g,Granos,1,4955.21
2025-01-30,Galletas Chocolate,Snacks,1,3436.72
2025-01-30,Gaseosa Cola 400ml,Bebidas,9,2823.75
2025-01-30,Gaseosa Manzana 400ml,Bebidas,13,2755.48
2025-01-30,Harina Trigo 1kg,Despensa,3,4266.96
2025-01-30,Huevos x30,Despensa,3,16624.92
2025-01-30,Jabon Barra,Aseo,3,3353.54
2025-01-30,Jugo Mango 300ml,Bebidas,8,3408.86
2025-01-30,Leche Entera 900ml,Lacteos,7,3998.97
2025-01-30,Lenteja 500g,Granos,1,4994.25
2025-01-30,Mani 50g,Snacks,5,2945.28
2025-01-30,Pan Blandito x5,Panaderia,8,3468.6
2025-01-30,Pan Tajado 500g,Panaderia,3,5966.66
2025-01-30,Papas 30g,Snacks,5,2528.22
2025-01-30,Papel Higienico x4,Aseo,1,8918.57
2025-01-30,Queso Campesino 250g,Lacteos,2,7878.13
2025-01-30,Sal 500g,Despensa,4,1950.2
2025-01-30,Yogurt Fresa 200ml,Lacteos,5,2185.49
2025-01-31,Aceite 1L,Despensa,2,15279.83
2025-01-31,Agua 600ml,Bebidas,6,2020.53
2025-01-31,Arroz 1kg,Despensa,4,4935.41
2025-01-31,Azucar 1kg,Despensa,1,4749.96
2025-01-31,Bebida Energetica 250ml,Bebidas,3,4746.18
2025-01-31,Cafe Molido 250g,Despensa,2,9383.29
2025-01-31,Cerveza Sixpack,Bebidas,2,13568.82
2025-01-31,Chitos 40g,Snacks,7,2658.29
2025-01-31,Chocolate 250g,Despensa,3,8681.38
2025-01-31,Detergente 500g,Aseo,3,6708.61
2025-01-31,Frijol 500g,Granos,5,4782.14
2025-01-31,Galletas Chocolate,Snacks,11,3695.77
2025-01-31,Gaseosa Cola 400ml,Bebidas,17,2906.67
2025-01-31,Gaseosa Manzana 400ml,Bebidas,9,2672.58
2025-01-31,Harina Trigo 1kg,Despensa,3,4229.96
2025-01-31,Huevos x30,Despensa,5,15998.85
2025-01-31,Jabon Barra,Aseo,2,3077.1
2025-01-31,Jugo Mango 300ml,Bebidas,16,3320.28
2025-01-31,Leche Entera 900ml,Lacteos,7,4187.83
2025-01-31,Lenteja 500g,Granos,2,4888.49
2025-01-31,Mani 50g,Snacks,4,3057.75
2025-01-31,Pan Blandito x5,Panaderia,5,3165.57
2025-01-31,Pan Tajado 500g,Panaderia,4,5818.29
2025-01-31,Papas 30g,Snacks,14,2671.11
2025-01-31,Papel Higienico x4,Aseo,4,9676.64
2025-01-31,Queso Campesino 250g,Lacteos,4,7964.27
2025-01-31,Sal 500g,Despensa,5,1925.42
2025-01-31,Yogurt Fresa 200ml,Lacteos,8,2638.66
2025-02-01,Aceite 1L,Despensa,1,16591.49
2025-02-01,Agua 600ml,Bebidas,11,2096.69
2025-02-01,Arroz 1kg,Despensa,2,4763.57
2025-02-01,Bebida Energetica 250ml,Bebidas,6,4625.87
2025-02-01,Cafe Molido 250g,Despensa,4,8540.97
2025-02-01,Cerveza Sixpack,Bebidas,6,15020.49
2025-02-01,Chitos 40g,Snacks,6,2555.51
2025-02-01,Chocolate 250g,Despensa,2,8108.2
2025-02-01,Detergente 500g,Aseo,3,5746.74
2025-02-01,Frijol 500g,Granos,1,5188.87
2025-02-01,Galletas Chocolate,Snacks,5,3039.88
2025-02-01,Gaseosa Cola 400ml,Bebidas,15,2909.27
2025-02-01,Gaseosa Manzana 400ml,Bebidas,16,2625.76
2025-02-01,Harina Trigo 1kg,Despensa,6,4518.71
2025-02-01,Huevos x30,Despensa,3,16896.79
2025-02-01,Jabon Barra,Aseo,3,3110.48
2025-02-01,Jugo Mango 300ml,Bebidas,7,3327.35
2025-02-01,Leche Entera 900ml,Lacteos,11,4208.53
2025-02-01,Lenteja 500g,Granos,1,4898.93
2025-02-01,Mani 50g,Snacks,7,2654.16
2025-02-01,Pan Blandito x5,Panaderia,6,3215.51
2025-02-01,Pan Tajado 500g,Panaderia,8,5276.26
2025-02-01,Papas 30g,Snacks,12,2469.68
2025-02-01,Papel Higienico x4,Aseo,4,8598.04
2025-02-01,Queso Campesino 250g,Lacteos,1,8185.76
2025-02-01,Sal 500g,Despensa,1,1852.54
2025-02-01,Yogurt Fresa 200ml,Lacteos,7,2665.39
2025-02-02,Aceite 1L,Despensa,3,14943.03
2025-02-02,Agua 600ml,Bebidas,9,2099.89
2025-02-02,Arroz 1kg,Despensa,2,4804.71
2025-02-02,Azucar 1kg,Despensa,6,4906.82
2025-02-02,Bebida Energetica 250ml,Bebidas,6,4609.13
2025-02-02,Cafe Molido 250g,Despensa,1,8458.53
2025-02-02,Cerveza Sixpack,Bebidas,5,15256.8
2025-02-02,Chitos 40g,Snacks,5,2624.13
2025-02-02,Detergente 500g,Aseo,1,6764.34
2025-02-02,Frijol 500g,Granos,1,5392.14
2025-02-02,Galletas Chocolate,Snacks,7,3504.37
2025-02-02,Gaseosa Cola 400ml,Bebidas,21,3029.99
2025-02-02,Gaseosa Manzana 400ml,Bebidas,12,2729.38
2025-02-02,Harina Trigo 1kg,Despensa,3,3658.8
2025-02-02,Huevos x30,Despensa,4,16338.08
2025-02-02,Jabon Barra,Aseo,3,2830.74
2025-02-02,Jugo Mango 300ml,Bebidas,7,3163.68
2025-02-02,Leche Entera 900ml,Lacteos,8,4243.57
2025-02-02,Lenteja 500g,Granos,1,4703.0
2025-02-02,Mani 50g,Snacks,5,3077.4
2025-02-02,Pan Blandito x5,Panaderia,8,3176.01
2025-02-02,Pan Tajado 500g,Panaderia,5,6000.23
2025-02-02,Papas 30g,Snacks,14,2547.86
2025-02-02,Queso Campesino 250g,Lacteos,2,7915.33
2025-02-02,Sal 500g,Despensa,1,1845.68
2025-02-02,Yogurt Fresa 200ml,Lacteos,6,2625.95
2025-02-03,Aceite 1L,Despensa,4,15415.16
2025-02-03,Agua 600ml,Bebidas,6,2149.58
2025-02-03,Arroz 1kg,Despensa,7,4691.28
2025-02-03,Azucar 1kg,Despensa,2,5212.94
2025-02-03,Bebida Energetica 250ml,Bebidas,6,4620.01
2025-02-03,Cafe Molido 250g,Despensa,1,8792.94
2025-02-03,Cerveza Sixpack,Bebidas,2,15513.8
2025-02-03,Chitos 40g,Snacks,5,2635.15
2025-02-03,Chocolate 250g,Despensa,7,6946.32
2025-02-03,Detergente 500g,Aseo,3,6411.97
2025-02-03,Frijol 500g,Granos,1,4996.24
2025-02-03,Galletas Chocolate,Snacks,6,3475.86
2025-02-03,Gaseosa Cola 400ml,Bebidas,8,2881.29
2025-02-03,Gaseosa Manzana 400ml,Bebidas,10,2422.91
2025-02-03,Harina Trigo 1kg,Despensa,3,4259.67
2025-02-03,Huevos x30,Despensa,2,16161.35
2025-02-03,Jabon Barra,Aseo,2,3302.47
2025-02-03,Jugo Mango 300ml,Bebidas,6,3446.81
2025-02-03,Leche Entera 900ml,Lacteos,6,4047.88
2025-02-03,Lenteja 500g,Granos,1,5283.44
2025-02-03,Mani 50g,Snacks,8,3117.1
2025-02-03,Pan Blandito x5,Panaderia,7,3193.75
2025-02-03,Pan Tajado 500g,Panaderia,4,6063.48
2025-02-03,Papas 30g,Snacks,13,2556.15
2025-02-03,Queso Campesino 250g,Lacteos,4,8048.89
2025-02-03,Yogurt Fresa 200ml,Lacteos,12,2641.01
2025-02-04,Aceite 1L,Despensa,5,16652.07
2025-02-04,Agua 600ml,Bebidas,7,2059.17
2025-02-04,Arroz 1kg,Despensa,7,4568.52
2025-02-04,Azucar 1kg,Despensa,3,4796.62
2025-02-04,Bebida Energetica 250ml,Bebidas,3,4128.88
2025-02-04,Cafe Molido 250g,Despensa,1,9727.87
2025-02-04,Cerveza Sixpack,Bebidas,3,14581.76
2025-02-04,Chitos 40g,Snacks,4,2783.55
2025-02-04,Chocolate 250g,Despensa,1,7936.27
2025-02-04,Detergente 500g,Aseo,3,7092.15
2025-02-04,Frijol 500g,Granos,5,5449.36
2025-02-04,Gaseosa Cola 400ml,Bebidas,14,2943.34
2025-02-04,Gaseosa Manzana 400ml,Bebidas,7,2718.71
2025-02-04,Harina Trigo 1kg,Despensa,2,4199.02
2025-02-04,Huevos x30,Despensa,3,16089.58
2025-02-04,Jabon Barra,Aseo,2,3069.28
2025-02-04,Jugo Mango 300ml,Bebidas,9,3427.92
2025-02-04,Leche Entera 900ml,Lacteos,7,4289.05
2025-02-04,Lenteja 500g,Granos,5,4883.14
2025-02-04,Mani 50g,Snacks,3,3034.81
2025-02-04,Pan Blandito x5,Panaderia,4,2624.58
2025-02-04,Pan Tajado 500g,Panaderia,3,5478.97
2025-02-04,Papas 30g,Snacks,7,2518.09
2025-02-04,Papel Higienico x4,Aseo,4,9515.1
2025-02-04,Queso Campesino 250g,Lacteos,5,7099.69
2025-02-04,Sal 500g,Despensa,6,1709.09
2025-02-04,Yogurt Fresa 200ml,Lacteos,7,2351.17
2025-02-05,Aceite 1L,Despensa,3,16929.17
2025-02-05,Agua 600ml,Bebidas,5,2166.26
2025-02-05,Arroz 1kg,Despensa,4,4584.41
2025-02-05,Azucar 1kg,Despensa,6,4403.73
2025-02-05,Bebida Energetica 250ml,Bebidas,3,4711.89
2025-02-05,Cafe Molido 250g,Despensa,3,9304.39
2025-02-05,Cerveza Sixpack,Bebidas,2,14622.93
2025-02-05,Chitos 40g,Snacks,5,2531.84
2025-02-05,Chocolate 250g,Despensa,2,8383.85
2025-02-05,Detergente 500g,Aseo,1,6801.61
2025-02-05,Frijol 500g,Granos,4,5123.35
2025-02-05,Galletas Chocolate,Snacks,8,3031.56
2025-02-05,Gaseosa Cola 400ml,Bebidas,5,2895.88
2025-02-05,Gaseosa Manzana 400ml,Bebidas,8,2836.35
2025-02-05,Harina Trigo 1kg,Despensa,4,4112.58
2025-02-05,Huevos x30,Despensa,2,16456.26
2025-02-05,Jabon Barra,Aseo,1,3181.43
2025-02-05,Jugo Mango 300ml,Bebidas,5,2897.76
2025-02-05,Leche Entera 900ml,Lacteos,12,3879.99
2025-02-05,Lenteja 500g,Granos,5,5216.12
2025-02-05,Mani 50g,Snacks,4,2919.91
2025-02-05,Pan Tajado 500g,Panaderia,1,5974.08
2025-02-05,Papas 30g,Snacks,18,2203.38
2025-02-05,Papel Higienico x4,Aseo,1,7500.29
2025-02-05,Queso Campesino 250g,Lacteos,3,7772.81
2025-02-05,Sal 500g,Despensa,3,1997.08
2025-02-05,Yogurt Fresa 200ml,Lacteos,7,2725.04
2025-02-06,Agua 600ml,Bebidas,11,2114.22
2025-02-06,Arroz 1kg,Despensa,10,4344.59
2025-02-06,Azucar 1kg,Despensa,2,4718.47
2025-02-06,Bebida Energetica 250ml,Bebidas,3,4403.11
2025-02-06,Cafe Molido 250g,Despensa,1,8700.5
2025-02-06,Cerveza Sixpack,Bebidas,1,15373.67
2025-02-06,Chitos 40g,Snacks,7,2791.34
2025-02-06,Chocolate 250g,Despensa,3,8823.64
2025-02-06,Detergente 500g,Aseo,2,6615.41
2025-02-06,Frijol 500g,Granos,4,5076.08
2025-02-06,Galletas Chocolate,Snacks,5,3571.63
2025-02-06,Gaseosa Cola 400ml,Bebidas,11,2981.85
2025-02-06,Gaseosa Manzana 400ml,Bebidas,11,2619.75
2025-02-06,Harina Trigo 1kg,Despensa,4,4123.26
2025-02-06,Huevos x30,Despensa,4,16213.7
2025-02-06,Jabon Barra,Aseo,3,3209.59
2025-02-06,Jugo Mango 300ml,Bebidas,6,3306.98
2025-02-06,Leche Entera 900ml,Lacteos,7,3982.59
2025-02-06,Lenteja 500g,Granos,1,5036.6
2025-02-06,Mani 50g,Snacks,2,2917.69
2025-02-06,Pan Blandito x5,Panaderia,3,3175.98
2025-02-06,Pan Tajado 500g,Panaderia,3,6106.34
2025-02-06,Papas 30g,Snacks,9,2721.82
2025-02-06,Papel Higienico x4,Aseo,2,9474.51
2025-02-06,Queso Campesino 250g,Lacteos,3,7992.39
2025-02-06,Sal 500g,Despensa,2,1878.13
2025-02-06,Yogurt Fresa 200ml,Lacteos,5,2569.06
2025-02-07,Aceite 1L,Despensa,3,14585.3
2025-02-07,Agua 600ml,Bebidas,8,2076.58
2025-02-07,Arroz 1kg,Despensa,3,4835.53
2025-02-07,Azucar 1kg,Despensa,7,4908.37
2025-02-07,Bebida Energetica 250ml,Bebidas,6,4483.52
2025-02-07,Cafe Molido 250g,Despensa,3,9103.56
2025-02-07,Cerveza Sixpack,Bebidas,3,15719.48
2025-02-07,Chitos 40g,Snacks,6,2810.69
2025-02-07,Chocolate 250g,Despensa,1,8608.97
2025-02-07,Frijol 500g,Granos,2,5120.04
2025-02-07,Galletas Chocolate,Snacks,12,3359.68
2025-02-07,Gaseosa Cola 400ml,Bebidas,15,2774.46
2025-02-07,Gaseosa Manzana 400ml,Bebidas,13,2682.65
2025-02-07,Harina Trigo 1kg,Despensa,1,4261.77
2025-02-07,Huevos x30,Despensa,4,16301.27
2025-02-07,Jabon Barra,Aseo,5,3215.34
2025-02-07,Jugo Mango 300ml,Bebidas,8,3394.82
2025-02-07,Leche Entera 900ml,Lacteos,10,4282.99
2025-02-07,Lenteja 500g,Granos,2,4615.83
2025-02-07,Mani 50g,Snacks,4,2972.19
2025-02-07,Pan Blandito x5,Panaderia,5,2809.73
2025-02-07,Pan Tajado 500g,Panaderia,4,6133.31
2025-02-07,Papas 30g,Snacks,13,2494.5
2025-02-07,Papel Higienico x4,Aseo,3,9795.66
2025-02-07,Queso Campesino 250g,Lacteos,5,8125.88
2025-02-07,Sal 500g,Despensa,1,1852.32
2025-02-07,Yogurt Fresa 200ml,Lacteos,5,2542.22
2025-02-08,Aceite 1L,Despensa,1,15575.53
2025-02-08,Agua 600ml,Bebidas,15,2259.99
2025-02-08,Arroz 1kg,Despensa,7,4711.16
2025-02-08,Bebida Energetica 250ml,Bebidas,2,4474.22
2025-02-08,Cafe Molido 250g,Despensa,3,7406.28
2025-02-08,Cerveza Sixpack,Bebidas,6,15443.53
2025-02-08,Chitos 40g,Snacks,4,2779.04
2025-02-08,Chocolate 250g,Despensa,3,8188.05
2025-02-08,Detergente 500g,Aseo,6,6751.6
2025-02-08,Frijol 500g,Granos,1,5147.1
2025-02-08,Galletas Chocolate,Snacks,13,3458.59
2025-02-08,Gaseosa Cola 400ml,Bebidas,16,2912.1
2025-02-08,Gaseosa Manzana 400ml,Bebidas,12,2764.27
2025-02-08,Harina Trigo 1kg,Despensa,2,4099.47
2025-02-08,Huevos x30,Despensa,2,15858.14
2025-02-08,Jabon Barra,Aseo,3,3176.03
2025-02-08,Jugo Mango 300ml,Bebidas,13,3194.64
2025-02-08,Leche Entera 900ml,Lacteos,9,4322.1
2025-02-08,Lenteja 500g,Granos,5,4776.02
2025-02-08,Mani 50g,Snacks,6,2868.04
2025-02-08,Pan Blandito x5,Panaderia,7,2733.31
2025-02-08,Pan Tajado 500g,Panaderia,5,5806.5
2025-02-08,Papas 30g,Snacks,14,2647.1
2025-02-08,Papel Higienico x4,Aseo,1,8797.43
2025-02-08,Queso Campesino 250g,Lacteos,4,7036.35
2025-02-08,Sal 500g,Despensa,3,1878.76
2025-02-08,Yogurt Fresa 200ml,Lacteos,7,2670.65
2025-02-09,Aceite 1L,Despensa,2,15863.54
2025-02-09,Agua 600ml,Bebidas,14,1975.72
2025-02-09,Arroz 1kg,Despensa,5,4653.29
2025-02-09,Azucar 1kg,Despensa,1,4732.18
2025-02-09,Bebida Energetica 250ml,Bebidas,6,4428.08
2025-02-09,Cafe Molido 250g,Despensa,2,9257.6
2025-02-09,Cerveza Sixpack,Bebidas,4,13849.28
2025-02-09,Chitos 40g,Snacks,5,2504.67
2025-02-09,Chocolate 250g,Despensa,2,8478.21
2025-02-09,Frijol 500g,Granos,3,5426.43
2025-02-09,Galletas Chocolate,Snacks,9,3317.34
2025-02-09,Gaseosa Cola 400ml,Bebidas,9,2828.69
2025-02-09,Gaseosa Manzana 400ml,Bebidas,11,2862.04
2025-02-09,Harina Trigo 1kg,Despensa,1,4268.04
2025-02-09,Huevos x30,Despensa,1,16013.32
2025-02-09,Jabon Barra,Aseo,2,3367.77
2025-02-09,Jugo Mango 300ml,Bebidas,10,3244.5
2025-02-09,Leche Entera 900ml,Lacteos,5,3736.87
2025-02-09,Lenteja 500g,Granos,2,4688.5
2025-02-09,Mani 50g,Snacks,7,3063.46
2025-02-09,Pan Blandito x5,Panaderia,5,3211.95
2025-02-09,Pan Tajado 500g,Panaderia,6,5587.89
2025-02-09,Papas 30g,Snacks,12,2311.59
2025-02-09,Papel Higienico x4,Aseo,1,9211.66
2025-02-09,Queso Campesino 250g,Lacteos,6,7568.73
2025-02-09,Sal 500g,Despensa,2,1836.11
2025-02-09,Yogurt Fresa 200ml,Lacteos,4,2665.98
2025-02-10,Aceite 1L,Despensa,3,16906.58
2025-02-10,Agua 600ml,Bebidas,9,2104.43
2025-02-10,Arroz 1kg,Despensa,2,4313.24
2025-02-10,Azucar 1kg,Despensa,1,4663.12
2025-02-10,Bebida Energetica 250ml,Bebidas,7,4452.78
2025-02-10,Cafe Molido 250g,Despensa,2,8687.46
2025-02-10,Cerveza Sixpack,Bebidas,3,16003.17
2025-02-10,Chitos 40g,Snacks,8,2724.41
2025-02-10,Chocolate 250g,Despensa,1,8314.28
2025-02-10,Detergente 500g,Aseo,3,6575.11
2025-02-10,Frijol 500g,Granos,2,4973.61
2025-02-10,Galletas Chocolate,Snacks,7,3505.28
2025-02-10,Gaseosa Cola 400ml,Bebidas,16,3018.08
2025-02-10,Gaseosa Manzana 400ml,Bebidas,14,2813.56
2025-02-10,Harina Trigo 1kg,Despensa,1,4220.42
2025-02-10,Huevos x30,Despensa,3,17250.06
2025-02-10,Jabon Barra,Aseo,6,2794.88
2025-02-10,Jugo Mango 300ml,Bebidas,6,3333.09
2025-02-10,Leche Entera 900ml,Lacteos,9,4006.57
2025-02-10,Lenteja 500g,Granos,3,5103.48
2025-02-10,Mani 50g,Snacks,3,2909.46
2025-02-10,Pan Blandito x5,Panaderia,7,3129.65
2025-02-10,Pan Tajado 500g,Panaderia,7,5723.34
2025-02-10,Papas 30g,Snacks,6,2662.34
2025-02-10,Queso Campesino 250g,Lacteos,6,8204.69
2025-02-10,Sal 500g,Despensa,2,1828.56
2025-02-10,Yogurt Fresa 200ml,Lacteos,6,2570.06
2025-02-11,Aceite 1L,Despensa,10,14231.58
2025-02-11,Agua 600ml,Bebidas,14,2166.27
2025-02-11,Arroz 1kg,Despensa,3,4742.56
2025-02-11,Azucar 1kg,Despensa,3,4580.87
2025-02-11,Bebida Energetica 250ml,Bebidas,8,4643.01
2025-02-11,Cafe Molido 250g,Despensa,2,8868.92
2025-02-11,Cerveza Sixpack,Bebidas,4,15378.21
2025-02-11,Chitos 40g,Snacks,5,2795.48
2025-02-11,Chocolate 250g,Despensa,2,8585.99
2025-02-11,Detergente 500g,Aseo,1,6862.69
2025-02-11,Frijol 500g,Granos,3,5188.37
2025-02-11,Galletas Chocolate,Snacks,7,3709.15
2025-02-11,Gaseosa Cola 400ml,Bebidas,15,2775.76
2025-02-11,Gaseosa Manzana 400ml,Bebidas,7,2692.32
2025-02-11,Harina Trigo 1kg,Despensa,3,4267.11
2025-02-11,Huevos x30,Despensa,2,16213.83
2025-02-11,Jabon Barra,Aseo,2,3094.53
2025-02-11,Jugo Mango 300ml,Bebidas,7,3191.84
2025-02-11,Leche Entera 900ml,Lacteos,9,4294.89
2025-02-11,Mani 50g,Snacks,6,2458.61
2025-02-11,Pan Blandito x5,Panaderia,2,3255.42
2025-02-11,Pan Tajado 500g,Panaderia,4,6340.13
2025-02-11,Papas 30g,Snacks,12,2741.13
2025-02-11,Papel Higienico x4,Aseo,2,9349.67
2025-02-11,Queso Campesino 250g,Lacteos,1,7884.84
2025-02-11,Sal 500g,Despensa,3,2043.93
2025-02-11,Yogurt Fresa 200ml,Lacteos,11,2232.28
2025-02-12,Aceite 1L,Despensa,3,16013.04
2025-02-12,Agua 600ml,Bebidas,4,2083.82
2025-02-12,Arroz 1kg,Despensa,3,4875.54
2025-02-12,Azucar 1kg,Despensa,3,4647.97
2025-02-12,Bebida Energetica 250ml,Bebidas,4,4678.93
2025-02-12,Cerveza Sixpack,Bebidas,4,15049.25
2025-02-12,Chitos 40g,Snacks,3,2670.66
2025-02-12,Chocolate 250g,Despensa,1,7934.18
2025-02-12,Detergente 500g,Aseo,2,6974.87
2025-02-12,Frijol 500g,Granos,1,5130.31
2025-02-12,Galletas Chocolate,Snacks,3,3506.28
2025-02-12,Gaseosa Cola 400ml,Bebidas,15,2855.46
2025-02-12,Gaseosa Manzana 400ml,Bebidas,16,2398.48
2025-02-12,Harina Trigo 1kg,Despensa,3,3902.2
2025-02-12,Huevos x30,Despensa,6,16084.79
2025-02-12,Jabon Barra,Aseo,1,3204.92
2025-02-12,Jugo Mango 300ml,Bebidas,6,3394.25
2025-02-12,Leche Entera 900ml,Lacteos,4,4194.52
2025-02-12,Lenteja 500g,Granos,2,4622.68
2025-02-12,Mani 50g,Snacks,7,2946.18
2025-02-12,Pan Blandito x5,Panaderia,4,3237.52
2025-02-12,Pan Tajado 500g,Panaderia,3,5865.52
2025-02-12,Papas 30g,Snacks,9,2633.73
2025-02-12,Papel Higienico x4,Aseo,1,9045.19
2025-02-12,Queso Campesino 250g,Lacteos,2,8264.54
2025-02-12,Sal 500g,Despensa,4,1959.09
2025-02-12,Yogurt Fresa 200ml,Lacteos,9,2688.01
2025-02-13,Aceite 1L,Despensa,1,17131.9
2025-02-13,Agua 600ml,Bebidas,12,2089.89
2025-02-13,Arroz 1kg,Despensa,5,4680.3
2025-02-13,Azucar 1kg,Despensa,1,4689.27
2025-02-13,Bebida Energetica 250ml,Bebidas,5,4285.54
2025-02-13,Cerveza Sixpack,Bebidas,5,14320.79
2025-02-13,Chitos 40g,Snacks,6,2737.83
2025-02-13,Chocolate 250g,Despensa,3,8268.42
2025-02-13,Detergente 500g,Aseo,2,6595.31
2025-02-13,Frijol 500g,Granos,1,4905.84
2025-02-13,Galletas Chocolate,Snacks,8,3457.89
2025-02-13,Gaseosa Cola 400ml,Bebidas,14,2887.44
2025-02-13,Gaseosa Manzana 400ml,Bebidas,9,2341.82
2025-02-13,Harina Trigo 1kg,Despensa,1,4299.79
2025-02-13,Huevos x30,Despensa,2,17199.05
2025-02-13,Jabon Barra,Aseo,2,3311.88
2025-02-13,Jugo Mango 300ml,Bebidas,10,3331.18
2025-02-13,Leche Entera 900ml,Lacteos,5,4234.06
2025-02-13,Lenteja 500g,Granos,6,4959.89
2025-02-13,Mani 50g,Snacks,10,2945.66
2025-02-13,Pan Blandito x5,Panaderia,7,3128.21
2025-02-13,Pan Tajado 500g,Panaderia,5,5730.34
2025-02-13,Papas 30g,Snacks,10,2603.95
2025-02-13,Papel Higienico x4,Aseo,3,9272.92
2025-02-13,Queso Campesino 250g,Lacteos,1,7244.78
2025-02-13,Sal 500g,Despensa,3,1894.01
2025-02-13,Yogurt Fresa 200ml,Lacteos,6,2616.22
2025-02-14,Aceite 1L,Despensa,2,15660.01
2025-02-14,Agua 600ml,Bebidas,7,2054.13
2025-02-14,Arroz 1kg,Despensa,6,4859.03
2025-02-14,Azucar 1kg,Despensa,8,4795.69
2025-02-14,Bebida Energetica 250ml,Bebidas,3,4549.29
2025-02-14,Cafe Molido 250g,Despensa,2,8769.32
2025-02-14,Cerveza Sixpack,Bebidas,8,14882.66
2025-02-14,Chitos 40g,Snacks,14,2247.58
2025-02-14,Chocolate 250g,Despensa,2,8355.76
2025-02-14,Frijol 500g,Granos,3,4598.22
2025-02-14,Galletas Chocolate,Snacks,8,3355.63
2025-02-14,Gaseosa Cola 400ml,Bebidas,27,2873.33
2025-02-14,Gaseosa Manzana 400ml,Bebidas,7,2703.07
2025-02-14,Harina Trigo 1kg,Despensa,1,4032.12
2025-02-14,Huevos x30,Despensa,7,16154.05
2025-02-14,Jabon Barra,Aseo,5,3191.76
2025-02-14,Jugo Mango 300ml,Bebidas,7,3196.25
2025-02-14,Leche Entera 900ml,Lacteos,9,4197.25
2025-02-14,Lenteja 500g,Granos,1,5020.4
2025-02-14,Mani 50g,Snacks,11,3026.81
2025-02-14,Pan Blandito x5,Panaderia,4,3370.16
2025-02-14,Pan Tajado 500g,Panaderia,6,6070.28
2025-02-14,Papas 30g,Snacks,15,2713.18
2025-02-14,Papel Higienico x4,Aseo,1,8955.14
2025-02-14,Queso Campesino 250g,Lacteos,1,8137.03
2025-02-14,Sal 500g,Despensa,3,2022.87
2025-02-14,Yogurt Fresa 200ml,Lacteos,5,2572.16
2025-02-15,Agua 600ml,Bebidas,11,2083.91
2025-02-15,Arroz 1kg,Despensa,14,3932.71
2025-02-15,Azucar 1kg,Despensa,1,5018.2
2025-02-15,Bebida Energetica 250ml,Bebidas,8,4259.3
2025-02-15,Cafe Molido 250g,Despensa,3,9257.3
2025-02-15,Cerveza Sixpack,Bebidas,11,15558.94
2025-02-15,Chitos 40g,Snacks,12,2589.62
2025-02-15,Chocolate 250g,Despensa,1,8135.68
2025-02-15,Detergente 500g,Aseo,1,6583.52
2025-02-15,Galletas Chocolate,Snacks,12,3544.06
2025-02-15,Gaseosa Cola 400ml,Bebidas,17,3108.07
2025-02-15,Gaseosa Manzana 400ml,Bebidas,11,2625.42
2025-02-15,Harina Trigo 1kg,Despensa,1,3993.67
2025-02-15,Huevos x30,Despensa,1,16228.27
2025-02-15,Jabon Barra,Aseo,3,3373.7
2025-02-15,Jugo Mango 300ml,Bebidas,6,3183.5
2025-02-15,Leche Entera 900ml,Lacteos,9,3955.68
2025-02-15,Lenteja 500g,Granos,2,4912.87
2025-02-15,Mani 50g,Snacks,7,2981.33
2025-02-15,Pan Blandito x5,Panaderia,6,3287.72
2025-02-15,Pan Tajado 500g,Panaderia,3,5748.3
2025-02-15,Papas 30g,Snacks,12,2532.89
2025-02-15,Papel Higienico x4,Aseo,2,9076.59
2025-02-15,Queso Campesino 250g,Lacteos,6,7917.13
2025-02-15,Sal 500g,Despensa,4,1782.11
2025-02-15,Yogurt Fresa 200ml,Lacteos,8,2633.23
2025-02-16,Agua 600ml,Bebidas,12,2192.86
2025-02-16,Arroz 1kg,Despensa,6,4744.18
2025-02-16,Azucar 1kg,Despensa,3,4859.96
2025-02-16,Bebida Energetica 250ml,Bebidas,3,4626.1
2025-02-16,Cafe Molido 250g,Despensa,2,8819.91
2025-02-16,Cerveza Sixpack,Bebidas,8,15266.65
2025-02-16,Chitos 40g,Snacks,3,2464.39
2025-02-16,Chocolate 250g,Despensa,1,8530.35
2025-02-16,Detergente 500g,Aseo,1,6728.79
2025-02-16,Frijol 500g,Granos,1,5288.77
2025-02-16,Galletas Chocolate,Snacks,11,3512.09
2025-02-16,Gaseosa Cola 400ml,Bebidas,17,2820.47
2025-02-16,Gaseosa Manzana 400ml,Bebidas,14,2833.48
2025-02-16,Harina Trigo 1kg,Despensa,6,3766.03
2025-02-16,Huevos x30,Despensa,1,16619.06
2025-02-16,Jabon Barra,Aseo,4,3301.15
2025-02-16,Jugo Mango 300ml,Bebidas,7,3339.22
2025-02-16,Leche Entera 900ml,Lacteos,7,4640.73
2025-02-16,Lenteja 500g,Granos,1,4928.66
2025-02-16,Mani 50g,Snacks,12,2994.56
2025-02-16,Pan Blandito x5,Panaderia,6,3222.37
2025-02-16,Pan Tajado 500g,Panaderia,7,5741.71
2025-02-16,Papas 30g,Snacks,12,2376.14
2025-02-16,Papel Higienico x4,Aseo,2,9403.46
2025-02-16,Queso Campesino 250g,Lacteos,3,7440.01
2025-02-16,Yogurt Fresa 200ml,Lacteos,6,2565.46
2025-02-17,Aceite 1L,Despensa,1,15183.33
2025-02-17,Agua 600ml,Bebidas,9,2022.47
2025-02-17,Arroz 1kg,Despensa,4,4744.18
2025-02-17,Bebida Energetica 250ml,Bebidas,4,4569.15
2025-02-17,Cafe Molido 250g,Despensa,1,9246.98
2025-02-17,Cerveza Sixpack,Bebidas,5,14781.71
2025-02-17,Chitos 40g,Snacks,4,2899.95
2025-02-17,Chocolate 250g,Despensa,2,7922.47
2025-02-17,Detergente 500g,Aseo,4,6692.98
2025-02-17,Frijol 500g,Granos,3,5434.55
2025-02-17,Galletas Chocolate,Snacks,4,3423.18
2025-02-17,Gaseosa Cola 400ml,Bebidas,10,2912.08
2025-02-17,Gaseosa Manzana 400ml,Bebidas,15,2723.08
2025-02-17,Harina Trigo 1kg,Despensa,1,4220.69
2025-02-17,Huevos x30,Despensa,1,15689.16
2025-02-17,Jabon Barra,Aseo,3,3193.87
2025-02-17,Jugo Mango 300ml,Bebidas,7,3305.22
2025-02-17,Leche Entera 900ml,Lacteos,6,4203.45
2025-02-17,Lenteja 500g,Granos,3,5035.8
2025-02-17,Mani 50g,Snacks,8,3118.28
2025-02-17,Pan Blandito x5,Panaderia,2,3191.24
2025-02-17,Pan Tajado 500g,Panaderia,4,6046.7
2025-02-17,Papas 30g,Snacks,10,2558.73
2025-02-17,Queso Campesino 250g,Lacteos,7,7790.41
2025-02-17,Sal 500g,Despensa,2,1923.51
2025-02-17,Yogurt Fresa 200ml,Lacteos,8,2594.37
2025-02-18,Aceite 1L,Despensa,2,15177.59
2025-02-18,Agua 600ml,Bebidas,11,1829.15
2025-02-18,Arroz 1kg,Despensa,4,4747.27
2025-02-18,Azucar 1kg,Despensa,2,4481.2
2025-02-18,Bebida Energetica 250ml,Bebidas,6,4538.98
2025-02-18,Cafe Molido 250g,Despensa,3,9221.13
2025-02-18,Cerveza Sixpack,Bebidas,4,14976.16
2025-02-18,Chitos 40g,Snacks,3,2804.6
2025-02-18,Chocolate 250g,Despensa,2,8137.27
2025-02-18,Detergente 500g,Aseo,1,6764.67
2025-02-18,Frijol 500g,Granos,2,5267.47
2025-02-18,Galletas Chocolate,Snacks,4,3542.1
2025-02-18,Gaseosa Cola 400ml,Bebidas,8,2756.75
2025-02-18,Gaseosa Manzana 400ml,Bebidas,11,2732.72
2025-02-18,Harina Trigo 1kg,Despensa,3,4332.76
2025-02-18,Huevos x30,Despensa,4,15552.0
2025-02-18,Jabon Barra,Aseo,2,3171.89
2025-02-18,Jugo Mango 300ml,Bebidas,5,3381.59
2025-02-18,Leche Entera 900ml,Lacteos,13,4388.22
2025-02-18,Lenteja 500g,Granos,1,4774.0
2025-02-18,Mani 50g,Snacks,5,2885.5
2025-02-18,Pan Blandito x5,Panaderia,5,3378.15
2025-02-18,Pan Tajado 500g,Panaderia,2,5880.08
2025-02-18,Papas 30g,Snacks,5,2677.7
2025-02-18,Papel Higienico x4,Aseo,1,9617.78
2025-02-18,Queso Campesino 250g,Lacteos,7,7611.33
2025-02-18,Sal 500g,Despensa,1,1925.69
2025-02-18,Yogurt Fresa 200ml,Lacteos,10,2783.1
2025-02-19,Aceite 1L,Despensa,2,15399.11
2025-02-19,Agua 600ml,Bebidas,8,2033.52
2025-02-19,Arroz 1kg,Despensa,2,4855.95
2025-02-19,Azucar 1kg,Despensa,6,4225.96
2025-02-19,Bebida Energetica 250ml,Bebidas,6,4562.08
2025-02-19,Cafe Molido 250g,Despensa,4,8663.99
2025-02-19,Cerveza Sixpack,Bebidas,3,14013.7
2025-02-19,Chocolate 250g,Despensa,2,8764.83
2025-02-19,Frijol 500g,Granos,3,5280.31
2025-02-19,Galletas Chocolate,Snacks,5,3374.47
2025-02-19,Gaseosa Cola 400ml,Bebidas,10,2910.63
2025-02-19,Gaseosa Manzana 400ml,Bebidas,5,2715.5
2025-02-19,Harina Trigo 1kg,Despensa,2,4166.4
2025-02-19,Huevos x30,Despensa,1,14920.34
2025-02-19,Jabon Barra,Aseo,1,3175.8
2025-02-19,Jugo Mango 300ml,Bebidas,6,3484.04
2025-02-19,Leche Entera 900ml,Lacteos,4,4358.5
2025-02-19,Mani 50g,Snacks,5,2820.26
2025-02-19,Pan Blandito x5,Panaderia,3,3197.81
2025-02-19,Pan Tajado 500g,Panaderia,5,5695.73
2025-02-19,Papas 30g,Snacks,11,2477.4
2025-02-19,Papel Higienico x4,Aseo,1,9201.09
2025-02-19,Queso Campesino 250g,Lacteos,3,7402.51
2025-02-19,Sal 500g,Despensa,1,1804.34
2025-02-19,Yogurt Fresa 200ml,Lacteos,5,2535.69
2025-02-20,Aceite 1L,Despensa,4,14899.28
2025-02-20,Agua 600ml,Bebidas,11,2193.34
2025-02-20,Arroz 1kg,Despensa,5,4757.49
2025-02-20,Azucar 1kg,Despensa,2,5066.5
2025-02-20,Bebida Energetica 250ml,Bebidas,8,4336.73
2025-02-20,Cafe Molido 250g,Despensa,5,9583.11
2025-02-20,Cerveza Sixpack,Bebidas,4,15070.68
2025-02-20,Chitos 40g,Snacks,3,2715.82
2025-02-20,Chocolate 250g,Despensa,1,8721.77
2025-02-20,Frijol 500g,Granos,1,4814.31
2025-02-20,Galletas Chocolate,Snacks,4,3546.05
2025-02-20,Gaseosa Cola 400ml,Bebidas,15,2433.04
2025-02-20,Gaseosa Manzana 400ml,Bebidas,9,2722.97
2025-02-20,Harina Trigo 1kg,Despensa,2,4035.75
2025-02-20,Huevos x30,Despensa,3,17166.04
2025-02-20,Jugo Mango 300ml,Bebidas,9,3189.63
2025-02-20,Leche Entera 900ml,Lacteos,3,4310.71
2025-02-20,Lenteja 500g,Granos,2,4981.62
2025-02-20,Mani 50g,Snacks,7,2922.54
2025-02-20,Pan Blandito x5,Panaderia,2,3123.89
2025-02-20,Pan Tajado 500g,Panaderia,1,5717.62
2025-02-20,Papas 30g,Snacks,6,2635.73
2025-02-20,Queso Campesino 250g,Lacteos,2,7736.29
2025-02-20,Sal 500g,Despensa,3,1854.58
2025-02-20,Yogurt Fresa 200ml,Lacteos,5,2681.03
2025-02-21,Aceite 1L,Despensa,1,16909.56
2025-02-21,Agua 600ml,Bebidas,5,1991.77
2025-02-21,Arroz 1kg,Despensa,6,4817.37
2025-02-21,Azucar 1kg,Despensa,1,4811.19
2025-02-21,Bebida Energetica 250ml,Bebidas,1,4584.31
2025-02-21,Cafe Molido 250g,Despensa,1,8469.21
2025-02-21,Cerveza Sixpack,Bebidas,6,15486.12
2025-02-21,Chitos 40g,Snacks,8,2750.72
2025-02-21,Chocolate 250g,Despensa,2,8795.08
2025-02-21,Detergente 500g,Aseo,2,6642.0
2025-02-21,Frijol 500g,Granos,2,5200.33
2025-02-21,Galletas Chocolate,Snacks,5,3679.65
2025-02-21,Gaseosa Cola 400ml,Bebidas,21,2822.51
2025-02-21,Gaseosa Manzana 400ml,Bebidas,8,2782.38
2025-02-21,Harina Trigo 1kg,Despensa,3,4145.19
2025-02-21,Huevos x30,Despensa,2,16875.93
2025-02-21,Jabon Barra,Aseo,1,3268.65
2025-02-21,Jugo Mango 300ml,Bebidas,6,3159.45
2025-02-21,Leche Entera 900ml,Lacteos,9,4001.06
2025-02-21,Lenteja 500g,Granos,1,4804.18
2025-02-21,Mani 50g,Snacks,5,2894.91
2025-02-21,Pan Blandito x5,Panaderia,5,2939.42
2025-02-21,Pan Tajado 500g,Panaderia,1,5721.67
2025-02-21,Papas 30g,Snacks,12,2687.84
2025-02-21,Queso Campesino 250g,Lacteos,6,7915.99
2025-02-21,Sal 500g,Despensa,2,1887.67
2025-02-21,Yogurt Fresa 200ml,Lacteos,9,2630.46
2025-02-22,Aceite 1L,Despensa,3,16549.79
2025-02-22,Agua 600ml,Bebidas,12,2095.72
2025-02-22,Arroz 1kg,Despensa,5,4672.65
2025-02-22,Azucar 1kg,Despensa,2,4695.58
2025-02-22,Bebida Energetica 250ml,Bebidas,4,4398.27
2025-02-22,Cafe Molido 250g,Despensa,3,9465.34
2025-02-22,Cerveza Sixpack,Bebidas,7,16187.62
2025-02-22,Chitos 40g,Snacks,8,2852.22
2025-02-22,Chocolate 250g,Despensa,1,8555.4
2025-02-22,Detergente 500g,Aseo,1,6758.08
2025-02-22,Frijol 500g,Granos,4,5001.62
2025-02-22,Galletas Chocolate,Snacks,6,3550.23
2025-02-22,Gaseosa Cola 400ml,Bebidas,15,2975.49
2025-02-22,Gaseosa Manzana 400ml,Bebidas,19,2819.78
2025-02-22,Harina Trigo 1kg,Despensa,1,4183.63
2025-02-22,Huevos x30,Despensa,3,16401.61
2025-02-22,Jugo Mango 300ml,Bebidas,1,3202.88
2025-02-22,Leche Entera 900ml,Lacteos,7,4087.64
2025-02-22,Lenteja 500g,Granos,1,4878.97
2025-02-22,Mani 50g,Snacks,3,2928.55
2025-02-22,Pan Blandito x5,Panaderia,5,2993.52
2025-02-22,Pan Tajado 500g,Panaderia,10,5722.91
2025-02-22,Papas 30g,Snacks,10,2568.69
2025-02-22,Queso Campesino 250g,Lacteos,6,8097.09
2025-02-22,Sal 500g,Despensa,2,1775.13
2025-02-22,Yogurt Fresa 200ml,Lacteos,8,2597.07
2025-02-23,Agua 600ml,Bebidas,10,2092.33
2025-02-23,Arroz 1kg,Despensa,6,4815.59
2025-02-23,Bebida Energetica 250ml,Bebidas,4,4952.99
2025-02-23,Cafe Molido 250g,Despensa,3,9082.89
2025-02-23,Cerveza Sixpack,Bebidas,9,14726.86
2025-02-23,Chitos 40g,Snacks,3,2620.14
2025-02-23,Chocolate 250g,Despensa,2,8517.81
2025-02-23,Detergente 500g,Aseo,2,6487.39
2025-02-23,Frijol 500g,Granos,1,5454.85
2025-02-23,Galletas Chocolate,Snacks,8,3775.66
2025-02-23,Gaseosa Cola 400ml,Bebidas,16,2885.4
2025-02-23,Gaseosa Manzana 400ml,Bebidas,14,2829.69
2025-02-23,Harina Trigo 1kg,Despensa,1,4204.55
2025-02-23,Huevos x30,Despensa,2,16764.5
2025-02-23,Jabon Barra,Aseo,4,3076.19
2025-02-23,Jugo Mango 300ml,Bebidas,9,3439.51
2025-02-23,Leche Entera 900ml,Lacteos,8,4164.32
2025-02-23,Lenteja 500g,Granos,2,5033.25
2025-02-23,Mani 50g,Snacks,4,2719.67
2025-02-23,Pan Blandito x5,Panaderia,4,3138.54
2025-02-23,Pan Tajado 500g,Panaderia,4,5879.28
2025-02-23,Papas 30g,Snacks,11,2260.26
2025-02-23,Queso Campesino 250g,Lacteos,5,6926.37
2025-02-23,Sal 500g,Despensa,3,1918.3
2025-02-23,Yogurt Fresa 200ml,Lacteos,5,2849.7
2025-02-24,Aceite 1L,Despensa,1,15649.36
2025-02-24,Agua 600ml,Bebidas,8,2147.15
2025-02-24,Arroz 1kg,Despensa,6,4652.93
2025-02-24,Azucar 1kg,Despensa,1,4803.85
2025-02-24,Bebida Energetica 250ml,Bebidas,6,4673.64
2025-02-24,Cafe Molido 250g,Despensa,3,9256.8
2025-02-24,Cerveza Sixpack,Bebidas,1,14197.15
2025-02-24,Chitos 40g,Snacks,5,2700.04
2025-02-24,Chocolate 250g,Despensa,2,8455.69
2025-02-24,Detergente 500g,Aseo,3,6734.29
2025-02-24,Frijol 500g,Granos,3,5355.19
2025-02-24,Galletas Chocolate,Snacks,4,3462.4
2025-02-24,Gaseosa Cola 400ml,Bebidas,10,2861.32
2025-02-24,Gaseosa Manzana 400ml,Bebidas,16,2488.67
2025-02-24,Harina Trigo 1kg,Despensa,3,4330.29
2025-02-24,Huevos x30,Despensa,3,17171.74
2025-02-24,Jabon Barra,Aseo,1,3162.95
2025-02-24,Jugo Mango 300ml,Bebidas,8,3130.96
2025-02-24,Leche Entera 900ml,Lacteos,3,4389.9
2025-02-24,Lenteja 500g,Granos,2,4922.29
2025-02-24,Mani 50g,Snacks,2,2841.56
2025-02-24,Pan Blandito x5,Panaderia,7,3140.33
2025-02-24,Pan Tajado 500g,Panaderia,5,5701.17
2025-02-24,Papas 30g,Snacks,12,2606.45
2025-02-24,Papel Higienico x4,Aseo,2,9239.38
2025-02-24,Queso Campesino 250g,Lacteos,2,7159.5
2025-02-24,Sal 500g,Despensa,2,1850.38
2025-02-24,Yogurt Fresa 200ml,Lacteos,3,2443.95
2025-02-25,Aceite 1L,Despensa,2,15850.69
2025-02-25,Agua 600ml,Bebidas,9,2163.89
2025-02-25,Arroz 1kg,Despensa,1,4420.8
2025-02-25,Bebida Energetica 250ml,Bebidas,8,4406.48
2025-02-25,Cafe Molido 250g,Despensa,3,9212.83
2025-02-25,Cerveza Sixpack,Bebidas,3,15059.38
2025-02-25,Chitos 40g,Snacks,2,2677.76
2025-02-25,Chocolate 250g,Despensa,2,8929.17
2025-02-25,Detergente 500g,Aseo,4,6873.74
2025-02-25,Frijol 500g,Granos,1,5361.04
2025-02-25,Galletas Chocolate,Snacks,10,3692.56
2025-02-25,Gaseosa Cola 400ml,Bebidas,10,2577.81
2025-02-25,Gaseosa Manzana 400ml,Bebidas,12,2806.22
2025-02-25,Harina Trigo 1kg,Despensa,3,4363.85
2025-02-25,Huevos x30,Despensa,1,16771.97
2025-02-25,Jabon Barra,Aseo,2,3100.21
2025-02-25,Jugo Mango 300ml,Bebidas,7,3350.68
2025-02-25,Leche Entera 900ml,Lacteos,14,3902.4
2025-02-25,Lenteja 500g,Granos,3,5067.3
2025-02-25,Mani 50g,Snacks,3,2805.72
2025-02-25,Pan Blandito x5,Panaderia,3,3117.47
2025-02-25,Pan Tajado 500g,Panaderia,6,5789.27
2025-02-25,Papas 30g,Snacks,8,2489.16
2025-02-25,Papel Higienico x4,Aseo,2,9130.37
2025-02-25,Queso Campesino 250g,Lacteos,1,7546.64
2025-02-25,Sal 500g,Despensa,1,1965.02
2025-02-25,Yogurt Fresa 200ml,Lacteos,6,2620.14
2025-02-26,Aceite 1L,Despensa,5,15721.97
2025-02-26,Agua 600ml,Bebidas,8,2010.59
2025-02-26,Arroz 1kg,Despensa,7,4932.15
2025-02-26,Azucar 1kg,Despensa,3,4909.6
2025-02-26,Bebida Energetica 250ml,Bebidas,4,4446.33
2025-02-26,Cafe Molido 250g,Despensa,3,8634.19
2025-02-26,Cerveza Sixpack,Bebidas,1,14564.69
2025-02-26,Chitos 40g,Snacks,5,2642.86
2025-02-26,Chocolate 250g,Despensa,1,8433.29
2025-02-26,Detergente 500g,Aseo,3,7076.65
2025-02-26,Frijol 500g,Granos,3,5309.31
2025-02-26,Galletas Chocolate,Snacks,4,3640.4
2025-02-26,Gaseosa Cola 400ml,Bebidas,12,2755.59
2025-02-26,Gaseosa Manzana 400ml,Bebidas,5,2842.13
2025-02-26,Harina Trigo 1kg,Despensa,4,4202.15
2025-02-26,Huevos x30,Despensa,4,16164.89
2025-02-26,Jabon Barra,Aseo,5,2846.33
2025-02-26,Jugo Mango 300ml,Bebidas,11,3383.28
2025-02-26,Leche Entera 900ml,Lacteos,7,4103.54
2025-02-26,Mani 50g,Snacks,4,3129.78
2025-02-26,Pan Blandito x5,Panaderia,6,3236.77
2025-02-26,Pan Tajado 500g,Panaderia,5,6052.62
2025-02-26,Papas 30g,Snacks,13,2669.02
2025-02-26,Papel Higienico x4,Aseo,1,9421.32
2025-02-26,Queso Campesino 250g,Lacteos,5,7841.76
2025-02-26,Sal 500g,Despensa,2,1764.87
2025-02-26,Yogurt Fresa 200ml,Lacteos,5,2556.56
2025-02-27,Aceite 1L,Despensa,2,15972.66
2025-02-27,Agua 600ml,Bebidas,8,2222.49
2025-02-27,Arroz 1kg,Despensa,3,4955.55
2025-02-27,Azucar 1kg,Despensa,3,4757.79
2025-02-27,Bebida Energetica 250ml,Bebidas,10,4420.24
2025-02-27,Cafe Molido 250g,Despensa,2,9821.74
2025-02-27,Cerveza Sixpack,Bebidas,1,14195.55
2025-02-27,Chitos 40g,Snacks,4,2755.16
2025-02-27,Chocolate 250g,Despensa,2,8641.54
2025-02-27,Detergente 500g,Aseo,3,7090.79
2025-02-27,Frijol 500g,Granos,4,4916.15
2025-02-27,Galletas Chocolate,Snacks,7,3510.43
2025-02-27,Gaseosa Cola 400ml,Bebidas,11,2954.91
2025-02-27,Gaseosa Manzana 400ml,Bebidas,8,2777.57
2025-02-27,Harina Trigo 1kg,Despensa,2,4463.49
2025-02-27,Huevos x30,Despensa,1,16820.21
2025-02-27,Jabon Barra,Aseo,4,3112.1
2025-02-27,Jugo Mango 300ml,Bebidas,6,3334.99
2025-02-27,Leche Entera 900ml,Lacteos,11,4309.8
2025-02-27,Lenteja 500g,Granos,3,5013.47
2025-02-27,Mani 50g,Snacks,5,3046.77
2025-02-27,Pan Blandito x5,Panaderia,3,3128.17
2025-02-27,Pan Tajado 500g,Panaderia,2,6091.18
2025-02-27,Papas 30g,Snacks,10,2711.26
2025-02-27,Papel Higienico x4,Aseo,1,9270.21
2025-02-27,Queso Campesino 250g,Lacteos,3,7571.26
2025-02-27,Sal 500g,Despensa,3,1855.61
2025-02-27,Yogurt Fresa 200ml,Lacteos,9,2486.58
2025-02-28,Aceite 1L,Despensa,4,15221.28
2025-02-28,Agua 600ml,Bebidas,16,1769.76
2025-02-28,Arroz 1kg,Despensa,2,4895.91
2025-02-28,Azucar 1kg,Despensa,1,4796.63
2025-02-28,Bebida Energetica 250ml,Bebidas,4,4603.96
2025-02-28,Cafe Molido 250g,Despensa,3,9281.28
2025-02-28,Cerveza Sixpack,Bebidas,6,15585.08
2025-02-28,Chitos 40g,Snacks,6,2680.97
2025-02-28,Chocolate 250g,Despensa,3,8654.15
2025-02-28,Detergente 500g,Aseo,1,6892.49
2025-02-28,Frijol 500g,Granos,1,5036.08
2025-02-28,Galletas Chocolate,Snacks,7,3520.02
2025-02-28,Gaseosa Cola 400ml,Bebidas,12,2442.28
2025-02-28,Gaseosa Manzana 400ml,Bebidas,14,2617.12
2025-02-28,Harina Trigo 1kg,Despensa,2,4308.57
2025-02-28,Huevos x30,Despensa,4,15762.72
2025-02-28,Jugo Mango 300ml,Bebidas,11,3202.77
2025-02-28,Leche Entera 900ml,Lacteos,9,4198.09
2025-02-28,Lenteja 500g,Granos,2,5060.22
2025-02-28,Mani 50g,Snacks,5,2950.53
2025-02-28,Pan Blandito x5,Panaderia,8,3182.15
2025-02-28,Pan Tajado 500g,Panaderia,4,5826.2
2025-02-28,Papas 30g,Snacks,10,2622.94
2025-02-28,Papel Higienico x4,Aseo,1,9571.21
2025-02-28,Queso Campesino 250g,Lacteos,7,8218.04
2025-02-28,Sal 500g,Despensa,1,1746.36
2025-02-28,Yogurt Fresa 200ml,Lacteos,5,2586.74
2025-03-01,Aceite 1L,Despensa,2,15113.35
2025-03-01,Agua 600ml,Bebidas,8,2155.1
2025-03-01,Arroz 1kg,Despensa,3,4803.95
2025-03-01,Azucar 1kg,Despensa,2,5046.34
2025-03-01,Bebida Energetica 250ml,Bebidas,8,4308.05
2025-03-01,Cafe Molido 250g,Despensa,3,8864.38
2025-03-01,Cerveza Sixpack,Bebidas,7,15265.06
2025-03-01,Chitos 40g,Snacks,4,2560.67
2025-03-01,Chocolate 250g,Despensa,3,8824.29
2025-03-01,Detergente 500g,Aseo,1,6825.37
2025-03-01,Frijol 500g,Granos,5,4195.43
2025-03-01,Galletas Chocolate,Snacks,5,3385.84
2025-03-01,Gaseosa Cola 400ml,Bebidas,14,2984.37
2025-03-01,Gaseosa Manzana 400ml,Bebidas,7,2998.03
2025-03-01,Harina Trigo 1kg,Despensa,2,4378.77
2025-03-01,Huevos x30,Despensa,5,17557.81
2025-03-01,Jabon Barra,Aseo,3,3293.74
2025-03-01,Jugo Mango 300ml,Bebidas,6,3364.3
2025-03-01,Leche Entera 900ml,Lacteos,3,4202.5
2025-03-01,Mani 50g,Snacks,2,2938.88
2025-03-01,Pan Blandito x5,Panaderia,4,3106.29
2025-03-01,Pan Tajado 500g,Panaderia,5,5811.3
2025-03-01,Papas 30g,Snacks,12,2544.51
2025-03-01,Papel Higienico x4,Aseo,2,9962.92
2025-03-01,Queso Campesino 250g,Lacteos,2,7438.37
2025-03-01,Yogurt Fresa 200ml,Lacteos,8,2627.34
2025-03-02,Aceite 1L,Despensa,2,15887.73
2025-03-02,Agua 600ml,Bebidas,2,2060.21
2025-03-02,Arroz 1kg,Despensa,2,4575.85
2025-03-02,Azucar 1kg,Despensa,2,4766.34
2025-03-02,Bebida Energetica 250ml,Bebidas,3,4515.38
2025-03-02,Cafe Molido 250g,Despensa,2,8093.89
2025-03-02,Cerveza Sixpack,Bebidas,4,15420.95
2025-03-02,Chitos 40g,Snacks,6,2735.35
2025-03-02,Chocolate 250g,Despensa,2,8580.22
2025-03-02,Detergente 500g,Aseo,1,6785.62
2025-03-02,Frijol 500g,Granos,5,5356.46
2025-03-02,Galletas Chocolate,Snacks,2,3591.84
2025-03-02,Gaseosa Cola 400ml,Bebidas,12,3032.8
2025-03-02,Gaseosa Manzana 400ml,Bebidas,21,2490.89
2025-03-02,Huevos x30,Despensa,5,16605.54
2025-03-02,Jabon Barra,Aseo,1,3051.25
2025-03-02,Jugo Mango 300ml,Bebidas,9,3353.45
2025-03-02,Leche Entera 900ml,Lacteos,11,4373.45
2025-03-02,Lenteja 500g,Granos,2,4767.73
2025-03-02,Mani 50g,Snacks,7,3062.17
2025-03-02,Pan Blandito x5,Panaderia,8,3135.92
2025-03-02,Pan Tajado 500g,Panaderia,7,5929.95
2025-03-02,Papas 30g,Snacks,19,2388.42
2025-03-02,Papel Higienico x4,Aseo,3,8923.98
2025-03-02,Queso Campesino 250g,Lacteos,5,6669.45
2025-03-02,Sal 500g,Despensa,2,2009.99
2025-03-02,Yogurt Fresa 200ml,Lacteos,10,2561.08
2025-03-03,Aceite 1L,Despensa,2,15604.37
2025-03-03,Agua 600ml,Bebidas,6,1912.7
2025-03-03,Arroz 1kg,Despensa,3,4998.26
2025-03-03,Azucar 1kg,Despensa,4,4706.27
2025-03-03,Bebida Energetica 250ml,Bebidas,5,4519.31
2025-03-03,Cafe Molido 250g,Despensa,2,8558.01
2025-03-03,Cerveza Sixpack,Bebidas,1,15145.37
2025-03-03,Chitos 40g,Snacks,5,2795.5
2025-03-03,Chocolate 250g,Despensa,2,8791.77
2025-03-03,Detergente 500g,Aseo,1,6676.91
2025-03-03,Frijol 500g,Granos,4,5371.29
2025-03-03,Galletas Chocolate,Snacks,2,3785.04
2025-03-03,Gaseosa Cola 400ml,Bebidas,9,2939.02
2025-03-03,Gaseosa Manzana 400ml,Bebidas,4,2723.7
2025-03-03,Harina Trigo 1kg,Despensa,1,4265.87
2025-03-03,Huevos x30,Despensa,3,16879.67
2025-03-03,Jugo Mango 300ml,Bebidas,4,3346.34
2025-03-03,Leche Entera 900ml,Lacteos,6,4437.39
2025-03-03,Lenteja 500g,Granos,3,4717.95
2025-03-03,Mani 50g,Snacks,7,3043.14
2025-03-03,Pan Blandito x5,Panaderia,5,3235.44
2025-03-03,Pan Tajado 500g,Panaderia,4,5955.77
2025-03-03,Papas 30g,Snacks,16,2456.22
2025-03-03,Papel Higienico x4,Aseo,1,9249.5
2025-03-03,Queso Campesino 250g,Lacteos,7,7903.54
2025-03-03,Sal 500g,Despensa,3,1838.23
2025-03-03,Yogurt Fresa 200ml,Lacteos,5,2662.69
2025-03-04,Aceite 1L,Despensa,1,15895.52
2025-03-04,Agua 600ml,Bebidas,9,2117.02
2025-03-04,Arroz 1kg,Despensa,5,4854.05
2025-03-04,Azucar 1kg,Despensa,4,5040.14
2025-03-04,Bebida Energetica 250ml,Bebidas,1,4345.67
2025-03-04,Cafe Molido 250g,Despensa,2,9319.42
2025-03-04,Cerveza Sixpack,Bebidas,3,14547.21
2025-03-04,Chitos 40g,Snacks,1,2847.48
2025-03-04,Chocolate 250g,Despensa,5,6860.12
2025-03-04,Detergente 500g,Aseo,3,6860.32
2025-03-04,Frijol 500g,Granos,1,5112.64
2025-03-04,Galletas Chocolate,Snacks,8,3578.67
2025-03-04,Gaseosa Cola 400ml,Bebidas,15,2892.43
2025-03-04,Gaseosa Manzana 400ml,Bebidas,6,2913.27
2025-03-04,Harina Trigo 1kg,Despensa,3,4069.49
2025-03-04,Huevos x30,Despensa,3,16076.84
2025-03-04,Jabon Barra,Aseo,2,3344.78
2025-03-04,Jugo Mango 300ml,Bebidas,3,3287.52
2025-03-04,Leche Entera 900ml,Lacteos,4,4121.22
2025-03-04,Lenteja 500g,Granos,4,4778.44
2025-03-04,Mani 50g,Snacks,5,2792.73
2025-03-04,Pan Blandito x5,Panaderia,6,3150.48
2025-03-04,Pan Tajado 500g,Panaderia,6,6237.09
2025-03-04,Papas 30g,Snacks,11,2537.11
2025-03-04,Papel Higienico x4,Aseo,1,8916.52
2025-03-04,Queso Campesino 250g,Lacteos,7,7443.0
2025-03-04,Sal 500g,Despensa,5,1878.75
2025-03-04,Yogurt Fresa 200ml,Lacteos,7,2778.21
2025-03-05,Aceite 1L,Despensa,4,14765.78
2025-03-05,Agua 600ml,Bebidas,4,1994.99
2025-03-05,Arroz 1kg,Despensa,5,4594.24
2025-03-05,Azucar 1kg,Despensa,4,4851.63
2025-03-05,Bebida Energetica 250ml,Bebidas,1,4581.7
2025-03-05,Cafe Molido 250g,Despensa,3,9065.9
2025-03-05,Cerveza Sixpack,Bebidas,2,14712.22
2025-03-05,Chitos 40g,Snacks,4,2662.38
2025-03-05,Chocolate 250g,Despensa,4,8525.81
2025-03-05,Frijol 500g,Granos,3,4508.18
2025-03-05,Galletas Chocolate,Snacks,4,3416.88
2025-03-05,Gaseosa Cola 400ml,Bebidas,4,2952.86
2025-03-05,Gaseosa Manzana 400ml,Bebidas,10,2793.67
2025-03-05,Harina Trigo 1kg,Despensa,1,4118.25
2025-03-05,Huevos x30,Despensa,4,16250.16
2025-03-05,Jabon Barra,Aseo,2,3245.33
2025-03-05,Jugo Mango 300ml,Bebidas,11,3278.75
2025-03-05,Leche Entera 900ml,Lacteos,6,4216.43
2025-03-05,Lenteja 500g,Granos,7,4905.31
2025-03-05,Mani 50g,Snacks,4,3054.97
2025-03-05,Pan Blandito x5,Panaderia,4,3300.91
2025-03-05,Pan Tajado 500g,Panaderia,1,5809.77
2025-03-05,Papas 30g,Snacks,14,2688.54
2025-03-05,Queso Campesino 250g,Lacteos,1,8155.01
2025-03-05,Sal 500g,Despensa,1,1977.62
2025-03-05,Yogurt Fresa 200ml,Lacteos,5,2558.65
2025-03-06,Aceite 1L,Despensa,2,16207.88
2025-03-06,Agua 600ml,Bebidas,3,2071.12
2025-03-06,Arroz 1kg,Despensa,4,4788.86
2025-03-06,Azucar 1kg,Despensa,3,4690.55
2025-03-06,Bebida Energetica 250ml,Bebidas,3,4394.26
2025-03-06,Cafe Molido 250g,Despensa,1,8974.16
2025-03-06,Cerveza Sixpack,Bebidas,3,15480.15
2025-03-06,Chitos 40g,Snacks,10,2709.85
2025-03-06,Chocolate 250g,Despensa,8,7724.17
2025-03-06,Detergente 500g,Aseo,3,6404.33
2025-03-06,Frijol 500g,Granos,3,5360.02
2025-03-06,Galletas Chocolate,Snacks,14,3263.05
2025-03-06,Gaseosa Cola 400ml,Bebidas,11,3049.55
2025-03-06,Gaseosa Manzana 400ml,Bebidas,9,2752.32
2025-03-06,Huevos x30,Despensa,1,16228.19
2025-03-06,Jabon Barra,Aseo,1,3353.95
2025-03-06,Jugo Mango 300ml,Bebidas,5,3323.4
2025-03-06,Leche Entera 900ml,Lacteos,11,4207.55
2025-03-06,Mani 50g,Snacks,1,3047.62
2025-03-06,Pan Blandito x5,Panaderia,1,3289.29
2025-03-06,Pan Tajado 500g,Panaderia,6,6005.26
2025-03-06,Papas 30g,Snacks,7,2144.66
2025-03-06,Papel Higienico x4,Aseo,3,9169.73
2025-03-06,Queso Campesino 250g,Lacteos,3,7771.29
2025-03-06,Sal 500g,Despensa,1,1926.46
2025-03-06,Yogurt Fresa 200ml,Lacteos,9,2721.51
2025-03-07,Agua 600ml,Bebidas,8,2134.25
2025-03-07,Arroz 1kg,Despensa,5,4491.83
2025-03-07,Azucar 1kg,Despensa,12,3751.09
2025-03-07,Bebida Energetica 250ml,Bebidas,3,4583.78
2025-03-07,Cafe Molido 250g,Despensa,1,8504.7
2025-03-07,Cerveza Sixpack,Bebidas,3,15277.57
2025-03-07,Chitos 40g,Snacks,7,2680.41
2025-03-07,Chocolate 250g,Despensa,4,8220.03
2025-03-07,Detergente 500g,Aseo,1,6788.49
2025-03-07,Frijol 500g,Granos,4,5333.22
2025-03-07,Galletas Chocolate,Snacks,7,3749.62
2025-03-07,Gaseosa Cola 400ml,Bebidas,15,2773.41
2025-03-07,Gaseosa Manzana 400ml,Bebidas,11,2951.2
2025-03-07,Harina Trigo 1kg,Despensa,1,3966.97
2025-03-07,Huevos x30,Despensa,4,16501.65
2025-03-07,Jabon Barra,Aseo,1,2975.9
2025-03-07,Jugo Mango 300ml,Bebidas,6,3227.79
2025-03-07,Leche Entera 900ml,Lacteos,3,4290.76
2025-03-07,Lenteja 500g,Granos,2,4757.91
2025-03-07,Mani 50g,Snacks,7,3005.24
2025-03-07,Pan Blandito x5,Panaderia,3,3208.28
2025-03-07,Pan Tajado 500g,Panaderia,6,5523.64
2025-03-07,Papas 30g,Snacks,7,2477.09
2025-03-07,Papel Higienico x4,Aseo,1,9483.9
2025-03-07,Queso Campesino 250g,Lacteos,9,7587.38
2025-03-07,Sal 500g,Despensa,2,1854.56
2025-03-07,Yogurt Fresa 200ml,Lacteos,5,2680.36
2025-03-08,Aceite 1L,Despensa,1,15525.03
2025-03-08,Agua 600ml,Bebidas,10,2124.75
2025-03-08,Arroz 1kg,Despensa,1,4513.61
2025-03-08,Azucar 1kg,Despensa,2,4777.23
2025-03-08,Bebida Energetica 250ml,Bebidas,5,4477.08
2025-03-08,Cafe Molido 250g,Despensa,3,9317.99
2025-03-08,Cerveza Sixpack,Bebidas,3,13099.58
2025-03-08,Chitos 40g,Snacks,1,2520.43
2025-03-08,Chocolate 250g,Despensa,3,8275.41
2025-03-08,Detergente 500g,Aseo,1,6774.54
2025-03-08,Frijol 500g,Granos,4,5524.8
2025-03-08,Galletas Chocolate,Snacks,3,3565.48
2025-03-08,Gaseosa Cola 400ml,Bebidas,9,2830.3
2025-03-08,Gaseosa Manzana 400ml,Bebidas,12,2801.63
2025-03-08,Huevos x30,Despensa,5,14682.23
2025-03-08,Jabon Barra,Aseo,1,3044.66
2025-03-08,Jugo Mango 300ml,Bebidas,12,3264.45
2025-03-08,Leche Entera 900ml,Lacteos,6,4395.03
2025-03-08,Lenteja 500g,Granos,3,5216.13
2025-03-08,Mani 50g,Snacks,7,2821.01
2025-03-08,Pan Blandito x5,Panaderia,8,3305.29
2025-03-08,Pan Tajado 500g,Panaderia,3,5804.94
2025-03-08,Papas 30g,Snacks,27,2129.87
2025-03-08,Papel Higienico x4,Aseo,3,9112.84
2025-03-08,Queso Campesino 250g,Lacteos,3,8271.11
2025-03-08,Sal 500g,Despensa,1,1943.75
2025-03-08,Yogurt Fresa 200ml,Lacteos,6,2688.1
2025-03-09,Aceite 1L,Despensa,3,12799.69
2025-03-09,Agua 600ml,Bebidas,5,1907.64
2025-03-09,Arroz 1kg,Despensa,9,4326.33
2025-03-09,Azucar 1kg,Despensa,2,4904.98
2025-03-09,Bebida Energetica 250ml,Bebidas,4,4582.02
2025-03-09,Cafe Molido 250g,Despensa,1,8672.55
2025-03-09,Cerveza Sixpack,Bebidas,9,13410.18
2025-03-09,Chitos 40g,Snacks,9,2787.91
2025-03-09,Detergente 500g,Aseo,2,6727.09
2025-03-09,Frijol 500g,Granos,6,5267.72
2025-03-09,Galletas Chocolate,Snacks,7,3607.87
2025-03-09,Gaseosa Cola 400ml,Bebidas,17,2876.7
2025-03-09,Gaseosa Manzana 400ml,Bebidas,7,2665.3
2025-03-09,Harina Trigo 1kg,Despensa,2,4182.88
2025-03-09,Huevos x30,Despensa,4,16564.71
2025-03-09,Jabon Barra,Aseo,5,3335.08
2025-03-09,Jugo Mango 300ml,Bebidas,3,3213.33
2025-03-09,Leche Entera 900ml,Lacteos,10,3980.19
2025-03-09,Mani 50g,Snacks,6,3032.33
2025-03-09,Pan Blandito x5,Panaderia,2,3176.15
2025-03-09,Pan Tajado 500g,Panaderia,2,5902.35
2025-03-09,Papas 30g,Snacks,19,2190.38
2025-03-09,Papel Higienico x4,Aseo,1,9071.82
2025-03-09,Queso Campesino 250g,Lacteos,4,7720.2
2025-03-09,Sal 500g,Despensa,1,1890.92
2025-03-09,Yogurt Fresa 200ml,Lacteos,8,2748.44
2025-03-10,Aceite 1L,Despensa,1,15545.46
2025-03-10,Agua 600ml,Bebidas,7,2212.4
2025-03-10,Arroz 1kg,Despensa,5,4837.93
2025-03-10,Azucar 1kg,Despensa,5,4719.6
2025-03-10,Bebida Energetica 250ml,Bebidas,2,4734.86
2025-03-10,Cafe Molido 250g,Despensa,1,9160.81
2025-03-10,Cerveza Sixpack,Bebidas,1,14833.78
2025-03-10,Chitos 40g,Snacks,8,2721.25
2025-03-10,Detergente 500g,Aseo,1,5979.11
2025-03-10,Frijol 500g,Granos,4,5220.3
2025-03-10,Galletas Chocolate,Snacks,5,3406.31
2025-03-10,Gaseosa Cola 400ml,Bebidas,13,2968.61
2025-03-10,Gaseosa Manzana 400ml,Bebidas,22,2558.76
2025-03-10,Huevos x30,Despensa,6,15986.82
2025-03-10,Jabon Barra,Aseo,2,3274.17
2025-03-10,Jugo Mango 300ml,Bebidas,2,3509.34
2025-03-10,Leche Entera 900ml,Lacteos,4,4463.76
2025-03-10,Mani 50g,Snacks,6,2939.5
2025-03-10,Pan Blandito x5,Panaderia,4,2964.87
2025-03-10,Pan Tajado 500g,Panaderia,5,5899.92
2025-03-10,Papas 30g,Snacks,12,2521.72
2025-03-10,Queso Campesino 250g,Lacteos,6,7950.12
2025-03-10,Sal 500g,Despensa,2,1964.34
2025-03-10,Yogurt Fresa 200ml,Lacteos,8,2759.77
2025-03-11,Agua 600ml,Bebidas,3,2111.86
2025-03-11,Arroz 1kg,Despensa,2,4600.16
2025-03-11,Azucar 1kg,Despensa,3,4904.04
2025-03-11,Cerveza Sixpack,Bebidas,1,14409.1
2025-03-11,Chitos 40g,Snacks,7,2632.89
2025-03-11,Chocolate 250g,Despensa,2,8241.01
2025-03-11,Detergente 500g,Aseo,2,6960.1
2025-03-11,Frijol 500g,Granos,2,5084.25
2025-03-11,Galletas Chocolate,Snacks,8,3501.28
2025-03-11,Gaseosa Cola 400ml,Bebidas,14,3041.93
2025-03-11,Gaseosa Manzana 400ml,Bebidas,8,2624.05
2025-03-11,Harina Trigo 1kg,Despensa,5,3473.05
2025-03-11,Huevos x30,Despensa,1,16986.85
2025-03-11,Jabon Barra,Aseo,1,3099.94
2025-03-11,Jugo Mango 300ml,Bebidas,1,3242.57
2025-03-11,Leche Entera 900ml,Lacteos,8,4233.78
2025-03-11,Mani 50g,Snacks,3,3022.25
2025-03-11,Pan Blandito x5,Panaderia,3,3029.42
2025-03-11,Pan Tajado 500g,Panaderia,4,5701.46
2025-03-11,Papas 30g,Snacks,3,2622.14
2025-03-11,Queso Campesino 250g,Lacteos,3,8103.39
2025-03-11,Sal 500g,Despensa,3,1986.23
2025-03-11,Yogurt Fresa 200ml,Lacteos,10,2574.51
2025-03-12,Aceite 1L,Despensa,3,16531.38
2025-03-12,Agua 600ml,Bebidas,8,2016.68
2025-03-12,Arroz 1kg,Despensa,4,4759.37
2025-03-12,Azucar 1kg,Despensa,3,4935.19
2025-03-12,Bebida Energetica 250ml,Bebidas,1,3604.1
2025-03-12,Cafe Molido 250g,Despensa,2,7733.56
2025-03-12,Cerveza Sixpack,Bebidas,5,14738.76
2025-03-12,Chitos 40g,Snacks,4,2856.58
2025-03-12,Chocolate 250g,Despensa,3,8443.35
2025-03-12,Detergente 500g,Aseo,3,6621.03
2025-03-12,Galletas Chocolate,Snacks,6,3615.33
2025-03-12,Gaseosa Cola 400ml,Bebidas,20,2701.9
2025-03-12,Gaseosa Manzana 400ml,Bebidas,11,2755.29
2025-03-12,Harina Trigo 1kg,Despensa,7,4152.45
2025-03-12,Huevos x30,Despensa,6,17070.65
2025-03-12,Jabon Barra,Aseo,6,2994.75
2025-03-12,Jugo Mango 300ml,Bebidas,5,3331.89
2025-03-12,Leche Entera 900ml,Lacteos,7,4348.65
2025-03-12,Lenteja 500g,Granos,1,4931.2
2025-03-12,Mani 50g,Snacks,1,3022.39
2025-03-12,Pan Blandito x5,Panaderia,6,3345.21
2025-03-12,Pan Tajado 500g,Panaderia,2,6329.77
2025-03-12,Papas 30g,Snacks,11,2485.75
2025-03-12,Papel Higienico x4,Aseo,1,9837.34
2025-03-12,Queso Campesino 250g,Lacteos,2,7100.56
2025-03-12,Sal 500g,Despensa,5,1949.3
2025-03-12,Yogurt Fresa 200ml,Lacteos,6,2679.84
2025-03-13,Aceite 1L,Despensa,4,15983.6
2025-03-13,Agua 600ml,Bebidas,9,2210.8
2025-03-13,Arroz 1kg,Despensa,6,4888.21
2025-03-13,Azucar 1kg,Despensa,2,4832.11
2025-03-13,Bebida Energetica 250ml,Bebidas,3,4251.33
2025-03-13,Cafe Molido 250g,Despensa,1,9314.25
2025-03-13,Cerveza Sixpack,Bebidas,2,14946.24
2025-03-13,Chitos 40g,Snacks,4,2630.25
2025-03-13,Chocolate 250g,Despensa,3,8447.97
2025-03-13,Detergente 500g,Aseo,2,6928.3
2025-03-13,Frijol 500g,Granos,5,5241.91
2025-03-13,Galletas Chocolate,Snacks,3,3626.63
2025-03-13,Gaseosa Cola 400ml,Bebidas,7,2930.74
2025-03-13,Gaseosa Manzana 400ml,Bebidas,8,2752.86
2025-03-13,Harina Trigo 1kg,Despensa,1,4020.45
2025-03-13,Huevos x30,Despensa,2,17409.55
2025-03-13,Jabon Barra,Aseo,3,3203.82
2025-03-13,Jugo Mango 300ml,Bebidas,9,2787.21
2025-03-13,Leche Entera 900ml,Lacteos,8,4337.55
2025-03-13,Mani 50g,Snacks,5,2877.92
2025-03-13,Pan Blandito x5,Panaderia,5,3004.86
2025-03-13,Pan Tajado 500g,Panaderia,2,5919.1
2025-03-13,Papas 30g,Snacks,10,2430.1
2025-03-13,Papel Higienico x4,Aseo,2,8940.95
2025-03-13,Queso Campesino 250g,Lacteos,2,7950.58
2025-03-13,Sal 500g,Despensa,3,1878.61
2025-03-13,Yogurt Fresa 200ml,Lacteos,3,2695.84
2025-03-14,Agua 600ml,Bebidas,11,2066.91
2025-03-14,Arroz 1kg,Despensa,4,4865.09
2025-03-14,Azucar 1kg,Despensa,2,4824.41
2025-03-14,Bebida Energetica 250ml,Bebidas,5,4718.05
2025-03-14,Cafe Molido 250g,Despensa,1,8979.74
2025-03-14,Cerveza Sixpack,Bebidas,9,13988.02
2025-03-14,Chitos 40g,Snacks,6,2802.79
2025-03-14,Chocolate 250g,Despensa,1,8336.14
2025-03-14,Detergente 500g,Aseo,1,6835.51
2025-03-14,Frijol 500g,Granos,4,5055.75
2025-03-14,Galletas Chocolate,Snacks,16,3375.05
2025-03-14,Gaseosa Cola 400ml,Bebidas,17,3001.65
2025-03-14,Gaseosa Manzana 400ml,Bebidas,9,2974.93
2025-03-14,Harina Trigo 1kg,Despensa,4,3925.86
2025-03-14,Huevos x30,Despensa,7,16687.78
2025-03-14,Jabon Barra,Aseo,5,3182.35
2025-03-14,Jugo Mango 300ml,Bebidas,6,3146.3
2025-03-14,Leche Entera 900ml,Lacteos,9,4071.3
2025-03-14,Mani 50g,Snacks,4,3026.13
2025-03-14,Pan Blandito x5,Panaderia,8,3141.44
2025-03-14,Pan Tajado 500g,Panaderia,3,6253.43
2025-03-14,Papas 30g,Snacks,14,2368.27
2025-03-14,Papel Higienico x4,Aseo,1,9224.33
2025-03-14,Queso Campesino 250g,Lacteos,9,7626.94
2025-03-14,Sal 500g,Despensa,2,1757.45
2025-03-14,Yogurt Fresa 200ml,Lacteos,9,2517.96
2025-03-15,Aceite 1L,Despensa,1,16197.71
2025-03-15,Agua 600ml,Bebidas,6,2171.4
2025-03-15,Arroz 1kg,Despensa,6,4842.63
2025-03-15,Azucar 1kg,Despensa,3,4754.18
2025-03-15,Bebida Energetica 250ml,Bebidas,3,4690.43
2025-03-15,Cafe Molido 250g,Despensa,2,9522.29
2025-03-15,Cerveza Sixpack,Bebidas,2,14030.73
2025-03-15,Chitos 40g,Snacks,5,2802.25
2025-03-15,Detergente 500g,Aseo,2,6288.17
2025-03-15,Frijol 500g,Granos,2,5227.08
2025-03-15,Galletas Chocolate,Snacks,12,3696.86
2025-03-15,Gaseosa Cola 400ml,Bebidas,11,2876.45
2025-03-15,Gaseosa Manzana 400ml,Bebidas,12,2682.88
2025-03-15,Harina Trigo 1kg,Despensa,2,4228.21
2025-03-15,Huevos x30,Despensa,3,16305.34
2025-03-15,Jabon Barra,Aseo,8,2861.54
2025-03-15,Jugo Mango 300ml,Bebidas,12,3333.85
2025-03-15,Leche Entera 900ml,Lacteos,6,4020.09
2025-03-15,Lenteja 500g,Granos,2,4753.3
2025-03-15,Mani 50g,Snacks,5,2477.66
2025-03-15,Pan Blandito x5,Panaderia,4,3147.03
2025-03-15,Pan Tajado 500g,Panaderia,4,5719.78
2025-03-15,Papas 30g,Snacks,12,2578.73
2025-03-15,Papel Higienico x4,Aseo,2,9057.99
2025-03-15,Queso Campesino 250g,Lacteos,2,7278.85
2025-03-15,Sal 500g,Despensa,2,1972.73
2025-03-15,Yogurt Fresa 200ml,Lacteos,6,2595.44
2025-03-16,Aceite 1L,Despensa,1,15395.59
2025-03-16,Agua 600ml,Bebidas,12,2164.16
2025-03-16,Arroz 1kg,Despensa,1,4675.37
2025-03-16,Bebida Energetica 250ml,Bebidas,2,4640.96
2025-03-16,Cerveza Sixpack,Bebidas,5,14705.04
2025-03-16,Chitos 40g,Snacks,3,2481.08
2025-03-16,Chocolate 250g,Despensa,2,8599.39
2025-03-16,Detergente 500g,Aseo,2,6566.57
2025-03-16,Frijol 500g,Granos,7,5406.35
2025-03-16,Galletas Chocolate,Snacks,7,3611.88
2025-03-16,Gaseosa Cola 400ml,Bebidas,15,2995.21
2025-03-16,Gaseosa Manzana 400ml,Bebidas,13,2856.94
2025-03-16,Harina Trigo 1kg,Despensa,4,4038.5
2025-03-16,Huevos x30,Despensa,3,17515.64
2025-03-16,Jabon Barra,Aseo,3,3178.13
2025-03-16,Jugo Mango 300ml,Bebidas,10,3176.16
2025-03-16,Leche Entera 900ml,Lacteos,7,4017.13
2025-03-16,Lenteja 500g,Granos,3,4913.77
2025-03-16,Mani 50g,Snacks,3,2953.21
2025-03-16,Pan Blandito x5,Panaderia,5,3316.56
2025-03-16,Pan Tajado 500g,Panaderia,3,5919.9
2025-03-16,Papas 30g,Snacks,10,2521.12
2025-03-16,Queso Campesino 250g,Lacteos,7,7139.04
2025-03-16,Sal 500g,Despensa,4,1801.11
2025-03-16,Yogurt Fresa 200ml,Lacteos,10,2627.15
2025-03-17,Aceite 1L,Despensa,6,15650.42
2025-03-17,Agua 600ml,Bebidas,6,2120.01
2025-03-17,Arroz 1kg,Despensa,3,4153.56
2025-03-17,Azucar 1kg,Despensa,2,4799.13
2025-03-17,Bebida Energetica 250ml,Bebidas,4,4317.24
2025-03-17,Cafe Molido 250g,Despensa,3,8814.18
2025-03-17,Cerveza Sixpack,Bebidas,3,14530.25
2025-03-17,Chitos 40g,Snacks,6,2803.41
2025-03-17,Detergente 500g,Aseo,2,6928.14
2025-03-17,Frijol 500g,Granos,1,4826.48
2025-03-17,Galletas Chocolate,Snacks,5,3552.98
2025-03-17,Gaseosa Cola 400ml,Bebidas,11,2417.08
2025-03-17,Gaseosa Manzana 400ml,Bebidas,8,2785.36
2025-03-17,Harina Trigo 1kg,Despensa,3,4061.86
2025-03-17,Huevos x30,Despensa,3,16203.03
2025-03-17,Jabon Barra,Aseo,3,3400.34
2025-03-17,Jugo Mango 300ml,Bebidas,6,3512.81
2025-03-17,Leche Entera 900ml,Lacteos,6,3797.8
2025-03-17,Mani 50g,Snacks,5,3177.15
2025-03-17,Pan Blandito x5,Panaderia,5,3126.85
2025-03-17,Pan Tajado 500g,Panaderia,5,6278.13
2025-03-17,Papas 30g,Snacks,10,2418.53
2025-03-17,Queso Campesino 250g,Lacteos,3,7771.81
2025-03-17,Sal 500g,Despensa,1,1858.56
2025-03-17,Yogurt Fresa 200ml,Lacteos,4,2510.79
2025-03-18,Aceite 1L,Despensa,1,16328.95
2025-03-18,Agua 600ml,Bebidas,8,2114.82
2025-03-18,Arroz 1kg,Despensa,6,4506.24
2025-03-18,Azucar 1kg,Despensa,3,4787.96
2025-03-18,Bebida Energetica 250ml,Bebidas,4,4719.18
2025-03-18,Cafe Molido 250g,Despensa,4,9509.71
2025-03-18,Cerveza Sixpack,Bebidas,3,13818.5
2025-03-18,Chitos 40g,Snacks,5,2587.97
2025-03-18,Chocolate 250g,Despensa,2,9000.98
2025-03-18,Detergente 500g,Aseo,3,6808.91
2025-03-18,Frijol 500g,Granos,3,4963.24
2025-03-18,Galletas Chocolate,Snacks,5,3707.83
2025-03-18,Gaseosa Cola 400ml,Bebidas,18,2562.21
2025-03-18,Gaseosa Manzana 400ml,Bebidas,10,2869.68
2025-03-18,Harina Trigo 1kg,Despensa,3,4215.61
2025-03-18,Huevos x30,Despensa,4,17202.13
2025-03-18,Jabon Barra,Aseo,2,3202.91
2025-03-18,Jugo Mango 300ml,Bebidas,5,3321.37
2025-03-18,Leche Entera 900ml,Lacteos,11,3559.58
2025-03-18,Lenteja 500g,Granos,2,4686.38
2025-03-18,Mani 50g,Snacks,6,2899.11
2025-03-18,Pan Blandito x5,Panaderia,4,3099.47
2025-03-18,Pan Tajado 500g,Panaderia,2,5774.18
2025-03-18,Papas 30g,Snacks,8,2547.61
2025-03-18,Papel Higienico x4,Aseo,1,8538.14
2025-03-18,Queso Campesino 250g,Lacteos,2,7813.74
2025-03-18,Sal 500g,Despensa,4,1905.45
2025-03-18,Yogurt Fresa 200ml,Lacteos,5,2690.66
2025-03-19,Aceite 1L,Despensa,2,13970.8
2025-03-19,Agua 600ml,Bebidas,10,2036.12
2025-03-19,Arroz 1kg,Despensa,4,4679.91
2025-03-19,Azucar 1kg,Despensa,2,4845.27
2025-03-19,Bebida Energetica 250ml,Bebidas,3,4578.33
2025-03-19,Cerveza Sixpack,Bebidas,3,14918.33
2025-03-19,Chitos 40g,Snacks,8,2689.86
2025-03-19,Detergente 500g,Aseo,4,6422.32
2025-03-19,Frijol 500g,Granos,4,4955.8
2025-03-19,Galletas Chocolate,Snacks,4,3636.71
2025-03-19,Gaseosa Cola 400ml,Bebidas,12,2941.24
2025-03-19,Gaseosa Manzana 400ml,Bebidas,16,2540.53
2025-03-19,Harina Trigo 1kg,Despensa,1,4235.1
2025-03-19,Huevos x30,Despensa,3,15786.19
2025-03-19,Jabon Barra,Aseo,7,2693.09
2025-03-19,Jugo Mango 300ml,Bebidas,5,3192.48
2025-03-19,Leche Entera 900ml,Lacteos,9,4087.05
2025-03-19,Lenteja 500g,Granos,4,5094.84
2025-03-19,Mani 50g,Snacks,3,2812.8
2025-03-19,Pan Blandito x5,Panaderia,5,3295.87
2025-03-19,Pan Tajado 500g,Panaderia,3,5964.16
2025-03-19,Papas 30g,Snacks,9,2640.09
2025-03-19,Papel Higienico x4,Aseo,5,9216.66
2025-03-19,Queso Campesino 250g,Lacteos,1,7768.31
2025-03-19,Sal 500g,Despensa,4,1741.32
2025-03-19,Yogurt Fresa 200ml,Lacteos,5,2515.38
2025-03-20,Aceite 1L,Despensa,1,15759.58
2025-03-20,Agua 600ml,Bebidas,24,1757.64
2025-03-20,Arroz 1kg,Despensa,2,4562.69
2025-03-20,Azucar 1kg,Despensa,1,4759.42
2025-03-20,Bebida Energetica 250ml,Bebidas,4,4235.71
2025-03-20,Cafe Molido 250g,Despensa,1,9658.97
2025-03-20,Cerveza Sixpack,Bebidas,4,15629.97
2025-03-20,Chitos 40g,Snacks,1,2597.58
2025-03-20,Chocolate 250g,Despensa,1,8014.58
2025-03-20,Detergente 500g,Aseo,1,6522.93
2025-03-20,Galletas Chocolate,Snacks,8,3670.64
2025-03-20,Gaseosa Cola 400ml,Bebidas,8,2880.47
2025-03-20,Gaseosa Manzana 400ml,Bebidas,7,2856.42
2025-03-20,Harina Trigo 1kg,Despensa,2,3910.0
2025-03-20,Huevos x30,Despensa,1,17315.57
2025-03-20,Jabon Barra,Aseo,2,3182.57
2025-03-20,Jugo Mango 300ml,Bebidas,3,3439.43
2025-03-20,Leche Entera 900ml,Lacteos,9,4107.99
2025-03-20,Lenteja 500g,Granos,1,5082.05
2025-03-20,Mani 50g,Snacks,1,2972.82
2025-03-20,Pan Blandito x5,Panaderia,7,3421.0
2025-03-20,Pan Tajado 500g,Panaderia,3,5873.22
2025-03-20,Papas 30g,Snacks,8,2524.4
2025-03-20,Papel Higienico x4,Aseo,2,8939.77
2025-03-20,Queso Campesino 250g,Lacteos,5,7512.45
2025-03-20,Sal 500g,Despensa,2,1881.32
2025-03-20,Yogurt Fresa 200ml,Lacteos,7,2581.99
2025-03-21,Aceite 1L,Despensa,3,15973.38
2025-03-21,Agua 600ml,Bebidas,5,2141.23
2025-03-21,Arroz 1kg,Despensa,2,4756.38
2025-03-21,Azucar 1kg,Despensa,2,4713.63
2025-03-21,Bebida Energetica 250ml,Bebidas,2,4418.57
2025-03-21,Cafe Molido 250g,Despensa,4,9142.73
2025-03-21,Cerveza Sixpack,Bebidas,5,15776.16
2025-03-21,Chitos 40g,Snacks,5,2801.41
2025-03-21,Detergente 500g,Aseo,2,5642.73
2025-03-21,Frijol 500g,Granos,3,5315.11
2025-03-21,Galletas Chocolate,Snacks,9,3559.11
2025-03-21,Gaseosa Cola 400ml,Bebidas,16,3039.27
2025-03-21,Gaseosa Manzana 400ml,Bebidas,6,2876.01
2025-03-21,Harina Trigo 1kg,Despensa,4,4178.05
2025-03-21,Huevos x30,Despensa,2,16644.15
2025-03-21,Jabon Barra,Aseo,2,3267.28
2025-03-21,Jugo Mango 300ml,Bebidas,4,3221.84
2025-03-21,Leche Entera 900ml,Lacteos,7,4337.47
2025-03-21,Lenteja 500g,Granos,2,4889.49
2025-03-21,Mani 50g,Snacks,8,2745.28
2025-03-21,Pan Blandito x5,Panaderia,7,3177.51
2025-03-21,Pan Tajado 500g,Panaderia,4,5690.58
2025-03-21,Papas 30g,Snacks,8,2540.58
2025-03-21,Queso Campesino 250g,Lacteos,5,7562.18
2025-03-21,Sal 500g,Despensa,1,2034.08
2025-03-21,Yogurt Fresa 200ml,Lacteos,10,2437.62
2025-03-22,Aceite 1L,Despensa,2,15406.01
2025-03-22,Agua 600ml,Bebidas,5,2042.93
2025-03-22,Arroz 1kg,Despensa,5,4836.76
2025-03-22,Azucar 1kg,Despensa,6,4243.71
2025-03-22,Bebida Energetica 250ml,Bebidas,1,4763.54
2025-03-22,Cafe Molido 250g,Despensa,4,7923.37
2025-03-22,Cerveza Sixpack,Bebidas,4,14780.5
2025-03-22,Chitos 40g,Snacks,7,2701.86
2025-03-22,Detergente 500g,Aseo,2,6687.07
2025-03-22,Frijol 500g,Granos,3,5060.3
2025-03-22,Galletas Chocolate,Snacks,8,3664.3
2025-03-22,Gaseosa Cola 400ml,Bebidas,12,3075.56
2025-03-22,Gaseosa Manzana 400ml,Bebidas,15,2894.95
2025-03-22,Harina Trigo 1kg,Despensa,1,4157.74
2025-03-22,Huevos x30,Despensa,1,16671.93
2025-03-22,Jabon Barra,Aseo,2,3363.5
2025-03-22,Jugo Mango 300ml,Bebidas,3,3199.84
2025-03-22,Leche Entera 900ml,Lacteos,3,4173.12
2025-03-22,Lenteja 500g,Granos,1,4259.1
2025-03-22,Mani 50g,Snacks,11,3077.4
2025-03-22,Pan Tajado 500g,Panaderia,5,6062.72
2025-03-22,Papas 30g,Snacks,16,2657.49
2025-03-22,Papel Higienico x4,Aseo,3,9928.48
2025-03-22,Queso Campesino 250g,Lacteos,3,8075.2
2025-03-22,Yogurt Fresa 200ml,Lacteos,9,2765.19
2025-03-23,Aceite 1L,Despensa,2,15585.91
2025-03-23,Agua 600ml,Bebidas,9,2092.92
2025-03-23,Arroz 1kg,Despensa,4,4868.34
2025-03-23,Azucar 1kg,Despensa,3,4570.73
2025-03-23,Bebida Energetica 250ml,Bebidas,3,4534.46
2025-03-23,Cafe Molido 250g,Despensa,3,8983.08
2025-03-23,Cerveza Sixpack,Bebidas,4,15369.64
2025-03-23,Chitos 40g,Snacks,6,2673.33
2025-03-23,Chocolate 250g,Despensa,2,7873.43
2025-03-23,Detergente 500g,Aseo,3,6747.18
2025-03-23,Frijol 500g,Granos,2,5124.76
2025-03-23,Galletas Chocolate,Snacks,10,3524.38
2025-03-23,Gaseosa Cola 400ml,Bebidas,16,3002.04
2025-03-23,Gaseosa Manzana 400ml,Bebidas,10,2771.89
2025-03-23,Harina Trigo 1kg,Despensa,2,4251.86
2025-03-23,Huevos x30,Despensa,1,15949.58
2025-03-23,Jabon Barra,Aseo,5,2717.65
2025-03-23,Jugo Mango 300ml,Bebidas,10,3400.77
2025-03-23,Leche Entera 900ml,Lacteos,9,4086.89
2025-03-23,Lenteja 500g,Granos,1,5011.85
2025-03-23,Mani 50g,Snacks,2,2901.97
2025-03-23,Pan Blandito x5,Panaderia,1,3145.76
2025-03-23,Pan Tajado 500g,Panaderia,2,5841.4
2025-03-23,Papas 30g,Snacks,12,2632.56
2025-03-23,Papel Higienico x4,Aseo,1,10050.06
2025-03-23,Sal 500g,Despensa,5,1891.34
2025-03-23,Yogurt Fresa 200ml,Lacteos,15,2268.21
2025-03-24,Aceite 1L,Despensa,5,13193.63
2025-03-24,Agua 600ml,Bebidas,9,2038.37
2025-03-24,Arroz 1kg,Despensa,5,4764.59
2025-03-24,Azucar 1kg,Despensa,3,4953.3
2025-03-24,Bebida Energetica 250ml,Bebidas,6,4671.41
2025-03-24,Cafe Molido 250g,Despensa,3,9264.65
2025-03-24,Cerveza Sixpack,Bebidas,6,14554.9
2025-03-24,Chitos 40g,Snacks,9,2621.12
2025-03-24,Chocolate 250g,Despensa,3,8454.85
2025-03-24,Frijol 500g,Granos,3,5282.33
2025-03-24,Galletas Chocolate,Snacks,3,3373.46
2025-03-24,Gaseosa Cola 400ml,Bebidas,18,2808.14
2025-03-24,Gaseosa Manzana 400ml,Bebidas,4,2823.47
2025-03-24,Harina Trigo 1kg,Despensa,3,4168.14
2025-03-24,Huevos x30,Despensa,4,16128.8
2025-03-24,Jabon Barra,Aseo,3,2946.73
2025-03-24,Jugo Mango 300ml,Bebidas,8,3153.17
2025-03-24,Leche Entera 900ml,Lacteos,12,3420.8
2025-03-24,Lenteja 500g,Granos,1,4604.82
2025-03-24,Mani 50g,Snacks,3,2884.02
2025-03-24,Pan Blandito x5,Panaderia,4,2912.18
2025-03-24,Pan Tajado 500g,Panaderia,4,6224.8
2025-03-24,Papas 30g,Snacks,6,2509.69
2025-03-24,Sal 500g,Despensa,1,1797.61
2025-03-24,Yogurt Fresa 200ml,Lacteos,3,2571.24
2025-03-25,Aceite 1L,Despensa,6,16228.17
2025-03-25,Agua 600ml,Bebidas,7,2153.32
2025-03-25,Arroz 1kg,Despensa,5,4856.06
2025-03-25,Azucar 1kg,Despensa,4,4663.45
2025-03-25,Bebida Energetica 250ml,Bebidas,5,4686.63
2025-03-25,Cafe Molido 250g,Despensa,1,9387.32
2025-03-25,Cerveza Sixpack,Bebidas,2,14823.45
2025-03-25,Chitos 40g,Snacks,7,2791.38
2025-03-25,Chocolate 250g,Despensa,1,8790.45
2025-03-25,Detergente 500g,Aseo,2,6347.04
2025-03-25,Frijol 500g,Granos,3,5163.1
2025-03-25,Galletas Chocolate,Snacks,7,3565.84
2025-03-25,Gaseosa Cola 400ml,Bebidas,9,2876.88
2025-03-25,Gaseosa Manzana 400ml,Bebidas,6,2872.46
2025-03-25,Harina Trigo 1kg,Despensa,4,4123.74
2025-03-25,Jabon Barra,Aseo,3,3296.62
2025-03-25,Jugo Mango 300ml,Bebidas,10,3306.19
2025-03-25,Leche Entera 900ml,Lacteos,8,3733.96
2025-03-25,Lenteja 500g,Granos,6,4783.74
2025-03-25,Mani 50g,Snacks,6,3061.22
2025-03-25,Pan Blandito x5,Panaderia,7,2966.49
2025-03-25,Pan Tajado 500g,Panaderia,3,5767.84
2025-03-25,Papas 30g,Snacks,17,2718.79
2025-03-25,Papel Higienico x4,Aseo,3,9189.46
2025-03-25,Queso Campesino 250g,Lacteos,5,8161.13
2025-03-25,Sal 500g,Despensa,2,1888.16
2025-03-25,Yogurt Fresa 200ml,Lacteos,5,2565.81
2025-03-26,Aceite 1L,Despensa,3,16187.87
2025-03-26,Agua 600ml,Bebidas,10,2194.96
2025-03-26,Arroz 1kg,Despensa,4,4673.81
2025-03-26,Azucar 1kg,Despensa,2,4786.82
2025-03-26,Bebida Energetica 250ml,Bebidas,1,3603.81
2025-03-26,Cafe Molido 250g,Despensa,2,9161.24
2025-03-26,Cerveza Sixpack,Bebidas,3,16284.44
2025-03-26,Chitos 40g,Snacks,4,2662.31
2025-03-26,Detergente 500g,Aseo,1,6997.11
2025-03-26,Frijol 500g,Granos,4,5292.35
2025-03-26,Galletas Chocolate,Snacks,1,3652.18
2025-03-26,Gaseosa Cola 400ml,Bebidas,13,2805.97
2025-03-26,Gaseosa Manzana 400ml,Bebidas,7,2921.29
2025-03-26,Huevos x30,Despensa,5,15241.49
2025-03-26,Jabon Barra,Aseo,5,3152.35
2025-03-26,Jugo Mango 300ml,Bebidas,3,3263.17
2025-03-26,Leche Entera 900ml,Lacteos,8,4327.47
2025-03-26,Lenteja 500g,Granos,4,4998.4
2025-03-26,Mani 50g,Snacks,6,3082.4
2025-03-26,Pan Blandito x5,Panaderia,3,3368.72
2025-03-26,Pan Tajado 500g,Panaderia,7,6030.85
2025-03-26,Papas 30g,Snacks,9,2499.15
2025-03-26,Papel Higienico x4,Aseo,1,8994.06
2025-03-26,Queso Campesino 250g,Lacteos,3,7631.55
2025-03-26,Sal 500g,Despensa,4,1929.18
2025-03-26,Yogurt Fresa 200ml,Lacteos,3,2619.13
2025-03-27,Aceite 1L,Despensa,1,15781.47
2025-03-27,Agua 600ml,Bebidas,8,2146.34
2025-03-27,Arroz 1kg,Despensa,4,4581.64
2025-03-27,Bebida Energetica 250ml,Bebidas,4,4374.05
2025-03-27,Cafe Molido 250g,Despensa,1,9108.89
2025-03-27,Cerveza Sixpack,Bebidas,10,12836.36
2025-03-27,Chitos 40g,Snacks,4,2694.76
2025-03-27,Chocolate 250g,Despensa,2,8768.38
2025-03-27,Detergente 500g,Aseo,4,6194.0
2025-03-27,Frijol 500g,Granos,2,5408.35
2025-03-27,Galletas Chocolate,Snacks,8,3578.47
2025-03-27,Gaseosa Cola 400ml,Bebidas,11,2852.65
2025-03-27,Gaseosa Manzana 400ml,Bebidas,9,2881.98
2025-03-27,Harina Trigo 1kg,Despensa,1,4188.91
2025-03-27,Huevos x30,Despensa,3,16304.0
2025-03-27,Jabon Barra,Aseo,6,3431.36
2025-03-27,Jugo Mango 300ml,Bebidas,6,3297.62
2025-03-27,Leche Entera 900ml,Lacteos,2,4081.44
2025-03-27,Lenteja 500g,Granos,4,4850.0
2025-03-27,Mani 50g,Snacks,4,3005.7
2025-03-27,Pan Blandito x5,Panaderia,5,3137.77
2025-03-27,Pan Tajado 500g,Panaderia,5,5676.65
2025-03-27,Papas 30g,Snacks,9,2564.02
2025-03-27,Queso Campesino 250g,Lacteos,2,7921.45
2025-03-27,Yogurt Fresa 200ml,Lacteos,7,2651.66
2025-03-28,Aceite 1L,Despensa,3,16807.78
2025-03-28,Agua 600ml,Bebidas,11,2161.96
2025-03-28,Arroz 1kg,Despensa,2,4033.1
2025-03-28,Azucar 1kg,Despensa,3,4868.39
2025-03-28,Bebida Energetica 250ml,Bebidas,4,4424.35
2025-03-28,Cafe Molido 250g,Despensa,3,9357.38
2025-03-28,Cerveza Sixpack,Bebidas,4,14301.35
2025-03-28,Chitos 40g,Snacks,6,2423.37
2025-03-28,Detergente 500g,Aseo,1,6881.84
2025-03-28,Frijol 500g,Granos,4,5339.24
2025-03-28,Galletas Chocolate,Snacks,10,4021.48
2025-03-28,Gaseosa Cola 400ml,Bebidas,9,2848.1
2025-03-28,Gaseosa Manzana 400ml,Bebidas,10,2649.03
2025-03-28,Harina Trigo 1kg,Despensa,1,4159.81
2025-03-28,Huevos x30,Despensa,4,16126.51
2025-03-28,Jabon Barra,Aseo,2,3128.35
2025-03-28,Jugo Mango 300ml,Bebidas,2,3220.99
2025-03-28,Leche Entera 900ml,Lacteos,3,4279.83
2025-03-28,Lenteja 500g,Granos,2,5009.33
2025-03-28,Mani 50g,Snacks,7,2916.95
2025-03-28,Pan Blandito x5,Panaderia,7,3352.3
2025-03-28,Pan Tajado 500g,Panaderia,4,5790.46
2025-03-28,Papas 30g,Snacks,28,2320.26
2025-03-28,Papel Higienico x4,Aseo,2,8234.18
2025-03-28,Queso Campesino 250g,Lacteos,3,7940.94
2025-03-28,Sal 500g,Despensa,2,1898.41
2025-03-28,Yogurt Fresa 200ml,Lacteos,6,2551.59
2025-03-29,Aceite 1L,Despensa,1,15262.33
2025-03-29,Agua 600ml,Bebidas,11,2158.21
2025-03-29,Arroz 1kg,Despensa,6,4895.66
2025-03-29,Azucar 1kg,Despensa,4,4577.09
2025-03-29,Bebida Energetica 250ml,Bebidas,6,4662.54
2025-03-29,Cafe Molido 250g,Despensa,2,9807.66
2025-03-29,Cerveza Sixpack,Bebidas,5,13226.5
2025-03-29,Chitos 40g,Snacks,8,2862.79
2025-03-29,Detergente 500g,Aseo,2,6696.83
2025-03-29,Frijol 500g,Granos,1,5163.74
2025-03-29,Galletas Chocolate,Snacks,7,3485.56
2025-03-29,Gaseosa Cola 400ml,Bebidas,22,2877.19
2025-03-29,Gaseosa Manzana 400ml,Bebidas,9,2670.88
2025-03-29,Harina Trigo 1kg,Despensa,2,4149.35
2025-03-29,Huevos x30,Despensa,1,16875.86
2025-03-29,Jabon Barra,Aseo,4,3209.64
2025-03-29,Jugo Mango 300ml,Bebidas,7,3350.01
2025-03-29,Leche Entera 900ml,Lacteos,11,4055.18
2025-03-29,Lenteja 500g,Granos,1,4869.04
2025-03-29,Mani 50g,Snacks,4,2902.17
2025-03-29,Pan Blandito x5,Panaderia,4,3028.67
2025-03-29,Pan Tajado 500g,Panaderia,5,6073.57
2025-03-29,Papas 30g,Snacks,9,2798.29
2025-03-29,Papel Higienico x4,Aseo,4,7819.54
2025-03-29,Queso Campesino 250g,Lacteos,4,8245.82
2025-03-29,Sal 500g,Despensa,2,1956.02
2025-03-29,Yogurt Fresa 200ml,Lacteos,5,2579.25
2025-03-30,Aceite 1L,Despensa,3,15740.47
2025-03-30,Agua 600ml,Bebidas,4,2138.53
2025-03-30,Arroz 1kg,Despensa,12,4553.24
2025-03-30,Azucar 1kg,Despensa,2,4949.12
2025-03-30,Bebida Energetica 250ml,Bebidas,6,4408.57
2025-03-30,Cerveza Sixpack,Bebidas,2,15626.53
2025-03-30,Chitos 40g,Snacks,8,2826.91
2025-03-30,Chocolate 250g,Despensa,7,8760.79
2025-03-30,Detergente 500g,Aseo,1,6746.75
2025-03-30,Frijol 500g,Granos,2,5124.94
2025-03-30,Galletas Chocolate,Snacks,8,3649.38
2025-03-30,Gaseosa Cola 400ml,Bebidas,9,2988.02
2025-03-30,Gaseosa Manzana 400ml,Bebidas,6,2799.54
2025-03-30,Harina Trigo 1kg,Despensa,3,4417.5
2025-03-30,Huevos x30,Despensa,4,16349.42
2025-03-30,Jabon Barra,Aseo,3,3130.51
2025-03-30,Jugo Mango 300ml,Bebidas,6,3287.28
2025-03-30,Leche Entera 900ml,Lacteos,6,4466.84
2025-03-30,Lenteja 500g,Granos,2,4787.77
2025-03-30,Mani 50g,Snacks,8,3020.01
2025-03-30,Pan Blandito x5,Panaderia,7,3305.65
2025-03-30,Pan Tajado 500g,Panaderia,10,5089.64
2025-03-30,Papas 30g,Snacks,10,2565.9
2025-03-30,Papel Higienico x4,Aseo,6,9717.8
2025-03-30,Queso Campesino 250g,Lacteos,5,7658.39
2025-03-30,Sal 500g,Despensa,1,1995.69
2025-03-30,Yogurt Fresa 200ml,Lacteos,7,2598.47
2025-03-31,Aceite 1L,Despensa,3,15638.66
2025-03-31,Agua 600ml,Bebidas,8,2037.86
2025-03-31,Arroz 1kg,Despensa,7,4757.19
2025-03-31,Azucar 1kg,Despensa,4,4774.05
2025-03-31,Bebida Energetica 250ml,Bebidas,3,4567.23
2025-03-31,Cafe Molido 250g,Despensa,3,8998.21
2025-03-31,Cerveza Sixpack,Bebidas,1,15055.66
2025-03-31,Chitos 40g,Snacks,8,2662.88
2025-03-31,Chocolate 250g,Despensa,3,8770.78
2025-03-31,Detergente 500g,Aseo,1,6878.79
2025-03-31,Frijol 500g,Granos,6,4699.69
2025-03-31,Galletas Chocolate,Snacks,6,3648.82
2025-03-31,Gaseosa Cola 400ml,Bebidas,8,2834.01
2025-03-31,Gaseosa Manzana 400ml,Bebidas,11,2594.97
2025-03-31,Huevos x30,Despensa,3,16139.94
2025-03-31,Jabon Barra,Aseo,2,3307.1
2025-03-31,Jugo Mango 300ml,Bebidas,2,3231.59
2025-03-31,Leche Entera 900ml,Lacteos,9,4133.32
2025-03-31,Lenteja 500g,Granos,3,5080.72
2025-03-31,Mani 50g,Snacks,4,2949.23
2025-03-31,Pan Blandito x5,Panaderia,4,3178.49
2025-03-31,Pan Tajado 500g,Panaderia,2,5886.73
2025-03-31,Papas 30g,Snacks,9,2624.77
2025-03-31,Papel Higienico x4,Aseo,1,8954.11
2025-03-31,Queso Campesino 250g,Lacteos,2,7648.51
2025-03-31,Sal 500g,Despensa,1,1756.61
2025-03-31,Yogurt Fresa 200ml,Lacteos,3,2589.88
2025-04-01,Aceite 1L,Despensa,4,16435.68
2025-04-01,Agua 600ml,Bebidas,7,2021.0
2025-04-01,Arroz 1kg,Despensa,7,4612.31
2025-04-01,Azucar 1kg,Despensa,3,4762.86
2025-04-01,Bebida Energetica 250ml,Bebidas,4,4663.87
2025-04-01,Cafe Molido 250g,Despensa,2,8821.88
2025-04-01,Cerveza Sixpack,Bebidas,3,15280.03
2025-04-01,Chitos 40g,Snacks,6,2723.51
2025-04-01,Detergente 500g,Aseo,4,7030.28
2025-04-01,Frijol 500g,Granos,1,4669.33
2025-04-01,Galletas Chocolate,Snacks,3,3771.09
2025-04-01,Gaseosa Cola 400ml,Bebidas,10,2876.05
2025-04-01,Gaseosa Manzana 400ml,Bebidas,14,2835.8
2025-04-01,Harina Trigo 1kg,Despensa,2,4173.34
2025-04-01,Huevos x30,Despensa,3,16344.29
2025-04-01,Jugo Mango 300ml,Bebidas,2,3145.17
2025-04-01,Leche Entera 900ml,Lacteos,9,4343.86
2025-04-01,Lenteja 500g,Granos,2,4725.51
2025-04-01,Mani 50g,Snacks,5,2965.23
2025-04-01,Pan Blandito x5,Panaderia,5,3148.22
2025-04-01,Pan Tajado 500g,Panaderia,2,6205.19
2025-04-01,Papas 30g,Snacks,13,2565.55
2025-04-01,Papel Higienico x4,Aseo,3,9335.52
2025-04-01,Queso Campesino 250g,Lacteos,6,7528.51
2025-04-01,Sal 500g,Despensa,5,1857.18
2025-04-01,Yogurt Fresa 200ml,Lacteos,3,2824.98
2025-04-02,Aceite 1L,Despensa,2,16060.91
2025-04-02,Agua 600ml,Bebidas,6,2162.26
2025-04-02,Arroz 1kg,Despensa,10,4968.65
2025-04-02,Azucar 1kg,Despensa,1,4879.08
2025-04-02,Bebida Energetica 250ml,Bebidas,7,3672.97
2025-04-02,Cafe Molido 250g,Despensa,1,9093.53
2025-04-02,Cerveza Sixpack,Bebidas,8,13458.26
2025-04-02,Chitos 40g,Snacks,3,2808.18
2025-04-02,Detergente 500g,Aseo,1,6913.0
2025-04-02,Frijol 500g,Granos,2,4823.23
2025-04-02,Galletas Chocolate,Snacks,4,3446.43
2025-04-02,Gaseosa Cola 400ml,Bebidas,9,2919.02
2025-04-02,Gaseosa Manzana 400ml,Bebidas,14,2668.28
2025-04-02,Harina Trigo 1kg,Despensa,4,4229.23
2025-04-02,Huevos x30,Despensa,3,16488.33
2025-04-02,Jabon Barra,Aseo,1,3184.59
2025-04-02,Jugo Mango 300ml,Bebidas,13,2890.71
2025-04-02,Leche Entera 900ml,Lacteos,5,4230.06
2025-04-02,Lenteja 500g,Granos,4,4846.77
2025-04-02,Mani 50g,Snacks,6,3187.89
2025-04-02,Pan Blandito x5,Panaderia,2,3197.98
2025-04-02,Pan Tajado 500g,Panaderia,5,6171.41
2025-04-02,Papas 30g,Snacks,8,2554.57
2025-04-02,Papel Higienico x4,Aseo,2,9438.19
2025-04-02,Queso Campesino 250g,Lacteos,3,7417.87
2025-04-02,Sal 500g,Despensa,1,1866.02
2025-04-02,Yogurt Fresa 200ml,Lacteos,11,2479.07
2025-04-03,Aceite 1L,Despensa,1,16500.16
2025-04-03,Agua 600ml,Bebidas,5,2082.76
2025-04-03,Arroz 1kg,Despensa,5,4767.43
2025-04-03,Azucar 1kg,Despensa,3,4525.93
2025-04-03,Bebida Energetica 250ml,Bebidas,3,4698.68
2025-04-03,Cafe Molido 250g,Despensa,1,9115.96
2025-04-03,Chitos 40g,Snacks,4,2673.77
2025-04-03,Chocolate 250g,Despensa,5,7104.81
2025-04-03,Detergente 500g,Aseo,1,6319.53
2025-04-03,Frijol 500g,Granos,2,5442.44
2025-04-03,Galletas Chocolate,Snacks,9,3694.23
2025-04-03,Gaseosa Cola 400ml,Bebidas,10,2637.1
2025-04-03,Gaseosa Manzana 400ml,Bebidas,11,2654.5
2025-04-03,Harina Trigo 1kg,Despensa,2,4143.94
2025-04-03,Huevos x30,Despensa,6,15935.65
2025-04-03,Jabon Barra,Aseo,5,3259.03
2025-04-03,Jugo Mango 300ml,Bebidas,2,3240.42
2025-04-03,Leche Entera 900ml,Lacteos,5,4127.37
2025-04-03,Lenteja 500g,Granos,1,4647.26
2025-04-03,Mani 50g,Snacks,5,2908.99
2025-04-03,Pan Blandito x5,Panaderia,5,3367.95
2025-04-03,Pan Tajado 500g,Panaderia,5,5768.89
2025-04-03,Papas 30g,Snacks,10,2551.63
2025-04-03,Papel Higienico x4,Aseo,1,9004.73
2025-04-03,Queso Campesino 250g,Lacteos,1,7569.21
2025-04-03,Sal 500g,Despensa,2,2025.82
2025-04-03,Yogurt Fresa 200ml,Lacteos,5,2605.45
2025-04-04,Aceite 1L,Despensa,1,14842.8
2025-04-04,Agua 600ml,Bebidas,6,2178.97
2025-04-04,Arroz 1kg,Despensa,7,4470.14
2025-04-04,Azucar 1kg,Despensa,3,4880.85
2025-04-04,Bebida Energetica 250ml,Bebidas,3,4743.58
2025-04-04,Cafe Molido 250g,Despensa,2,9170.32
2025-04-04,Cerveza Sixpack,Bebidas,5,14997.23
2025-04-04,Chitos 40g,Snacks,10,2611.62
2025-04-04,Chocolate 250g,Despensa,1,8683.46
2025-04-04,Detergente 500g,Aseo,2,6715.18
2025-04-04,Frijol 500g,Granos,1,5443.68
2025-04-04,Galletas Chocolate,Snacks,6,3553.58
2025-04-04,Gaseosa Cola 400ml,Bebidas,10,2883.78
2025-04-04,Gaseosa Manzana 400ml,Bebidas,9,2811.69
2025-04-04,Harina Trigo 1kg,Despensa,3,4022.37
2025-04-04,Huevos x30,Despensa,5,16328.71
2025-04-04,Jabon Barra,Aseo,1,3394.91
2025-04-04,Jugo Mango 300ml,Bebidas,2,2779.37
2025-04-04,Leche Entera 900ml,Lacteos,5,4422.63
2025-04-04,Lenteja 500g,Granos,1,5251.96
2025-04-04,Mani 50g,Snacks,5,3023.04
2025-04-04,Pan Blandito x5,Panaderia,3,3231.24
2025-04-04,Pan Tajado 500g,Panaderia,9,5663.75
2025-04-04,Papas 30g,Snacks,11,2670.04
2025-04-04,Papel Higienico x4,Aseo,2,9468.37
2025-04-04,Queso Campesino 250g,Lacteos,6,7919.18
2025-04-04,Sal 500g,Despensa,2,1868.77
2025-04-04,Yogurt Fresa 200ml,Lacteos,5,2657.61
2025-04-05,Aceite 1L,Despensa,1,14747.12
2025-04-05,Agua 600ml,Bebidas,11,2175.06
2025-04-05,Arroz 1kg,Despensa,6,4582.1
2025-04-05,Azucar 1kg,Despensa,1,4833.43
2025-04-05,Bebida Energetica 250ml,Bebidas,4,4727.67
2025-04-05,Cafe Molido 250g,Despensa,2,9300.84
2025-04-05,Cerveza Sixpack,Bebidas,2,15727.16
2025-04-05,Chitos 40g,Snacks,6,2820.54
2025-04-05,Chocolate 250g,Despensa,2,8876.0
2025-04-05,Detergente 500g,Aseo,1,6556.84
2025-04-05,Frijol 500g,Granos,1,5409.76
2025-04-05,Galletas Chocolate,Snacks,3,3658.89
2025-04-05,Gaseosa Cola 400ml,Bebidas,14,2979.31
2025-04-05,Gaseosa Manzana 400ml,Bebidas,7,2577.38
2025-04-05,Harina Trigo 1kg,Despensa,1,4206.23
2025-04-05,Huevos x30,Despensa,1,17515.06
2025-04-05,Jabon Barra,Aseo,3,3236.76
2025-04-05,Jugo Mango 300ml,Bebidas,5,3454.58
2025-04-05,Leche Entera 900ml,Lacteos,5,3840.41
2025-04-05,Lenteja 500g,Granos,1,5130.84
2025-04-05,Mani 50g,Snacks,12,2537.34
2025-04-05,Pan Blandito x5,Panaderia,2,3129.21
2025-04-05,Pan Tajado 500g,Panaderia,5,6161.22
2025-04-05,Papas 30g,Snacks,14,2480.22
2025-04-05,Papel Higienico x4,Aseo,2,8952.39
2025-04-05,Queso Campesino 250g,Lacteos,5,7670.54
2025-04-05,Sal 500g,Despensa,4,1941.59
2025-04-05,Yogurt Fresa 200ml,Lacteos,9,2537.01
2025-04-06,Aceite 1L,Despensa,2,15721.64
2025-04-06,Agua 600ml,Bebidas,6,2066.03
2025-04-06,Arroz 1kg,Despensa,2,4644.51
2025-04-06,Azucar 1kg,Despensa,3,4612.77
2025-04-06,Bebida Energetica 250ml,Bebidas,8,4249.32
2025-04-06,Cafe Molido 250g,Despensa,3,9242.21
2025-04-06,Cerveza Sixpack,Bebidas,3,14498.58
2025-04-06,Chitos 40g,Snacks,7,2714.67
2025-04-06,Chocolate 250g,Despensa,1,7960.66
2025-04-06,Detergente 500g,Aseo,2,6856.15
2025-04-06,Galletas Chocolate,Snacks,7,3429.6
2025-04-06,Gaseosa Cola 400ml,Bebidas,8,2888.23
2025-04-06,Gaseosa Manzana 400ml,Bebidas,10,2942.49
2025-04-06,Huevos x30,Despensa,2,16295.95
2025-04-06,Jugo Mango 300ml,Bebidas,2,3169.4
2025-04-06,Leche Entera 900ml,Lacteos,13,4059.6
2025-04-06,Lenteja 500g,Granos,3,4867.12
2025-04-06,Mani 50g,Snacks,8,2819.36
2025-04-06,Pan Blandito x5,Panaderia,8,3341.22
2025-04-06,Pan Tajado 500g,Panaderia,4,6268.98
2025-04-06,Papas 30g,Snacks,8,2454.41
2025-04-06,Papel Higienico x4,Aseo,2,9487.42
2025-04-06,Queso Campesino 250g,Lacteos,2,7736.18
2025-04-06,Sal 500g,Despensa,3,1882.52
2025-04-06,Yogurt Fresa 200ml,Lacteos,14,2476.75
2025-04-07,Aceite 1L,Despensa,1,15756.83
2025-04-07,Agua 600ml,Bebidas,9,2144.88
2025-04-07,Arroz 1kg,Despensa,6,4702.32
2025-04-07,Azucar 1kg,Despensa,3,4964.79
2025-04-07,Bebida Energetica 250ml,Bebidas,6,4360.02
2025-04-07,Cafe Molido 250g,Despensa,3,8655.87
2025-04-07,Cerveza Sixpack,Bebidas,2,15241.48
2025-04-07,Chitos 40g,Snacks,6,2569.47
2025-04-07,Chocolate 250g,Despensa,1,7986.34
2025-04-07,Frijol 500g,Granos,4,5175.49
2025-04-07,Galletas Chocolate,Snacks,5,3759.72
2025-04-07,Gaseosa Cola 400ml,Bebidas,9,3040.34
2025-04-07,Gaseosa Manzana 400ml,Bebidas,8,2689.5
2025-04-07,Harina Trigo 1kg,Despensa,1,4468.04
2025-04-07,Huevos x30,Despensa,6,16830.22
2025-04-07,Jabon Barra,Aseo,1,3257.17
2025-04-07,Jugo Mango 300ml,Bebidas,3,3236.3
2025-04-07,Leche Entera 900ml,Lacteos,10,3476.91
2025-04-07,Lenteja 500g,Granos,2,4831.85
2025-04-07,Mani 50g,Snacks,1,3178.03
2025-04-07,Pan Blandito x5,Panaderia,6,3102.07
2025-04-07,Pan Tajado 500g,Panaderia,4,6226.37
2025-04-07,Papas 30g,Snacks,11,2614.05
2025-04-07,Papel Higienico x4,Aseo,4,9180.03
2025-04-07,Queso Campesino 250g,Lacteos,3,8197.8
2025-04-07,Sal 500g,Despensa,3,1773.61
2025-04-07,Yogurt Fresa 200ml,Lacteos,11,2444.35
2025-04-08,Agua 600ml,Bebidas,8,2187.82
2025-04-08,Arroz 1kg,Despensa,6,4757.01
2025-04-08,Bebida Energetica 250ml,Bebidas,1,4620.58
2025-04-08,Cafe Molido 250g,Despensa,2,8613.7
2025-04-08,Cerveza Sixpack,Bebidas,1,14644.14
2025-04-08,Chitos 40g,Snacks,5,2755.89
2025-04-08,Chocolate 250g,Despensa,5,8473.61
2025-04-08,Detergente 500g,Aseo,1,6069.66
2025-04-08,Frijol 500g,Granos,1,5016.64
2025-04-08,Galletas Chocolate,Snacks,5,3607.11
2025-04-08,Gaseosa Cola 400ml,Bebidas,15,2466.29
2025-04-08,Gaseosa Manzana 400ml,Bebidas,10,2517.22
2025-04-08,Harina Trigo 1kg,Despensa,3,4283.67
2025-04-08,Huevos x30,Despensa,2,16829.19
2025-04-08,Jabon Barra,Aseo,3,2687.26
2025-04-08,Jugo Mango 300ml,Bebidas,6,3351.04
2025-04-08,Leche Entera 900ml,Lacteos,5,4209.32
2025-04-08,Lenteja 500g,Granos,3,4985.94
2025-04-08,Mani 50g,Snacks,4,3016.7
2025-04-08,Pan Blandito x5,Panaderia,3,3102.83
2025-04-08,Pan Tajado 500g,Panaderia,2,5731.84
2025-04-08,Papas 30g,Snacks,5,2620.32
2025-04-08,Papel Higienico x4,Aseo,3,9130.16
2025-04-08,Queso Campesino 250g,Lacteos,4,8158.92
2025-04-08,Sal 500g,Despensa,3,2014.52
2025-04-08,Yogurt Fresa 200ml,Lacteos,6,2659.1
2025-04-09,Aceite 1L,Despensa,2,15888.8
2025-04-09,Agua 600ml,Bebidas,8,2156.92
2025-04-09,Arroz 1kg,Despensa,3,4419.49
2025-04-09,Azucar 1kg,Despensa,2,4822.12
2025-04-09,Bebida Energetica 250ml,Bebidas,5,4522.69
2025-04-09,Cafe Molido 250g,Despensa,1,9358.94
2025-04-09,Chitos 40g,Snacks,5,2437.8
2025-04-09,Chocolate 250g,Despensa,1,8693.87
2025-04-09,Detergente 500g,Aseo,2,6514.07
2025-04-09,Frijol 500g,Granos,2,5015.11
2025-04-09,Galletas Chocolate,Snacks,2,3576.32
2025-04-09,Gaseosa Cola 400ml,Bebidas,9,2943.22
2025-04-09,Gaseosa Manzana 400ml,Bebidas,9,2688.76
2025-04-09,Huevos x30,Despensa,3,16553.29
2025-04-09,Jabon Barra,Aseo,4,3230.81
2025-04-09,Jugo Mango 300ml,Bebidas,8,2932.93
2025-04-09,Leche Entera 900ml,Lacteos,8,4170.06
2025-04-09,Lenteja 500g,Granos,2,5110.72
2025-04-09,Mani 50g,Snacks,6,2486.06
2025-04-09,Pan Blandito x5,Panaderia,4,3112.62
2025-04-09,Pan Tajado 500g,Panaderia,5,5779.13
2025-04-09,Papas 30g,Snacks,11,2636.48
2025-04-09,Queso Campesino 250g,Lacteos,2,7658.23
2025-04-09,Yogurt Fresa 200ml,Lacteos,1,2586.0
2025-04-10,Aceite 1L,Despensa,3,14548.14
2025-04-10,Agua 600ml,Bebidas,3,2080.43
2025-04-10,Arroz 1kg,Despensa,4,4425.56
2025-04-10,Azucar 1kg,Despensa,3,4895.94
2025-04-10,Bebida Energetica 250ml,Bebidas,1,4416.85
2025-04-10,Cafe Molido 250g,Despensa,2,9342.45
2025-04-10,Cerveza Sixpack,Bebidas,6,14488.2
2025-04-10,Chitos 40g,Snacks,5,2658.46
2025-04-10,Chocolate 250g,Despensa,1,8247.54
2025-04-10,Detergente 500g,Aseo,2,6946.07
2025-04-10,Frijol 500g,Granos,2,4722.09
2025-04-10,Galletas Chocolate,Snacks,5,3471.78
2025-04-10,Gaseosa Cola 400ml,Bebidas,9,2945.45
2025-04-10,Gaseosa Manzana 400ml,Bebidas,8,2780.3
2025-04-10,Harina Trigo 1kg,Despensa,1,3855.35
2025-04-10,Huevos x30,Despensa,2,16920.89
2025-04-10,Jabon Barra,Aseo,3,3246.32
2025-04-10,Jugo Mango 300ml,Bebidas,3,3426.1
2025-04-10,Leche Entera 900ml,Lacteos,10,4470.03
2025-04-10,Mani 50g,Snacks,1,2899.4
2025-04-10,Pan Blandito x5,Panaderia,1,3226.87
2025-04-10,Pan Tajado 500g,Panaderia,1,6152.22
2025-04-10,Papas 30g,Snacks,7,2567.75
2025-04-10,Papel Higienico x4,Aseo,3,9757.65
2025-04-10,Queso Campesino 250g,Lacteos,1,6961.24
2025-04-10,Sal 500g,Despensa,1,1944.22
2025-04-10,Yogurt Fresa 200ml,Lacteos,6,2529.69
2025-04-11,Aceite 1L,Despensa,5,16214.27
2025-04-11,Agua 600ml,Bebidas,8,2111.66
2025-04-11,Arroz 1kg,Despensa,5,4607.61
2025-04-11,Azucar 1kg,Despensa,2,4564.23
2025-04-11,Bebida Energetica 250ml,Bebidas,3,4584.6
2025-04-11,Cafe Molido 250g,Despensa,2,8665.92
2025-04-11,Cerveza Sixpack,Bebidas,6,16238.8
2025-04-11,Chitos 40g,Snacks,6,2344.77
2025-04-11,Galletas Chocolate,Snacks,8,3585.52
2025-04-11,Gaseosa Cola 400ml,Bebidas,12,2832.34
2025-04-11,Gaseosa Manzana 400ml,Bebidas,17,2567.57
2025-04-11,Harina Trigo 1kg,Despensa,1,4482.09
2025-04-11,Huevos x30,Despensa,10,15317.51
2025-04-11,Jabon Barra,Aseo,2,3182.4
2025-04-11,Jugo Mango 300ml,Bebidas,6,3225.29
2025-04-11,Leche Entera 900ml,Lacteos,7,4357.38
2025-04-11,Lenteja 500g,Granos,7,4170.84
2025-04-11,Mani 50g,Snacks,9,3006.8
2025-04-11,Pan Blandito x5,Panaderia,7,3171.05
2025-04-11,Pan Tajado 500g,Panaderia,3,5846.32
2025-04-11,Papas 30g,Snacks,11,2683.27
2025-04-11,Queso Campesino 250g,Lacteos,2,7936.36
2025-04-11,Sal 500g,Despensa,3,1877.86
2025-04-11,Yogurt Fresa 200ml,Lacteos,5,2520.28
2025-04-12,Aceite 1L,Despensa,2,14994.79
2025-04-12,Agua 600ml,Bebidas,10,2020.16
2025-04-12,Arroz 1kg,Despensa,9,4379.36
2025-04-12,Azucar 1kg,Despensa,4,4721.77
2025-04-12,Bebida Energetica 250ml,Bebidas,3,4510.45
2025-04-12,Cafe Molido 250g,Despensa,2,8490.68
2025-04-12,Cerveza Sixpack,Bebidas,7,12385.89
2025-04-12,Chitos 40g,Snacks,8,2513.17
2025-04-12,Frijol 500g,Granos,3,5391.79
2025-04-12,Galletas Chocolate,Snacks,6,3423.15
2025-04-12,Gaseosa Cola 400ml,Bebidas,5,2925.5
2025-04-12,Gaseosa Manzana 400ml,Bebidas,11,2323.42
2025-04-12,Huevos x30,Despensa,3,15495.58
2025-04-12,Jabon Barra,Aseo,2,3132.56
2025-04-12,Jugo Mango 300ml,Bebidas,6,3242.24
2025-04-12,Leche Entera 900ml,Lacteos,6,4237.76
2025-04-12,Lenteja 500g,Granos,3,5074.76
2025-04-12,Mani 50g,Snacks,6,3088.03
2025-04-12,Pan Blandito x5,Panaderia,10,3119.13
2025-04-12,Pan Tajado 500g,Panaderia,4,5916.62
2025-04-12,Papas 30g,Snacks,9,2714.29
2025-04-12,Papel Higienico x4,Aseo,2,9661.7
2025-04-12,Queso Campesino 250g,Lacteos,2,7367.59
2025-04-12,Sal 500g,Despensa,1,1915.47
2025-04-12,Yogurt Fresa 200ml,Lacteos,7,2616.48
2025-04-13,Aceite 1L,Despensa,5,15919.63
2025-04-13,Agua 600ml,Bebidas,11,2043.44
2025-04-13,Arroz 1kg,Despensa,6,4630.48
2025-04-13,Azucar 1kg,Despensa,3,5298.42
2025-04-13,Bebida Energetica 250ml,Bebidas,2,4327.95
2025-04-13,Cafe Molido 250g,Despensa,1,9596.9
2025-04-13,Cerveza Sixpack,Bebidas,2,15227.35
2025-04-13,Chitos 40g,Snacks,8,2629.18
2025-04-13,Frijol 500g,Granos,2,5408.92
2025-04-13,Galletas Chocolate,Snacks,4,3488.57
2025-04-13,Gaseosa Cola 400ml,Bebidas,13,2944.41
2025-04-13,Gaseosa Manzana 400ml,Bebidas,14,2787.46
2025-04-13,Harina Trigo 1kg,Despensa,3,4212.28
2025-04-13,Huevos x30,Despensa,4,15369.97
2025-04-13,Jabon Barra,Aseo,2,3300.61
2025-04-13,Jugo Mango 300ml,Bebidas,5,3476.9
2025-04-13,Leche Entera 900ml,Lacteos,10,4055.09
2025-04-13,Lenteja 500g,Granos,2,4845.08
2025-04-13,Mani 50g,Snacks,7,2965.05
2025-04-13,Pan Blandito x5,Panaderia,2,3215.17
2025-04-13,Pan Tajado 500g,Panaderia,3,6064.65
2025-04-13,Papas 30g,Snacks,12,2664.63
2025-04-13,Papel Higienico x4,Aseo,2,9585.02
2025-04-13,Queso Campesino 250g,Lacteos,4,7718.26
2025-04-13,Sal 500g,Despensa,2,1875.45
2025-04-13,Yogurt Fresa 200ml,Lacteos,6,2507.9
2025-04-14,Aceite 1L,Despensa,3,15279.3
2025-04-14,Agua 600ml,Bebidas,7,1958.23
2025-04-14,Arroz 1kg,Despensa,4,4799.8
2025-04-14,Azucar 1kg,Despensa,2,4962.43
2025-04-14,Bebida Energetica 250ml,Bebidas,6,4424.65
2025-04-14,Cafe Molido 250g,Despensa,2,9273.57
2025-04-14,Cerveza Sixpack,Bebidas,4,14847.75
2025-04-14,Chitos 40g,Snacks,5,2826.94
2025-04-14,Chocolate 250g,Despensa,1,8661.32
2025-04-14,Detergente 500g,Aseo,1,6803.27
2025-04-14,Frijol 500g,Granos,2,4652.57
2025-04-14,Galletas Chocolate,Snacks,7,2975.27
2025-04-14,Gaseosa Cola 400ml,Bebidas,12,2862.62
2025-04-14,Gaseosa Manzana 400ml,Bebidas,9,2840.6
2025-04-14,Harina Trigo 1kg,Despensa,2,4437.48
2025-04-14,Huevos x30,Despensa,7,17090.79
2025-04-14,Jabon Barra,Aseo,2,3302.66
2025-04-14,Jugo Mango 300ml,Bebidas,3,3340.81
2025-04-14,Leche Entera 900ml,Lacteos,3,4060.35
2025-04-14,Lenteja 500g,Granos,4,4745.57
2025-04-14,Mani 50g,Snacks,11,2895.04
2025-04-14,Pan Blandito x5,Panaderia,4,3203.49
2025-04-14,Pan Tajado 500g,Panaderia,3,5927.01
2025-04-14,Papas 30g,Snacks,7,2574.54
2025-04-14,Queso Campesino 250g,Lacteos,1,7912.88
2025-04-14,Sal 500g,Despensa,1,2018.09
2025-04-14,Yogurt Fresa 200ml,Lacteos,10,2517.25
2025-04-15,Aceite 1L,Despensa,3,15969.32
2025-04-15,Agua 600ml,Bebidas,13,2128.45
2025-04-15,Arroz 1kg,Despensa,3,4685.17
2025-04-15,Azucar 1kg,Despensa,2,4560.76
2025-04-15,Bebida Energetica 250ml,Bebidas,1,4554.54
2025-04-15,Cafe Molido 250g,Despensa,2,9631.63
2025-04-15,Cerveza Sixpack,Bebidas,5,15090.73
2025-04-15,Chitos 40g,Snacks,4,2600.32
2025-04-15,Detergente 500g,Aseo,1,6434.67
2025-04-15,Frijol 500g,Granos,3,5314.3
2025-04-15,Galletas Chocolate,Snacks,4,3538.79
2025-04-15,Gaseosa Cola 400ml,Bebidas,10,3053.49
2025-04-15,Gaseosa Manzana 400ml,Bebidas,4,2868.95
2025-04-15,Harina Trigo 1kg,Despensa,2,4158.63
2025-04-15,Huevos x30,Despensa,1,16538.1
2025-04-15,Jabon Barra,Aseo,1,3338.44
2025-04-15,Jugo Mango 300ml,Bebidas,8,3355.07
2025-04-15,Leche Entera 900ml,Lacteos,8,4396.05
2025-04-15,Lenteja 500g,Granos,1,4832.56
2025-04-15,Mani 50g,Snacks,5,2516.96
2025-04-15,Pan Blandito x5,Panaderia,1,3255.14
2025-04-15,Pan Tajado 500g,Panaderia,4,6102.63
2025-04-15,Papas 30g,Snacks,12,2726.06
2025-04-15,Queso Campesino 250g,Lacteos,1,7662.8
2025-04-15,Sal 500g,Despensa,1,1859.73
2025-04-15,Yogurt Fresa 200ml,Lacteos,4,2746.27
2025-04-16,Aceite 1L,Despensa,3,16533.63
2025-04-16,Agua 600ml,Bebidas,4,2047.16
2025-04-16,Arroz 1kg,Despensa,6,5024.79
2025-04-16,Azucar 1kg,Despensa,2,4807.43
2025-04-16,Bebida Energetica 250ml,Bebidas,1,4469.28
2025-04-16,Cafe Molido 250g,Despensa,1,9104.82
2025-04-16,Cerveza Sixpack,Bebidas,3,15357.22
2025-04-16,Chitos 40g,Snacks,4,2220.79
2025-04-16,Chocolate 250g,Despensa,1,7935.85
2025-04-16,Detergente 500g,Aseo,2,6624.8
2025-04-16,Frijol 500g,Granos,1,5246.33
2025-04-16,Galletas Chocolate,Snacks,3,3465.59
2025-04-16,Gaseosa Cola 400ml,Bebidas,8,2816.26
2025-04-16,Gaseosa Manzana 400ml,Bebidas,9,2828.95
2025-04-16,Harina Trigo 1kg,Despensa,2,4109.11
2025-04-16,Huevos x30,Despensa,3,16770.36
2025-04-16,Jabon Barra,Aseo,3,3445.31
2025-04-16,Jugo Mango 300ml,Bebidas,6,3238.49
2025-04-16,Leche Entera 900ml,Lacteos,6,4178.48
2025-04-16,Lenteja 500g,Granos,4,5095.41
2025-04-16,Mani 50g,Snacks,4,3089.33
2025-04-16,Pan Blandito x5,Panaderia,6,3576.45
2025-04-16,Pan Tajado 500g,Panaderia,1,5402.71
2025-04-16,Papas 30g,Snacks,7,2554.84
2025-04-16,Queso Campesino 250g,Lacteos,4,8517.11
2025-04-16,Sal 500g,Despensa,1,2024.99
2025-04-16,Yogurt Fresa 200ml,Lacteos,4,2585.1
2025-04-17,Aceite 1L,Despensa,4,14994.1
2025-04-17,Agua 600ml,Bebidas,3,1944.63
2025-04-17,Arroz 1kg,Despensa,1,4613.1
2025-04-17,Azucar 1kg,Despensa,2,4533.17
2025-04-17,Bebida Energetica 250ml,Bebidas,4,4779.42
2025-04-17,Cafe Molido 250g,Despensa,2,8922.41
2025-04-17,Cerveza Sixpack,Bebidas,3,14543.15
2025-04-17,Chitos 40g,Snacks,8,2630.95
2025-04-17,Chocolate 250g,Despensa,3,7230.83
2025-04-17,Detergente 500g,Aseo,3,6790.15
2025-04-17,Frijol 500g,Granos,2,5350.43
2025-04-17,Galletas Chocolate,Snacks,4,3175.6
2025-04-17,Gaseosa Cola 400ml,Bebidas,5,2988.78
2025-04-17,Gaseosa Manzana 400ml,Bebidas,4,2837.15
2025-04-17,Harina Trigo 1kg,Despensa,2,4125.85
2025-04-17,Huevos x30,Despensa,5,16758.89
2025-04-17,Jabon Barra,Aseo,4,3200.12
2025-04-17,Jugo Mango 300ml,Bebidas,8,3217.27
2025-04-17,Leche Entera 900ml,Lacteos,10,4202.01
2025-04-17,Lenteja 500g,Granos,1,4712.4
2025-04-17,Mani 50g,Snacks,5,2930.08
2025-04-17,Pan Blandito x5,Panaderia,6,3071.76
2025-04-17,Pan Tajado 500g,Panaderia,2,6190.97
2025-04-17,Papas 30g,Snacks,11,2736.56
2025-04-17,Papel Higienico x4,Aseo,3,8980.9
2025-04-17,Queso Campesino 250g,Lacteos,5,7942.87
2025-04-17,Sal 500g,Despensa,1,1947.47
2025-04-17,Yogurt Fresa 200ml,Lacteos,10,2577.28
2025-04-18,Aceite 1L,Despensa,3,15902.37
2025-04-18,Agua 600ml,Bebidas,12,1958.69
2025-04-18,Arroz 1kg,Despensa,4,4390.18
2025-04-18,Azucar 1kg,Despensa,6,4770.58
2025-04-18,Bebida Energetica 250ml,Bebidas,6,4280.19
2025-04-18,Cafe Molido 250g,Despensa,2,8794.87
2025-04-18,Cerveza Sixpack,Bebidas,4,14776.41
2025-04-18,Chitos 40g,Snacks,5,2736.98
2025-04-18,Chocolate 250g,Despensa,1,8393.77
2025-04-18,Galletas Chocolate,Snacks,4,3601.05
2025-04-18,Gaseosa Cola 400ml,Bebidas,15,2811.65
2025-04-18,Gaseosa Manzana 400ml,Bebidas,8,2784.98
2025-04-18,Harina Trigo 1kg,Despensa,1,4216.72
2025-04-18,Huevos x30,Despensa,5,17088.38
2025-04-18,Jabon Barra,Aseo,1,3431.6
2025-04-18,Jugo Mango 300ml,Bebidas,9,3328.85
2025-04-18,Leche Entera 900ml,Lacteos,7,4085.97
2025-04-18,Lenteja 500g,Granos,1,4855.55
2025-04-18,Mani 50g,Snacks,5,2868.1
2025-04-18,Pan Blandito x5,Panaderia,4,3500.18
2025-04-18,Pan Tajado 500g,Panaderia,4,6174.8
2025-04-18,Papas 30g,Snacks,9,2592.94
2025-04-18,Queso Campesino 250g,Lacteos,4,7958.68
2025-04-18,Sal 500g,Despensa,3,1978.51
2025-04-18,Yogurt Fresa 200ml,Lacteos,5,2470.79
2025-04-19,Aceite 1L,Despensa,1,16932.14
2025-04-19,Agua 600ml,Bebidas,9,2040.15
2025-04-19,Arroz 1kg,Despensa,1,4518.57
2025-04-19,Azucar 1kg,Despensa,4,4735.71
2025-04-19,Bebida Energetica 250ml,Bebidas,2,4532.99
2025-04-19,Cafe Molido 250g,Despensa,1,9432.56
2025-04-19,Cerveza Sixpack,Bebidas,3,15135.67
2025-04-19,Chitos 40g,Snacks,3,2621.26
2025-04-19,Chocolate 250g,Despensa,2,8395.63
2025-04-19,Detergente 500g,Aseo,3,6671.76
2025-04-19,Frijol 500g,Granos,2,5096.79
2025-04-19,Galletas Chocolate,Snacks,2,3553.95
2025-04-19,Gaseosa Cola 400ml,Bebidas,19,2756.01
2025-04-19,Gaseosa Manzana 400ml,Bebidas,7,2895.1
2025-04-19,Harina Trigo 1kg,Despensa,1,4219.52
2025-04-19,Huevos x30,Despensa,5,16762.81
2025-04-19,Jabon Barra,Aseo,4,3109.49
2025-04-19,Jugo Mango 300ml,Bebidas,7,3289.01
2025-04-19,Leche Entera 900ml,Lacteos,6,3699.14
2025-04-19,Lenteja 500g,Granos,2,4881.66
2025-04-19,Mani 50g,Snacks,5,2964.77
2025-04-19,Pan Blandito x5,Panaderia,5,3161.18
2025-04-19,Pan Tajado 500g,Panaderia,4,5835.65
2025-04-19,Papas 30g,Snacks,14,2521.23
2025-04-19,Papel Higienico x4,Aseo,1,8948.36
2025-04-19,Queso Campesino 250g,Lacteos,3,7616.39
2025-04-19,Sal 500g,Despensa,1,1931.36
2025-04-19,Yogurt Fresa 200ml,Lacteos,8,2553.34
2025-04-20,Aceite 1L,Despensa,4,15378.83
2025-04-20,Agua 600ml,Bebidas,12,2082.95
2025-04-20,Arroz 1kg,Despensa,6,4800.87
2025-04-20,Azucar 1kg,Despensa,2,5076.02
2025-04-20,Bebida Energetica 250ml,Bebidas,3,4685.84
2025-04-20,Chitos 40g,Snacks,6,2698.61
2025-04-20,Chocolate 250g,Despensa,1,8350.05
2025-04-20,Detergente 500g,Aseo,2,6927.03
2025-04-20,Frijol 500g,Granos,7,5484.57
2025-04-20,Galletas Chocolate,Snacks,8,3781.27
2025-04-20,Gaseosa Cola 400ml,Bebidas,11,2930.57
2025-04-20,Gaseosa Manzana 400ml,Bebidas,17,2704.57
2025-04-20,Harina Trigo 1kg,Despensa,4,4319.8
2025-04-20,Huevos x30,Despensa,3,17075.86
2025-04-20,Jabon Barra,Aseo,1,3175.74
2025-04-20,Jugo Mango 300ml,Bebidas,10,3466.61
2025-04-20,Leche Entera 900ml,Lacteos,4,4335.64
2025-04-20,Lenteja 500g,Granos,2,5088.0
2025-04-20,Mani 50g,Snacks,4,2958.87
2025-04-20,Pan Blandito x5,Panaderia,2,3206.15
2025-04-20,Pan Tajado 500g,Panaderia,8,6066.84
2025-04-20,Papas 30g,Snacks,22,2142.19
2025-04-20,Queso Campesino 250g,Lacteos,3,7885.5
2025-04-20,Sal 500g,Despensa,1,1908.27
2025-04-20,Yogurt Fresa 200ml,Lacteos,4,2506.34
2025-04-21,Aceite 1L,Despensa,2,15280.95
2025-04-21,Agua 600ml,Bebidas,6,2042.82
2025-04-21,Arroz 1kg,Despensa,8,4813.8
2025-04-21,Azucar 1kg,Despensa,3,4397.23
2025-04-21,Bebida Energetica 250ml,Bebidas,3,4324.09
2025-04-21,Cafe Molido 250g,Despensa,2,9412.07
2025-04-21,Cerveza Sixpack,Bebidas,5,13987.22
2025-04-21,Chitos 40g,Snacks,3,2678.99
2025-04-21,Detergente 500g,Aseo,1,6388.53
2025-04-21,Frijol 500g,Granos,3,5246.16
2025-04-21,Galletas Chocolate,Snacks,5,3608.8
2025-04-21,Gaseosa Cola 400ml,Bebidas,8,2898.46
2025-04-21,Gaseosa Manzana 400ml,Bebidas,14,2703.35
2025-04-21,Harina Trigo 1kg,Despensa,2,4197.2
2025-04-21,Huevos x30,Despensa,4,16672.4
2025-04-21,Jabon Barra,Aseo,4,3271.52
2025-04-21,Jugo Mango 300ml,Bebidas,10,3276.73
2025-04-21,Leche Entera 900ml,Lacteos,8,4332.63
2025-04-21,Lenteja 500g,Granos,1,4922.86
2025-04-21,Mani 50g,Snacks,3,3116.44
2025-04-21,Pan Blandito x5,Panaderia,1,3125.33
2025-04-21,Pan Tajado 500g,Panaderia,2,5997.44
2025-04-21,Papas 30g,Snacks,11,2633.96
2025-04-21,Papel Higienico x4,Aseo,1,9350.21
2025-04-21,Queso Campesino 250g,Lacteos,4,7783.08
2025-04-21,Sal 500g,Despensa,3,1874.28
2025-04-21,Yogurt Fresa 200ml,Lacteos,7,2137.35
2025-04-22,Aceite 1L,Despensa,2,15094.18
2025-04-22,Agua 600ml,Bebidas,12,2221.36
2025-04-22,Arroz 1kg,Despensa,3,4581.71
2025-04-22,Azucar 1kg,Despensa,2,4907.87
2025-04-22,Bebida Energetica 250ml,Bebidas,5,3905.62
2025-04-22,Cafe Molido 250g,Despensa,1,9120.39
2025-04-22,Cerveza Sixpack,Bebidas,4,14886.04
2025-04-22,Chitos 40g,Snacks,9,2743.85
2025-04-22,Detergente 500g,Aseo,4,7123.49
2025-04-22,Frijol 500g,Granos,2,4999.66
2025-04-22,Galletas Chocolate,Snacks,3,3455.2
2025-04-22,Gaseosa Cola 400ml,Bebidas,12,2865.38
2025-04-22,Gaseosa Manzana 400ml,Bebidas,6,2709.29
2025-04-22,Harina Trigo 1kg,Despensa,1,3993.74
2025-04-22,Huevos x30,Despensa,4,16554.72
2025-04-22,Jabon Barra,Aseo,2,3359.89
2025-04-22,Jugo Mango 300ml,Bebidas,5,3005.7
2025-04-22,Leche Entera 900ml,Lacteos,5,4154.7
2025-04-22,Lenteja 500g,Granos,3,5084.46
2025-04-22,Mani 50g,Snacks,3,2982.02
2025-04-22,Pan Blandito x5,Panaderia,5,3248.46
2025-04-22,Pan Tajado 500g,Panaderia,6,5764.55
2025-04-22,Papas 30g,Snacks,10,2663.45
2025-04-22,Papel Higienico x4,Aseo,1,8925.88
2025-04-22,Queso Campesino 250g,Lacteos,2,8021.46
2025-04-22,Sal 500g,Despensa,1,1913.72
2025-04-22,Yogurt Fresa 200ml,Lacteos,6,2369.18
2025-04-23,Aceite 1L,Despensa,2,15285.41
2025-04-23,Agua 600ml,Bebidas,5,2177.89
2025-04-23,Arroz 1kg,Despensa,2,4647.56
2025-04-23,Azucar 1kg,Despensa,1,4733.33
2025-04-23,Bebida Energetica 250ml,Bebidas,3,4657.05
2025-04-23,Cafe Molido 250g,Despensa,1,8776.05
2025-04-23,Cerveza Sixpack,Bebidas,2,14805.72
2025-04-23,Chitos 40g,Snacks,9,2644.98
2025-04-23,Chocolate 250g,Despensa,4,8541.72
2025-04-23,Detergente 500g,Aseo,1,6954.08
2025-04-23,Frijol 500g,Granos,3,5049.74
2025-04-23,Galletas Chocolate,Snacks,5,3805.61
2025-04-23,Gaseosa Cola 400ml,Bebidas,7,2788.63
2025-04-23,Gaseosa Manzana 400ml,Bebidas,13,2823.78
2025-04-23,Harina Trigo 1kg,Despensa,1,4209.38
2025-04-23,Huevos x30,Despensa,3,16410.01
2025-04-23,Jabon Barra,Aseo,2,3043.81
2025-04-23,Jugo Mango 300ml,Bebidas,5,3264.59
2025-04-23,Leche Entera 900ml,Lacteos,5,4246.93
2025-04-23,Lenteja 500g,Granos,2,4892.74
2025-04-23,Pan Blandito x5,Panaderia,2,3106.8
2025-04-23,Pan Tajado 500g,Panaderia,2,5753.29
2025-04-23,Papas 30g,Snacks,17,2334.89
2025-04-23,Papel Higienico x4,Aseo,2,9236.26
2025-04-23,Queso Campesino 250g,Lacteos,6,6717.68
2025-04-23,Sal 500g,Despensa,1,1827.52
2025-04-23,Yogurt Fresa 200ml,Lacteos,7,2677.84
2025-04-24,Aceite 1L,Despensa,1,15764.36
2025-04-24,Agua 600ml,Bebidas,10,2114.33
2025-04-24,Arroz 1kg,Despensa,6,4858.24
2025-04-24,Azucar 1kg,Despensa,3,4731.07
2025-04-24,Bebida Energetica 250ml,Bebidas,1,4540.81
2025-04-24,Cerveza Sixpack,Bebidas,3,15399.83
2025-04-24,Chitos 40g,Snacks,10,2595.15
2025-04-24,Chocolate 250g,Despensa,2,8459.87
2025-04-24,Frijol 500g,Granos,1,5309.15
2025-04-24,Galletas Chocolate,Snacks,4,3678.64
2025-04-24,Gaseosa Cola 400ml,Bebidas,13,2909.38
2025-04-24,Gaseosa Manzana 400ml,Bebidas,9,2727.74
2025-04-24,Harina Trigo 1kg,Despensa,2,4322.54
2025-04-24,Huevos x30,Despensa,5,16753.38
2025-04-24,Jabon Barra,Aseo,1,3229.99
2025-04-24,Jugo Mango 300ml,Bebidas,5,3174.48
2025-04-24,Leche Entera 900ml,Lacteos,10,4295.32
2025-04-24,Mani 50g,Snacks,4,3241.76
2025-04-24,Pan Blandito x5,Panaderia,2,3173.99
2025-04-24,Pan Tajado 500g,Panaderia,4,5953.56
2025-04-24,Papas 30g,Snacks,8,2680.3
2025-04-24,Papel Higienico x4,Aseo,2,9446.19
2025-04-24,Queso Campesino 250g,Lacteos,7,7805.47
2025-04-24,Sal 500g,Despensa,2,1918.99
2025-04-24,Yogurt Fresa 200ml,Lacteos,8,2555.77
2025-04-25,Aceite 1L,Despensa,4,15235.15
2025-04-25,Agua 600ml,Bebidas,5,2117.72
2025-04-25,Arroz 1kg,Despensa,6,4737.07
2025-04-25,Azucar 1kg,Despensa,1,4999.34
2025-04-25,Bebida Energetica 250ml,Bebidas,4,4305.25
2025-04-25,Cafe Molido 250g,Despensa,3,8278.26
2025-04-25,Cerveza Sixpack,Bebidas,2,14964.99
2025-04-25,Chitos 40g,Snacks,13,2412.55
2025-04-25,Chocolate 250g,Despensa,2,8580.59
2025-04-25,Detergente 500g,Aseo,1,6801.03
2025-04-25,Frijol 500g,Granos,2,5469.36
2025-04-25,Galletas Chocolate,Snacks,4,3535.46
2025-04-25,Gaseosa Cola 400ml,Bebidas,18,2775.99
2025-04-25,Gaseosa Manzana 400ml,Bebidas,9,2901.38
2025-04-25,Huevos x30,Despensa,2,16569.52
2025-04-25,Jabon Barra,Aseo,4,3271.73
2025-04-25,Jugo Mango 300ml,Bebidas,12,2669.75
2025-04-25,Leche Entera 900ml,Lacteos,2,4116.84
2025-04-25,Lenteja 500g,Granos,4,4859.64
2025-04-25,Mani 50g,Snacks,2,2916.87
2025-04-25,Pan Blandito x5,Panaderia,9,3316.08
2025-04-25,Pan Tajado 500g,Panaderia,3,6074.78
2025-04-25,Papas 30g,Snacks,12,2753.09
2025-04-25,Papel Higienico x4,Aseo,1,9109.78
2025-04-25,Queso Campesino 250g,Lacteos,4,7504.94
2025-04-25,Sal 500g,Despensa,2,1887.63
2025-04-25,Yogurt Fresa 200ml,Lacteos,9,2681.81
2025-04-26,Aceite 1L,Despensa,1,15679.97
2025-04-26,Agua 600ml,Bebidas,5,2113.11
2025-04-26,Arroz 1kg,Despensa,4,4558.43
2025-04-26,Azucar 1kg,Despensa,2,4683.85
2025-04-26,Bebida Energetica 250ml,Bebidas,2,4450.23
2025-04-26,Cafe Molido 250g,Despensa,2,9133.37
2025-04-26,Cerveza Sixpack,Bebidas,6,14808.56
2025-04-26,Chitos 40g,Snacks,9,2587.85
2025-04-26,Chocolate 250g,Despensa,2,8110.98
2025-04-26,Detergente 500g,Aseo,1,6484.62
2025-04-26,Frijol 500g,Granos,4,5255.66
2025-04-26,Galletas Chocolate,Snacks,7,3571.65
2025-04-26,Gaseosa Cola 400ml,Bebidas,15,2881.23
2025-04-26,Gaseosa Manzana 400ml,Bebidas,15,2850.34
2025-04-26,Harina Trigo 1kg,Despensa,3,4156.97
2025-04-26,Huevos x30,Despensa,2,17127.65
2025-04-26,Jabon Barra,Aseo,3,3142.79
2025-04-26,Jugo Mango 300ml,Bebidas,4,3451.24
2025-04-26,Leche Entera 900ml,Lacteos,5,4362.2
2025-04-26,Lenteja 500g,Granos,1,4966.04
2025-04-26,Mani 50g,Snacks,5,2767.15
2025-04-26,Pan Blandito x5,Panaderia,4,3149.54
2025-04-26,Pan Tajado 500g,Panaderia,4,5611.03
2025-04-26,Papas 30g,Snacks,9,2538.01
2025-04-26,Papel Higienico x4,Aseo,1,8849.99
2025-04-26,Queso Campesino 250g,Lacteos,1,8086.69
2025-04-26,Sal 500g,Despensa,5,1883.55
2025-04-26,Yogurt Fresa 200ml,Lacteos,8,2567.16
2025-04-27,Aceite 1L,Despensa,3,15331.35
2025-04-27,Agua 600ml,Bebidas,7,2125.55
2025-04-27,Arroz 1kg,Despensa,4,4999.9
2025-04-27,Azucar 1kg,Despensa,3,4746.03
2025-04-27,Bebida Energetica 250ml,Bebidas,6,4580.29
2025-04-27,Cafe Molido 250g,Despensa,3,9407.54
2025-04-27,Cerveza Sixpack,Bebidas,5,14922.34
2025-04-27,Chitos 40g,Snacks,6,2602.35
2025-04-27,Chocolate 250g,Despensa,3,8760.82
2025-04-27,Detergente 500g,Aseo,1,6543.23
2025-04-27,Frijol 500g,Granos,2,5287.27
2025-04-27,Galletas Chocolate,Snacks,9,3567.8
2025-04-27,Gaseosa Cola 400ml,Bebidas,11,3002.2
2025-04-27,Gaseosa Manzana 400ml,Bebidas,7,2958.62
2025-04-27,Harina Trigo 1kg,Despensa,1,4185.12
2025-04-27,Huevos x30,Despensa,2,17215.32
2025-04-27,Jabon Barra,Aseo,2,3157.23
2025-04-27,Jugo Mango 300ml,Bebidas,7,3313.71
2025-04-27,Leche Entera 900ml,Lacteos,6,4260.63
2025-04-27,Lenteja 500g,Granos,2,4797.63
2025-04-27,Mani 50g,Snacks,3,3027.61
2025-04-27,Pan Blandito x5,Panaderia,10,3266.9
2025-04-27,Pan Tajado 500g,Panaderia,7,5434.7
2025-04-27,Papas 30g,Snacks,14,2642.74
2025-04-27,Papel Higienico x4,Aseo,6,9233.05
2025-04-27,Queso Campesino 250g,Lacteos,3,7445.62
2025-04-27,Sal 500g,Despensa,2,1934.18
2025-04-27,Yogurt Fresa 200ml,Lacteos,4,2465.56
2025-04-28,Aceite 1L,Despensa,3,15496.59
2025-04-28,Agua 600ml,Bebidas,6,1982.8
2025-04-28,Arroz 1kg,Despensa,3,4837.84
2025-04-28,Azucar 1kg,Despensa,1,4535.81
2025-04-28,Bebida Energetica 250ml,Bebidas,4,4773.52
2025-04-28,Chitos 40g,Snacks,1,2766.53
2025-04-28,Chocolate 250g,Despensa,2,8713.99
2025-04-28,Frijol 500g,Granos,8,4546.83
2025-04-28,Galletas Chocolate,Snacks,9,3531.15
2025-04-28,Gaseosa Cola 400ml,Bebidas,8,2959.79
2025-04-28,Gaseosa Manzana 400ml,Bebidas,8,2754.96
2025-04-28,Harina Trigo 1kg,Despensa,1,4222.98
2025-04-28,Huevos x30,Despensa,3,16806.25
2025-04-28,Jabon Barra,Aseo,2,3119.75
2025-04-28,Jugo Mango 300ml,Bebidas,4,3341.0
2025-04-28,Leche Entera 900ml,Lacteos,5,4114.61
2025-04-28,Lenteja 500g,Granos,3,4695.67
2025-04-28,Mani 50g,Snacks,4,3042.47
2025-04-28,Pan Blandito x5,Panaderia,3,3182.8
2025-04-28,Papas 30g,Snacks,10,2219.61
2025-04-28,Papel Higienico x4,Aseo,1,9211.9
2025-04-28,Queso Campesino 250g,Lacteos,7,8066.93
2025-04-28,Yogurt Fresa 200ml,Lacteos,8,2473.83
2025-04-29,Aceite 1L,Despensa,5,15153.65
2025-04-29,Agua 600ml,Bebidas,7,2209.49
2025-04-29,Arroz 1kg,Despensa,4,4718.81
2025-04-29,Azucar 1kg,Despensa,5,4702.36
2025-04-29,Bebida Energetica 250ml,Bebidas,2,4378.73
2025-04-29,Cafe Molido 250g,Despensa,1,9440.44
2025-04-29,Cerveza Sixpack,Bebidas,5,14164.15
2025-04-29,Chitos 40g,Snacks,4,2667.1
2025-04-29,Chocolate 250g,Despensa,3,8332.67
2025-04-29,Detergente 500g,Aseo,3,6641.61
2025-04-29,Frijol 500g,Granos,5,5197.28
2025-04-29,Galletas Chocolate,Snacks,3,3582.56
2025-04-29,Gaseosa Cola 400ml,Bebidas,7,2885.14
2025-04-29,Gaseosa Manzana 400ml,Bebidas,3,2832.64
2025-04-29,Harina Trigo 1kg,Despensa,1,4094.87
2025-04-29,Huevos x30,Despensa,4,16549.75
2025-04-29,Jabon Barra,Aseo,3,3367.61
2025-04-29,Jugo Mango 300ml,Bebidas,9,3205.97
2025-04-29,Leche Entera 900ml,Lacteos,8,4337.39
2025-04-29,Lenteja 500g,Granos,3,5150.92
2025-04-29,Mani 50g,Snacks,7,3034.62
2025-04-29,Pan Blandito x5,Panaderia,3,2976.86
2025-04-29,Pan Tajado 500g,Panaderia,7,6020.65
2025-04-29,Papas 30g,Snacks,4,2534.09
2025-04-29,Papel Higienico x4,Aseo,5,9345.3
2025-04-29,Queso Campesino 250g,Lacteos,5,7961.96
2025-04-29,Sal 500g,Despensa,7,1909.41
2025-04-29,Yogurt Fresa 200ml,Lacteos,3,2587.08
2025-04-30,Aceite 1L,Despensa,4,15852.94
2025-04-30,Agua 600ml,Bebidas,6,2021.54
2025-04-30,Arroz 1kg,Despensa,3,4673.53
2025-04-30,Azucar 1kg,Despensa,1,4850.05
2025-04-30,Bebida Energetica 250ml,Bebidas,6,4605.76
2025-04-30,Cafe Molido 250g,Despensa,3,8745.97
2025-04-30,Cerveza Sixpack,Bebidas,2,14995.8
2025-04-30,Chitos 40g,Snacks,6,2858.43
2025-04-30,Chocolate 250g,Despensa,3,8108.17
2025-04-30,Detergente 500g,Aseo,1,6768.39
2025-04-30,Frijol 500g,Granos,3,5228.47
2025-04-30,Galletas Chocolate,Snacks,4,3554.25
2025-04-30,Gaseosa Cola 400ml,Bebidas,6,2845.6
2025-04-30,Gaseosa Manzana 400ml,Bebidas,8,2610.31
2025-04-30,Harina Trigo 1kg,Despensa,2,4144.45
2025-04-30,Huevos x30,Despensa,2,16156.29
2025-04-30,Jabon Barra,Aseo,2,2571.97
2025-04-30,Jugo Mango 300ml,Bebidas,5,3402.42
2025-04-30,Leche Entera 900ml,Lacteos,7,4153.54
2025-04-30,Lenteja 500g,Granos,2,4746.88
2025-04-30,Mani 50g,Snacks,3,2960.49
2025-04-30,Pan Blandito x5,Panaderia,5,3412.13
2025-04-30,Pan Tajado 500g,Panaderia,2,6195.33
2025-04-30,Papas 30g,Snacks,8,2661.68
2025-04-30,Papel Higienico x4,Aseo,1,9219.0
2025-04-30,Queso Campesino 250g,Lacteos,2,7710.71
2025-04-30,Sal 500g,Despensa,1,1870.84
2025-04-30,Yogurt Fresa 200ml,Lacteos,7,2481.33
2025-05-01,Aceite 1L,Despensa,3,15827.91
2025-05-01,Agua 600ml,Bebidas,5,2007.45
2025-05-01,Arroz 1kg,Despensa,6,4696.71
2025-05-01,Azucar 1kg,Despensa,5,4616.37
2025-05-01,Bebida Energetica 250ml,Bebidas,3,4685.73
2025-05-01,Cafe Molido 250g,Despensa,1,9007.42
2025-05-01,Cerveza Sixpack,Bebidas,3,14196.38
2025-05-01,Chitos 40g,Snacks,5,2773.81
2025-05-01,Chocolate 250g,Despensa,4,8258.39
2025-05-01,Detergente 500g,Aseo,1,6719.53
2025-05-01,Frijol 500g,Granos,1,5510.44
2025-05-01,Galletas Chocolate,Snacks,8,3856.34
2025-05-01,Gaseosa Cola 400ml,Bebidas,9,2993.96
2025-05-01,Gaseosa Manzana 400ml,Bebidas,10,2839.39
2025-05-01,Harina Trigo 1kg,Despensa,4,4262.97
2025-05-01,Huevos x30,Despensa,4,16886.94
2025-05-01,Jabon Barra,Aseo,2,3127.35
2025-05-01,Jugo Mango 300ml,Bebidas,12,2976.21
2025-05-01,Leche Entera 900ml,Lacteos,8,4231.86
2025-05-01,Lenteja 500g,Granos,2,5059.51
2025-05-01,Mani 50g,Snacks,9,2590.67
2025-05-01,Pan Blandito x5,Panaderia,6,3077.31
2025-05-01,Pan Tajado 500g,Panaderia,4,5711.78
2025-05-01,Papas 30g,Snacks,5,2596.29
2025-05-01,Papel Higienico x4,Aseo,4,8971.56
2025-05-01,Queso Campesino 250g,Lacteos,3,7691.82
2025-05-01,Sal 500g,Despensa,2,1908.34
2025-05-01,Yogurt Fresa 200ml,Lacteos,11,2600.86
2025-05-02,Aceite 1L,Despensa,1,17026.6
2025-05-02,Agua 600ml,Bebidas,13,2122.51
2025-05-02,Arroz 1kg,Despensa,4,5003.28
2025-05-02,Azucar 1kg,Despensa,5,4581.1
2025-05-02,Bebida Energetica 250ml,Bebidas,3,4793.31
2025-05-02,Cafe Molido 250g,Despensa,3,9121.37
2025-05-02,Cerveza Sixpack,Bebidas,4,15550.12
2025-05-02,Chitos 40g,Snacks,10,2587.28
2025-05-02,Chocolate 250g,Despensa,2,8156.34
2025-05-02,Detergente 500g,Aseo,1,6648.69
2025-05-02,Frijol 500g,Granos,2,5407.65
2025-05-02,Galletas Chocolate,Snacks,5,3630.61
2025-05-02,Gaseosa Cola 400ml,Bebidas,17,2764.03
2025-05-02,Gaseosa Manzana 400ml,Bebidas,13,2610.78
2025-05-02,Harina Trigo 1kg,Despensa,6,4193.31
2025-05-02,Huevos x30,Despensa,4,17429.32
2025-05-02,Jabon Barra,Aseo,1,3121.28
2025-05-02,Jugo Mango 300ml,Bebidas,10,3400.35
2025-05-02,Leche Entera 900ml,Lacteos,10,4036.02
2025-05-02,Lenteja 500g,Granos,1,5076.61
2025-05-02,Mani 50g,Snacks,4,2835.18
2025-05-02,Pan Blandito x5,Panaderia,1,3190.38
2025-05-02,Pan Tajado 500g,Panaderia,6,6197.03
2025-05-02,Papas 30g,Snacks,11,2546.57
2025-05-02,Papel Higienico x4,Aseo,2,8842.46
2025-05-02,Queso Campesino 250g,Lacteos,5,7903.94
2025-05-02,Sal 500g,Despensa,3,1908.47
2025-05-02,Yogurt Fresa 200ml,Lacteos,8,2599.85
2025-05-03,Aceite 1L,Despensa,1,15637.23
2025-05-03,Agua 600ml,Bebidas,11,2150.15
2025-05-03,Arroz 1kg,Despensa,5,4753.28
2025-05-03,Azucar 1kg,Despensa,4,4898.71
2025-05-03,Bebida Energetica 250ml,Bebidas,1,4408.13
2025-05-03,Cafe Molido 250g,Despensa,3,8205.26
2025-05-03,Cerveza Sixpack,Bebidas,4,14508.67
2025-05-03,Chitos 40g,Snacks,2,2785.13
2025-05-03,Chocolate 250g,Despensa,3,8141.58
2025-05-03,Galletas Chocolate,Snacks,9,3569.62
2025-05-03,Gaseosa Cola 400ml,Bebidas,10,2828.03
2025-05-03,Gaseosa Manzana 400ml,Bebidas,14,2450.96
2025-05-03,Harina Trigo 1kg,Despensa,3,3308.94
2025-05-03,Huevos x30,Despensa,9,16708.63
2025-05-03,Jugo Mango 300ml,Bebidas,4,3313.13
2025-05-03,Leche Entera 900ml,Lacteos,11,4096.68
2025-05-03,Lenteja 500g,Granos,1,5008.75
2025-05-03,Mani 50g,Snacks,6,2937.33
2025-05-03,Pan Blandito x5,Panaderia,6,3321.15
2025-05-03,Pan Tajado 500g,Panaderia,5,5893.87
2025-05-03,Papas 30g,Snacks,10,2648.38
2025-05-03,Papel Higienico x4,Aseo,1,8704.87
2025-05-03,Queso Campesino 250g,Lacteos,6,7826.17
2025-05-03,Sal 500g,Despensa,1,1904.32
2025-05-03,Yogurt Fresa 200ml,Lacteos,2,2563.31
2025-05-04,Aceite 1L,Despensa,2,16062.17
2025-05-04,Agua 600ml,Bebidas,8,2035.15
2025-05-04,Arroz 1kg,Despensa,4,4398.29
2025-05-04,Azucar 1kg,Despensa,1,4773.56
2025-05-04,Bebida Energetica 250ml,Bebidas,2,4685.13
2025-05-04,Cafe Molido 250g,Despensa,3,8900.78
2025-05-04,Cerveza Sixpack,Bebidas,7,14884.61
2025-05-04,Chitos 40g,Snacks,5,2721.62
2025-05-04,Detergente 500g,Aseo,3,6699.81
2025-05-04,Frijol 500g,Granos,3,5223.56
2025-05-04,Galletas Chocolate,Snacks,6,3599.6
2025-05-04,Gaseosa Cola 400ml,Bebidas,12,2792.94
2025-05-04,Gaseosa Manzana 400ml,Bebidas,7,2834.67
2025-05-04,Huevos x30,Despensa,1,15618.01
2025-05-04,Jabon Barra,Aseo,2,3095.18
2025-05-04,Jugo Mango 300ml,Bebidas,1,3133.49
2025-05-04,Leche Entera 900ml,Lacteos,8,4421.2
2025-05-04,Mani 50g,Snacks,7,3098.33
2025-05-04,Pan Blandito x5,Panaderia,3,3143.77
2025-05-04,Pan Tajado 500g,Panaderia,7,6244.11
2025-05-04,Papas 30g,Snacks,12,2434.77
2025-05-04,Papel Higienico x4,Aseo,2,9689.16
2025-05-04,Queso Campesino 250g,Lacteos,5,8072.34
2025-05-04,Sal 500g,Despensa,1,1966.95
2025-05-04,Yogurt Fresa 200ml,Lacteos,4,2578.1
2025-05-05,Aceite 1L,Despensa,2,16680.19
2025-05-05,Agua 600ml,Bebidas,9,2189.94
2025-05-05,Arroz 1kg,Despensa,4,4467.77
2025-05-05,Azucar 1kg,Despensa,2,4619.29
2025-05-05,Bebida Energetica 250ml,Bebidas,3,4496.94
2025-05-05,Cafe Molido 250g,Despensa,4,8772.72
2025-05-05,Cerveza Sixpack,Bebidas,1,14960.71
2025-05-05,Chitos 40g,Snacks,4,2797.22
2025-05-05,Chocolate 250g,Despensa,2,8286.72
2025-05-05,Detergente 500g,Aseo,2,6782.05
2025-05-05,Frijol 500g,Granos,4,5358.87
2025-05-05,Galletas Chocolate,Snacks,7,3922.67
2025-05-05,Gaseosa Cola 400ml,Bebidas,9,2803.98
2025-05-05,Gaseosa Manzana 400ml,Bebidas,11,2751.26
2025-05-05,Harina Trigo 1kg,Despensa,2,4017.87
2025-05-05,Huevos x30,Despensa,1,16020.97
2025-05-05,Jabon Barra,Aseo,2,3178.76
2025-05-05,Jugo Mango 300ml,Bebidas,7,2981.43
2025-05-05,Leche Entera 900ml,Lacteos,6,4259.91
2025-05-05,Lenteja 500g,Granos,2,4284.44
2025-05-05,Mani 50g,Snacks,3,2848.15
2025-05-05,Pan Blandito x5,Panaderia,11,2769.56
2025-05-05,Pan Tajado 500g,Panaderia,6,5841.64
2025-05-05,Papas 30g,Snacks,10,2640.17
2025-05-05,Papel Higienico x4,Aseo,1,8869.49
2025-05-05,Queso Campesino 250g,Lacteos,5,7249.39
2025-05-05,Sal 500g,Despensa,2,1968.74
2025-05-05,Yogurt Fresa 200ml,Lacteos,6,2793.7
2025-05-06,Aceite 1L,Despensa,4,14764.35
2025-05-06,Agua 600ml,Bebidas,9,2122.17
2025-05-06,Arroz 1kg,Despensa,6,4879.09
2025-05-06,Azucar 1kg,Despensa,3,5079.76
2025-05-06,Bebida Energetica 250ml,Bebidas,2,4772.41
2025-05-06,Cafe Molido 250g,Despensa,3,9126.93
2025-05-06,Cerveza Sixpack,Bebidas,1,14240.0
2025-05-06,Chitos 40g,Snacks,3,2832.01
2025-05-06,Chocolate 250g,Despensa,2,8627.34
2025-05-06,Detergente 500g,Aseo,2,6827.87
2025-05-06,Frijol 500g,Granos,4,5260.36
2025-05-06,Galletas Chocolate,Snacks,9,3507.82
2025-05-06,Gaseosa Cola 400ml,Bebidas,8,2777.52
2025-05-06,Gaseosa Manzana 400ml,Bebidas,7,2869.35
2025-05-06,Harina Trigo 1kg,Despensa,2,4259.04
2025-05-06,Huevos x30,Despensa,4,17582.89
2025-05-06,Jabon Barra,Aseo,2,3090.3
2025-05-06,Jugo Mango 300ml,Bebidas,5,3094.93
2025-05-06,Leche Entera 900ml,Lacteos,5,4213.34
2025-05-06,Lenteja 500g,Granos,5,4113.23
2025-05-06,Mani 50g,Snacks,2,2853.05
2025-05-06,Pan Blandito x5,Panaderia,3,3185.59
2025-05-06,Pan Tajado 500g,Panaderia,3,5931.99
2025-05-06,Papas 30g,Snacks,11,2670.48
2025-05-06,Papel Higienico x4,Aseo,4,9361.45
2025-05-06,Queso Campesino 250g,Lacteos,3,7279.89
2025-05-06,Sal 500g,Despensa,2,1809.72
2025-05-06,Yogurt Fresa 200ml,Lacteos,7,2575.74
2025-05-07,Aceite 1L,Despensa,1,15507.63
2025-05-07,Agua 600ml,Bebidas,10,1990.86
2025-05-07,Arroz 1kg,Despensa,1,4488.17
2025-05-07,Azucar 1kg,Despensa,3,5023.46
2025-05-07,Bebida Energetica 250ml,Bebidas,1,3738.89
2025-05-07,Cafe Molido 250g,Despensa,3,9221.86
2025-05-07,Cerveza Sixpack,Bebidas,1,15904.24
2025-05-07,Chitos 40g,Snacks,5,2829.23
2025-05-07,Chocolate 250g,Despensa,3,8017.71
2025-05-07,Detergente 500g,Aseo,4,7099.12
2025-05-07,Frijol 500g,Granos,5,5177.37
2025-05-07,Galletas Chocolate,Snacks,9,3593.07
2025-05-07,Gaseosa Cola 400ml,Bebidas,8,2928.16
2025-05-07,Gaseosa Manzana 400ml,Bebidas,6,2934.36
2025-05-07,Harina Trigo 1kg,Despensa,4,4377.07
2025-05-07,Huevos x30,Despensa,3,16494.24
2025-05-07,Jabon Barra,Aseo,2,3107.96
2025-05-07,Jugo Mango 300ml,Bebidas,2,3278.91
2025-05-07,Leche Entera 900ml,Lacteos,10,4073.06
2025-05-07,Lenteja 500g,Granos,1,5219.0
2025-05-07,Mani 50g,Snacks,4,2874.88
2025-05-07,Pan Blandito x5,Panaderia,5,2919.84
2025-05-07,Pan Tajado 500g,Panaderia,1,5553.35
2025-05-07,Papas 30g,Snacks,10,2647.63
2025-05-07,Papel Higienico x4,Aseo,2,9548.73
2025-05-07,Queso Campesino 250g,Lacteos,2,7818.25
2025-05-07,Sal 500g,Despensa,1,1809.25
2025-05-07,Yogurt Fresa 200ml,Lacteos,16,2102.77
2025-05-08,Aceite 1L,Despensa,2,15505.07
2025-05-08,Agua 600ml,Bebidas,7,2183.24
2025-05-08,Arroz 1kg,Despensa,3,4972.74
2025-05-08,Azucar 1kg,Despensa,3,4624.81
2025-05-08,Bebida Energetica 250ml,Bebidas,3,4163.99
2025-05-08,Cafe Molido 250g,Despensa,2,8577.61
2025-05-08,Cerveza Sixpack,Bebidas,2,14669.45
2025-05-08,Chitos 40g,Snacks,8,2817.65
2025-05-08,Chocolate 250g,Despensa,4,8298.57
2025-05-08,Detergente 500g,Aseo,1,6567.52
2025-05-08,Frijol 500g,Granos,3,4906.78
2025-05-08,Galletas Chocolate,Snacks,6,3577.08
2025-05-08,Gaseosa Cola 400ml,Bebidas,11,2895.53
2025-05-08,Gaseosa Manzana 400ml,Bebidas,6,3041.16
2025-05-08,Harina Trigo 1kg,Despensa,1,4288.55
2025-05-08,Huevos x30,Despensa,4,16538.34
2025-05-08,Jabon Barra,Aseo,3,3102.34
2025-05-08,Jugo Mango 300ml,Bebidas,3,3570.04
2025-05-08,Leche Entera 900ml,Lacteos,6,4393.9
2025-05-08,Lenteja 500g,Granos,1,4825.24
2025-05-08,Mani 50g,Snacks,5,2813.82
2025-05-08,Pan Blandito x5,Panaderia,3,3399.76
2025-05-08,Pan Tajado 500g,Panaderia,4,6116.38
2025-05-08,Papas 30g,Snacks,7,2567.23
2025-05-08,Papel Higienico x4,Aseo,2,9434.02
2025-05-08,Queso Campesino 250g,Lacteos,2,7609.77
2025-05-08,Sal 500g,Despensa,2,2005.2
2025-05-08,Yogurt Fresa 200ml,Lacteos,8,2675.89
2025-05-09,Aceite 1L,Despensa,2,15758.35
2025-05-09,Agua 600ml,Bebidas,7,2058.33
2025-05-09,Arroz 1kg,Despensa,3,4785.01
2025-05-09,Azucar 1kg,Despensa,3,4856.96
2025-05-09,Bebida Energetica 250ml,Bebidas,4,4415.41
2025-05-09,Cafe Molido 250g,Despensa,2,8973.8
2025-05-09,Cerveza Sixpack,Bebidas,1,14662.89
2025-05-09,Chitos 40g,Snacks,6,2853.1
2025-05-09,Chocolate 250g,Despensa,2,8016.74
2025-05-09,Detergente 500g,Aseo,5,6914.33
2025-05-09,Galletas Chocolate,Snacks,5,3661.22
2025-05-09,Gaseosa Cola 400ml,Bebidas,7,3096.63
2025-05-09,Gaseosa Manzana 400ml,Bebidas,11,2607.26
2025-05-09,Harina Trigo 1kg,Despensa,3,4121.67
2025-05-09,Huevos x30,Despensa,4,16819.68
2025-05-09,Jabon Barra,Aseo,4,3094.57
2025-05-09,Jugo Mango 300ml,Bebidas,5,3385.73
2025-05-09,Leche Entera 900ml,Lacteos,9,4154.25
2025-05-09,Lenteja 500g,Granos,3,5018.52
2025-05-09,Mani 50g,Snacks,1,2773.04
2025-05-09,Pan Blandito x5,Panaderia,5,2728.62
2025-05-09,Pan Tajado 500g,Panaderia,5,5927.22
2025-05-09,Papas 30g,Snacks,29,2344.31
2025-05-09,Papel Higienico x4,Aseo,1,9030.21
2025-05-09,Queso Campesino 250g,Lacteos,4,7864.75
2025-05-09,Sal 500g,Despensa,2,1857.6
2025-05-09,Yogurt Fresa 200ml,Lacteos,7,2452.99
2025-05-10,Agua 600ml,Bebidas,11,2026.99
2025-05-10,Arroz 1kg,Despensa,3,4709.75
2025-05-10,Azucar 1kg,Despensa,1,4573.22
2025-05-10,Bebida Energetica 250ml,Bebidas,7,3772.26
2025-05-10,Cafe Molido 250g,Despensa,3,8677.96
2025-05-10,Cerveza Sixpack,Bebidas,5,14418.42
2025-05-10,Chitos 40g,Snacks,4,2826.91
2025-05-10,Chocolate 250g,Despensa,1,8417.01
2025-05-10,Detergente 500g,Aseo,2,6641.26
2025-05-10,Frijol 500g,Granos,2,5000.71
2025-05-10,Galletas Chocolate,Snacks,17,3742.27
2025-05-10,Gaseosa Cola 400ml,Bebidas,9,2920.8
2025-05-10,Gaseosa Manzana 400ml,Bebidas,15,2785.31
2025-05-10,Harina Trigo 1kg,Despensa,2,4040.39
2025-05-10,Jabon Barra,Aseo,2,3073.01
2025-05-10,Jugo Mango 300ml,Bebidas,10,3259.89
2025-05-10,Leche Entera 900ml,Lacteos,16,3547.07
2025-05-10,Lenteja 500g,Granos,3,4485.08
2025-05-10,Mani 50g,Snacks,8,2998.93
2025-05-10,Pan Blandito x5,Panaderia,3,3306.47
2025-05-10,Pan Tajado 500g,Panaderia,1,5626.1
2025-05-10,Papas 30g,Snacks,11,2564.5
2025-05-10,Papel Higienico x4,Aseo,2,9370.07
2025-05-10,Queso Campesino 250g,Lacteos,4,7627.4
2025-05-10,Sal 500g,Despensa,1,1917.84
2025-05-10,Yogurt Fresa 200ml,Lacteos,4,2615.75
2025-05-11,Aceite 1L,Despensa,1,15833.56
2025-05-11,Agua 600ml,Bebidas,6,2094.04
2025-05-11,Arroz 1kg,Despensa,9,4808.66
2025-05-11,Azucar 1kg,Despensa,1,5055.05
2025-05-11,Bebida Energetica 250ml,Bebidas,2,4419.65
2025-05-11,Cafe Molido 250g,Despensa,3,9754.72
2025-05-11,Cerveza Sixpack,Bebidas,5,14533.12
2025-05-11,Chitos 40g,Snacks,7,2772.56
2025-05-11,Chocolate 250g,Despensa,5,7963.64
2025-05-11,Detergente 500g,Aseo,3,6489.43
2025-05-11,Frijol 500g,Granos,2,5119.65
2025-05-11,Galletas Chocolate,Snacks,5,3713.53
2025-05-11,Gaseosa Cola 400ml,Bebidas,10,2915.23
2025-05-11,Gaseosa Manzana 400ml,Bebidas,7,2496.99
2025-05-11,Harina Trigo 1kg,Despensa,3,4203.86
2025-05-11,Huevos x30,Despensa,3,13946.27
2025-05-11,Jabon Barra,Aseo,2,3329.98
2025-05-11,Jugo Mango 300ml,Bebidas,11,3323.41
2025-05-11,Leche Entera 900ml,Lacteos,8,4163.04
2025-05-11,Lenteja 500g,Granos,2,4718.59
2025-05-11,Mani 50g,Snacks,5,2942.11
2025-05-11,Pan Blandito x5,Panaderia,6,3178.86
2025-05-11,Pan Tajado 500g,Panaderia,1,5841.9
2025-05-11,Papas 30g,Snacks,11,2616.5
2025-05-11,Queso Campesino 250g,Lacteos,3,7844.63
2025-05-11,Yogurt Fresa 200ml,Lacteos,12,2595.59
2025-05-12,Aceite 1L,Despensa,3,15933.48
2025-05-12,Agua 600ml,Bebidas,8,1994.05
2025-05-12,Arroz 1kg,Despensa,2,4859.63
2025-05-12,Azucar 1kg,Despensa,4,4958.38
2025-05-12,Bebida Energetica 250ml,Bebidas,1,4294.72
2025-05-12,Cafe Molido 250g,Despensa,2,8991.11
2025-05-12,Cerveza Sixpack,Bebidas,6,15712.76
2025-05-12,Chitos 40g,Snacks,5,2405.0
2025-05-12,Chocolate 250g,Despensa,1,8254.97
2025-05-12,Detergente 500g,Aseo,3,6553.44
2025-05-12,Frijol 500g,Granos,2,5013.94
2025-05-12,Galletas Chocolate,Snacks,6,3455.92
2025-05-12,Gaseosa Cola 400ml,Bebidas,15,2905.43
2025-05-12,Gaseosa Manzana 400ml,Bebidas,9,2726.53
2025-05-12,Harina Trigo 1kg,Despensa,3,4198.71
2025-05-12,Huevos x30,Despensa,5,16503.78
2025-05-12,Jabon Barra,Aseo,3,3073.3
2025-05-12,Jugo Mango 300ml,Bebidas,3,3088.49
2025-05-12,Leche Entera 900ml,Lacteos,7,4061.6
2025-05-12,Lenteja 500g,Granos,3,5070.22
2025-05-12,Mani 50g,Snacks,5,2982.42
2025-05-12,Pan Blandito x5,Panaderia,7,3470.84
2025-05-12,Pan Tajado 500g,Panaderia,3,6325.93
2025-05-12,Papas 30g,Snacks,6,2599.14
2025-05-12,Papel Higienico x4,Aseo,1,8929.74
2025-05-12,Queso Campesino 250g,Lacteos,4,8153.2
2025-05-12,Sal 500g,Despensa,1,1912.59
2025-05-12,Yogurt Fresa 200ml,Lacteos,7,2699.06
2025-05-13,Aceite 1L,Despensa,1,16137.22
2025-05-13,Agua 600ml,Bebidas,2,2128.89
2025-05-13,Arroz 1kg,Despensa,2,4752.58
2025-05-13,Azucar 1kg,Despensa,2,4718.84
2025-05-13,Bebida Energetica 250ml,Bebidas,3,4497.57
2025-05-13,Cafe Molido 250g,Despensa,2,7514.72
2025-05-13,Cerveza Sixpack,Bebidas,4,14633.81
2025-05-13,Chitos 40g,Snacks,7,2781.07
2025-05-13,Chocolate 250g,Despensa,1,8153.54
2025-05-13,Detergente 500g,Aseo,1,6881.72
2025-05-13,Frijol 500g,Granos,1,5510.86
2025-05-13,Galletas Chocolate,Snacks,11,3684.52
2025-05-13,Gaseosa Cola 400ml,Bebidas,12,3025.36
2025-05-13,Gaseosa Manzana 400ml,Bebidas,5,2693.21
2025-05-13,Harina Trigo 1kg,Despensa,1,4177.24
2025-05-13,Huevos x30,Despensa,1,17909.05
2025-05-13,Jabon Barra,Aseo,3,3308.75
2025-05-13,Jugo Mango 300ml,Bebidas,3,3499.47
2025-05-13,Leche Entera 900ml,Lacteos,9,4247.15
2025-05-13,Lenteja 500g,Granos,1,4711.69
2025-05-13,Mani 50g,Snacks,5,3026.24
2025-05-13,Pan Blandito x5,Panaderia,2,3245.59
2025-05-13,Pan Tajado 500g,Panaderia,4,6188.08
2025-05-13,Papas 30g,Snacks,6,2638.18
2025-05-13,Queso Campesino 250g,Lacteos,4,7782.76
2025-05-13,Sal 500g,Despensa,1,1894.11
2025-05-13,Yogurt Fresa 200ml,Lacteos,11,2527.13
2025-05-14,Aceite 1L,Despensa,2,15495.76
2025-05-14,Agua 600ml,Bebidas,7,2056.42
2025-05-14,Arroz 1kg,Despensa,8,4770.0
2025-05-14,Azucar 1kg,Despensa,1,4780.63
2025-05-14,Bebida Energetica 250ml,Bebidas,2,4662.25
2025-05-14,Cafe Molido 250g,Despensa,3,8732.81
2025-05-14,Cerveza Sixpack,Bebidas,2,14285.24
2025-05-14,Chitos 40g,Snacks,5,2562.97
2025-05-14,Chocolate 250g,Despensa,3,8171.36
2025-05-14,Detergente 500g,Aseo,2,6638.18
2025-05-14,Frijol 500g,Granos,2,4953.53
2025-05-14,Galletas Chocolate,Snacks,6,3636.23
2025-05-14,Gaseosa Cola 400ml,Bebidas,9,2809.15
2025-05-14,Gaseosa Manzana 400ml,Bebidas,11,2699.98
2025-05-14,Harina Trigo 1kg,Despensa,2,3875.11
2025-05-14,Huevos x30,Despensa,3,16365.61
2025-05-14,Jabon Barra,Aseo,2,3062.74
2025-05-14,Jugo Mango 300ml,Bebidas,4,3296.3
2025-05-14,Leche Entera 900ml,Lacteos,4,4326.48
2025-05-14,Lenteja 500g,Granos,1,4709.52
2025-05-14,Mani 50g,Snacks,3,3007.25
2025-05-14,Pan Blandito x5,Panaderia,6,3238.81
2025-05-14,Pan Tajado 500g,Panaderia,3,5954.11
2025-05-14,Papas 30g,Snacks,7,2722.2
2025-05-14,Papel Higienico x4,Aseo,4,9340.75
2025-05-14,Queso Campesino 250g,Lacteos,5,7656.19
2025-05-14,Sal 500g,Despensa,2,1574.98
2025-05-14,Yogurt Fresa 200ml,Lacteos,9,2537.74
2025-05-15,Agua 600ml,Bebidas,5,2183.13
2025-05-15,Arroz 1kg,Despensa,5,4570.51
2025-05-15,Azucar 1kg,Despensa,4,4809.29
2025-05-15,Bebida Energetica 250ml,Bebidas,4,4682.68
2025-05-15,Cafe Molido 250g,Despensa,3,7585.83
2025-05-15,Cerveza Sixpack,Bebidas,4,15443.93
2025-05-15,Chitos 40g,Snacks,9,2760.22
2025-05-15,Chocolate 250g,Despensa,6,8528.98
2025-05-15,Detergente 500g,Aseo,4,6776.17
2025-05-15,Frijol 500g,Granos,4,4913.64
2025-05-15,Galletas Chocolate,Snacks,10,3757.46
2025-05-15,Gaseosa Cola 400ml,Bebidas,6,2793.24
2025-05-15,Gaseosa Manzana 400ml,Bebidas,9,2786.55
2025-05-15,Harina Trigo 1kg,Despensa,6,4249.71
2025-05-15,Huevos x30,Despensa,3,16810.48
2025-05-15,Jabon Barra,Aseo,6,3242.42
2025-05-15,Jugo Mango 300ml,Bebidas,5,3255.61
2025-05-15,Leche Entera 900ml,Lacteos,8,4211.42
2025-05-15,Lenteja 500g,Granos,4,4706.38
2025-05-15,Mani 50g,Snacks,3,3091.66
2025-05-15,Pan Blandito x5,Panaderia,8,3230.9
2025-05-15,Pan Tajado 500g,Panaderia,3,5709.49
2025-05-15,Papas 30g,Snacks,12,2468.14
2025-05-15,Papel Higienico x4,Aseo,2,8869.45
2025-05-15,Queso Campesino 250g,Lacteos,8,7965.44
2025-05-15,Sal 500g,Despensa,1,1773.86
2025-05-15,Yogurt Fresa 200ml,Lacteos,6,2455.09
2025-05-16,Aceite 1L,Despensa,1,14791.42
2025-05-16,Agua 600ml,Bebidas,6,2070.48
2025-05-16,Arroz 1kg,Despensa,4,4779.47
2025-05-16,Azucar 1kg,Despensa,3,4883.85
2025-05-16,Bebida Energetica 250ml,Bebidas,3,4552.47
2025-05-16,Cafe Molido 250g,Despensa,1,9602.3
2025-05-16,Cerveza Sixpack,Bebidas,3,15270.41
2025-05-16,Chitos 40g,Snacks,3,2885.18
2025-05-16,Chocolate 250g,Despensa,1,8387.98
2025-05-16,Detergente 500g,Aseo,4,6841.69
2025-05-16,Galletas Chocolate,Snacks,10,3659.74
2025-05-16,Gaseosa Cola 400ml,Bebidas,15,2962.43
2025-05-16,Gaseosa Manzana 400ml,Bebidas,11,2870.35
2025-05-16,Harina Trigo 1kg,Despensa,3,4204.34
2025-05-16,Huevos x30,Despensa,2,16364.46
2025-05-16,Jabon Barra,Aseo,2,3059.96
2025-05-16,Jugo Mango 300ml,Bebidas,4,3471.75
2025-05-16,Leche Entera 900ml,Lacteos,9,4398.3
2025-05-16,Lenteja 500g,Granos,2,4877.42
2025-05-16,Mani 50g,Snacks,2,2907.28
2025-05-16,Pan Blandito x5,Panaderia,5,3186.82
2025-05-16,Pan Tajado 500g,Panaderia,3,5805.46
2025-05-16,Papas 30g,Snacks,16,2275.36
2025-05-16,Papel Higienico x4,Aseo,1,9324.56
2025-05-16,Queso Campesino 250g,Lacteos,1,7755.79
2025-05-16,Sal 500g,Despensa,3,1951.23
2025-05-16,Yogurt Fresa 200ml,Lacteos,8,2592.54
2025-05-17,Aceite 1L,Despensa,1,15939.54
2025-05-17,Agua 600ml,Bebidas,14,1954.62
2025-05-17,Arroz 1kg,Despensa,4,4583.73
2025-05-17,Bebida Energetica 250ml,Bebidas,3,4687.66
2025-05-17,Cafe Molido 250g,Despensa,7,9053.15
2025-05-17,Cerveza Sixpack,Bebidas,8,13817.54
2025-05-17,Chitos 40g,Snacks,7,2720.19
2025-05-17,Chocolate 250g,Despensa,2,8522.22
2025-05-17,Detergente 500g,Aseo,1,6975.72
2025-05-17,Frijol 500g,Granos,5,5049.78
2025-05-17,Galletas Chocolate,Snacks,7,3665.82
2025-05-17,Gaseosa Cola 400ml,Bebidas,20,2896.95
2025-05-17,Gaseosa Manzana 400ml,Bebidas,10,2590.34
2025-05-17,Harina Trigo 1kg,Despensa,4,4121.13
2025-05-17,Huevos x30,Despensa,1,16515.89
2025-05-17,Jabon Barra,Aseo,2,3335.88
2025-05-17,Jugo Mango 300ml,Bebidas,6,3418.52
2025-05-17,Leche Entera 900ml,Lacteos,12,3653.1
2025-05-17,Lenteja 500g,Granos,1,4937.15
2025-05-17,Mani 50g,Snacks,4,3116.38
2025-05-17,Pan Blandito x5,Panaderia,12,3332.53
2025-05-17,Pan Tajado 500g,Panaderia,5,5831.78
2025-05-17,Papas 30g,Snacks,12,2591.51
2025-05-17,Papel Higienico x4,Aseo,1,9386.97
2025-05-17,Queso Campesino 250g,Lacteos,2,7237.63
2025-05-17,Sal 500g,Despensa,2,1901.14
2025-05-17,Yogurt Fresa 200ml,Lacteos,5,2599.58
2025-05-18,Aceite 1L,Despensa,5,16684.57
2025-05-18,Agua 600ml,Bebidas,15,1918.98
2025-05-18,Arroz 1kg,Despensa,4,4823.09
2025-05-18,Azucar 1kg,Despensa,3,4531.29
2025-05-18,Bebida Energetica 250ml,Bebidas,2,4568.71
2025-05-18,Cafe Molido 250g,Despensa,1,9178.33
2025-05-18,Cerveza Sixpack,Bebidas,6,13588.05
2025-05-18,Chitos 40g,Snacks,6,2680.08
2025-05-18,Chocolate 250g,Despensa,2,7997.51
2025-05-18,Detergente 500g,Aseo,2,6979.46
2025-05-18,Frijol 500g,Granos,1,4904.28
2025-05-18,Galletas Chocolate,Snacks,3,3607.21
2025-05-18,Gaseosa Cola 400ml,Bebidas,11,3029.21
2025-05-18,Gaseosa Manzana 400ml,Bebidas,5,2730.86
2025-05-18,Harina Trigo 1kg,Despensa,6,4264.51
2025-05-18,Huevos x30,Despensa,2,16795.62
2025-05-18,Jabon Barra,Aseo,1,3318.84
2025-05-18,Jugo Mango 300ml,Bebidas,3,3391.99
2025-05-18,Leche Entera 900ml,Lacteos,11,4030.76
2025-05-18,Mani 50g,Snacks,7,3089.35
2025-05-18,Pan Blandito x5,Panaderia,5,3024.42
2025-05-18,Pan Tajado 500g,Panaderia,7,6054.02
2025-05-18,Papas 30g,Snacks,15,2555.92
2025-05-18,Papel Higienico x4,Aseo,1,9166.67
2025-05-18,Queso Campesino 250g,Lacteos,5,8016.44
2025-05-18,Yogurt Fresa 200ml,Lacteos,9,2672.04
2025-05-19,Aceite 1L,Despensa,5,14610.3
2025-05-19,Agua 600ml,Bebidas,9,1842.79
2025-05-19,Arroz 1kg,Despensa,2,4559.03
2025-05-19,Azucar 1kg,Despensa,4,4655.07
2025-05-19,Bebida Energetica 250ml,Bebidas,2,4662.37
2025-05-19,Cerveza Sixpack,Bebidas,3,14864.23
2025-05-19,Chitos 40g,Snacks,4,2707.61
2025-05-19,Chocolate 250g,Despensa,1,8636.63
2025-05-19,Frijol 500g,Granos,2,5323.46
2025-05-19,Galletas Chocolate,Snacks,4,3578.34
2025-05-19,Gaseosa Cola 400ml,Bebidas,10,2940.99
2025-05-19,Gaseosa Manzana 400ml,Bebidas,12,2920.59
2025-05-19,Harina Trigo 1kg,Despensa,2,4185.64
2025-05-19,Huevos x30,Despensa,1,16338.73
2025-05-19,Jabon Barra,Aseo,2,3057.76
2025-05-19,Jugo Mango 300ml,Bebidas,3,3205.99
2025-05-19,Leche Entera 900ml,Lacteos,6,4136.44
2025-05-19,Mani 50g,Snacks,7,3093.37
2025-05-19,Pan Blandito x5,Panaderia,8,3139.75
2025-05-19,Pan Tajado 500g,Panaderia,3,5936.35
2025-05-19,Papas 30g,Snacks,13,2255.78
2025-05-19,Papel Higienico x4,Aseo,3,9213.62
2025-05-19,Queso Campesino 250g,Lacteos,3,8236.71
2025-05-19,Sal 500g,Despensa,2,1824.67
2025-05-19,Yogurt Fresa 200ml,Lacteos,7,2632.53
2025-05-20,Aceite 1L,Despensa,2,16475.26
2025-05-20,Agua 600ml,Bebidas,10,2110.82
2025-05-20,Arroz 1kg,Despensa,11,4897.08
2025-05-20,Azucar 1kg,Despensa,2,4536.96
2025-05-20,Bebida Energetica 250ml,Bebidas,1,4309.23
2025-05-20,Cafe Molido 250g,Despensa,2,8591.59
2025-05-20,Cerveza Sixpack,Bebidas,2,15038.1
2025-05-20,Chocolate 250g,Despensa,2,8347.54
2025-05-20,Detergente 500g,Aseo,2,6886.51
2025-05-20,Frijol 500g,Granos,2,4188.6
2025-05-20,Galletas Chocolate,Snacks,5,3932.22
2025-05-20,Gaseosa Cola 400ml,Bebidas,20,2821.45
2025-05-20,Gaseosa Manzana 400ml,Bebidas,9,2875.73
2025-05-20,Harina Trigo 1kg,Despensa,3,4173.75
2025-05-20,Huevos x30,Despensa,5,16112.32
2025-05-20,Jabon Barra,Aseo,3,3350.33
2025-05-20,Jugo Mango 300ml,Bebidas,6,3194.12
2025-05-20,Leche Entera 900ml,Lacteos,8,4052.1
2025-05-20,Lenteja 500g,Granos,1,4923.51
2025-05-20,Mani 50g,Snacks,6,3128.7
2025-05-20,Pan Blandito x5,Panaderia,4,3122.64
2025-05-20,Pan Tajado 500g,Panaderia,4,5997.55
2025-05-20,Papas 30g,Snacks,8,2550.67
2025-05-20,Queso Campesino 250g,Lacteos,3,7895.13
2025-05-20,Sal 500g,Despensa,6,1836.85
2025-05-20,Yogurt Fresa 200ml,Lacteos,4,2516.21
2025-05-21,Aceite 1L,Despensa,3,16061.6
2025-05-21,Agua 600ml,Bebidas,12,2063.03
2025-05-21,Arroz 1kg,Despensa,4,4922.02
2025-05-21,Azucar 1kg,Despensa,7,4852.18
2025-05-21,Bebida Energetica 250ml,Bebidas,1,4667.04
2025-05-21,Cafe Molido 250g,Despensa,4,8564.94
2025-05-21,Chitos 40g,Snacks,4,2772.2
2025-05-21,Chocolate 250g,Despensa,1,8188.54
2025-05-21,Detergente 500g,Aseo,1,6687.39
2025-05-21,Frijol 500g,Granos,3,5191.03
2025-05-21,Galletas Chocolate,Snacks,5,3653.4
2025-05-21,Gaseosa Cola 400ml,Bebidas,14,2849.55
2025-05-21,Gaseosa Manzana 400ml,Bebidas,11,2802.9
2025-05-21,Harina Trigo 1kg,Despensa,1,3960.45
2025-05-21,Huevos x30,Despensa,2,15952.71
2025-05-21,Jabon Barra,Aseo,2,3066.15
2025-05-21,Jugo Mango 300ml,Bebidas,8,2873.25
2025-05-21,Leche Entera 900ml,Lacteos,6,4258.54
2025-05-21,Lenteja 500g,Granos,1,4594.42
2025-05-21,Mani 50g,Snacks,7,3053.91
2025-05-21,Pan Blandito x5,Panaderia,7,3152.67
2025-05-21,Pan Tajado 500g,Panaderia,5,6033.11
2025-05-21,Papas 30g,Snacks,7,2548.03
2025-05-21,Papel Higienico x4,Aseo,2,9229.63
2025-05-21,Queso Campesino 250g,Lacteos,1,7514.35
2025-05-21,Sal 500g,Despensa,1,1848.9
2025-05-21,Yogurt Fresa 200ml,Lacteos,5,2575.33
2025-05-22,Aceite 1L,Despensa,4,14997.44
2025-05-22,Agua 600ml,Bebidas,6,2102.38
2025-05-22,Arroz 1kg,Despensa,4,4910.56
2025-05-22,Azucar 1kg,Despensa,3,5004.45
2025-05-22,Bebida Energetica 250ml,Bebidas,4,4632.09
2025-05-22,Cafe Molido 250g,Despensa,1,9327.56
2025-05-22,Cerveza Sixpack,Bebidas,2,14614.67
2025-05-22,Chitos 40g,Snacks,13,2756.9
2025-05-22,Chocolate 250g,Despensa,1,7576.99
2025-05-22,Detergente 500g,Aseo,1,6797.94
2025-05-22,Frijol 500g,Granos,1,5253.31
2025-05-22,Galletas Chocolate,Snacks,7,3434.91
2025-05-22,Gaseosa Cola 400ml,Bebidas,5,2907.37
2025-05-22,Gaseosa Manzana 400ml,Bebidas,6,2855.69
2025-05-22,Harina Trigo 1kg,Despensa,2,4097.79
2025-05-22,Huevos x30,Despensa,2,15268.75
2025-05-22,Jabon Barra,Aseo,1,3279.08
2025-05-22,Jugo Mango 300ml,Bebidas,3,3354.98
2025-05-22,Leche Entera 900ml,Lacteos,6,3949.94
2025-05-22,Lenteja 500g,Granos,2,5058.37
2025-05-22,Mani 50g,Snacks,1,3046.08
2025-05-22,Pan Blandito x5,Panaderia,4,3108.32
2025-05-22,Pan Tajado 500g,Panaderia,5,5950.8
2025-05-22,Papas 30g,Snacks,4,2585.94
2025-05-22,Papel Higienico x4,Aseo,3,9250.16
2025-05-22,Queso Campesino 250g,Lacteos,2,8153.23
2025-05-22,Yogurt Fresa 200ml,Lacteos,7,2567.25
2025-05-23,Aceite 1L,Despensa,4,16444.49
2025-05-23,Agua 600ml,Bebidas,17,1856.42
2025-05-23,Arroz 1kg,Despensa,5,4315.57
2025-05-23,Bebida Energetica 250ml,Bebidas,2,4528.21
2025-05-23,Cerveza Sixpack,Bebidas,3,15428.56
2025-05-23,Chitos 40g,Snacks,5,2773.14
2025-05-23,Chocolate 250g,Despensa,3,8046.23
2025-05-23,Frijol 500g,Granos,1,4875.18
2025-05-23,Galletas Chocolate,Snacks,8,3075.14
2025-05-23,Gaseosa Cola 400ml,Bebidas,12,2924.93
2025-05-23,Gaseosa Manzana 400ml,Bebidas,9,2858.84
2025-05-23,Harina Trigo 1kg,Despensa,3,4437.29
2025-05-23,Huevos x30,Despensa,2,16318.07
2025-05-23,Jugo Mango 300ml,Bebidas,5,2830.12
2025-05-23,Leche Entera 900ml,Lacteos,8,4281.97
2025-05-23,Mani 50g,Snacks,7,2652.59
2025-05-23,Pan Blandito x5,Panaderia,7,3188.99
2025-05-23,Pan Tajado 500g,Panaderia,4,5787.79
2025-05-23,Papas 30g,Snacks,15,2669.54
2025-05-23,Papel Higienico x4,Aseo,2,9425.08
2025-05-23,Queso Campesino 250g,Lacteos,3,8083.73
2025-05-23,Sal 500g,Despensa,2,1908.57
2025-05-23,Yogurt Fresa 200ml,Lacteos,5,2618.11
2025-05-24,Aceite 1L,Despensa,1,15765.17
2025-05-24,Agua 600ml,Bebidas,4,2094.46
2025-05-24,Arroz 1kg,Despensa,1,4744.52
2025-05-24,Azucar 1kg,Despensa,4,4796.0
2025-05-24,Bebida Energetica 250ml,Bebidas,2,4479.23
2025-05-24,Cafe Molido 250g,Despensa,3,8887.82
2025-05-24,Cerveza Sixpack,Bebidas,4,14319.88
2025-05-24,Chitos 40g,Snacks,3,2687.55
2025-05-24,Detergente 500g,Aseo,1,6824.93
2025-05-24,Frijol 500g,Granos,4,5291.93
2025-05-24,Galletas Chocolate,Snacks,6,3600.96
2025-05-24,Gaseosa Cola 400ml,Bebidas,12,2719.83
2025-05-24,Gaseosa Manzana 400ml,Bebidas,12,2849.45
2025-05-24,Harina Trigo 1kg,Despensa,2,4394.56
2025-05-24,Huevos x30,Despensa,3,16417.68
2025-05-24,Jabon Barra,Aseo,1,2958.79
2025-05-24,Jugo Mango 300ml,Bebidas,5,3446.03
2025-05-24,Leche Entera 900ml,Lacteos,11,4279.98
2025-05-24,Lenteja 500g,Granos,1,4854.59
2025-05-24,Mani 50g,Snacks,4,2883.25
2025-05-24,Pan Blandito x5,Panaderia,3,3212.06
2025-05-24,Pan Tajado 500g,Panaderia,10,5748.34
2025-05-24,Papas 30g,Snacks,17,2436.39
2025-05-24,Queso Campesino 250g,Lacteos,5,7797.35
2025-05-24,Sal 500g,Despensa,4,1976.99
2025-05-24,Yogurt Fresa 200ml,Lacteos,6,2428.4
2025-05-25,Aceite 1L,Despensa,6,13368.98
2025-05-25,Agua 600ml,Bebidas,8,2190.92
2025-05-25,Arroz 1kg,Despensa,5,4646.45
2025-05-25,Azucar 1kg,Despensa,2,4851.19
2025-05-25,Bebida Energetica 250ml,Bebidas,4,4592.82
2025-05-25,Cafe Molido 250g,Despensa,3,9338.05
2025-05-25,Cerveza Sixpack,Bebidas,1,13697.11
2025-05-25,Chitos 40g,Snacks,4,2667.58
2025-05-25,Detergente 500g,Aseo,4,6812.16
2025-05-25,Galletas Chocolate,Snacks,9,3576.53
2025-05-25,Gaseosa Cola 400ml,Bebidas,11,2887.47
2025-05-25,Gaseosa Manzana 400ml,Bebidas,9,2864.76
2025-05-25,Huevos x30,Despensa,2,15347.1
2025-05-25,Jabon Barra,Aseo,2,3222.54
2025-05-25,Jugo Mango 300ml,Bebidas,8,3296.67
2025-05-25,Leche Entera 900ml,Lacteos,8,4401.48
2025-05-25,Lenteja 500g,Granos,2,4953.39
2025-05-25,Mani 50g,Snacks,5,3110.91
2025-05-25,Pan Blandito x5,Panaderia,2,2973.89
2025-05-25,Pan Tajado 500g,Panaderia,4,5675.7
2025-05-25,Papas 30g,Snacks,15,2596.99
2025-05-25,Papel Higienico x4,Aseo,1,9174.42
2025-05-25,Queso Campesino 250g,Lacteos,5,7634.46
2025-05-25,Sal 500g,Despensa,4,1793.96
2025-05-25,Yogurt Fresa 200ml,Lacteos,3,2402.18
2025-05-26,Aceite 1L,Despensa,5,14406.46
2025-05-26,Agua 600ml,Bebidas,9,2138.79
2025-05-26,Arroz 1kg,Despensa,2,4768.84
2025-05-26,Azucar 1kg,Despensa,1,4627.45
2025-05-26,Bebida Energetica 250ml,Bebidas,2,4574.24
2025-05-26,Cerveza Sixpack,Bebidas,3,14333.33
2025-05-26,Chitos 40g,Snacks,7,2765.64
2025-05-26,Chocolate 250g,Despensa,4,8371.21
2025-05-26,Detergente 500g,Aseo,2,6877.12
2025-05-26,Frijol 500g,Granos,1,5072.79
2025-05-26,Galletas Chocolate,Snacks,6,3484.53
2025-05-26,Gaseosa Cola 400ml,Bebidas,10,2749.18
2025-05-26,Gaseosa Manzana 400ml,Bebidas,5,2920.58
2025-05-26,Huevos x30,Despensa,1,15070.42
2025-05-26,Jabon Barra,Aseo,3,3049.34
2025-05-26,Jugo Mango 300ml,Bebidas,9,3304.89
2025-05-26,Leche Entera 900ml,Lacteos,8,4334.51
2025-05-26,Lenteja 500g,Granos,2,4977.12
2025-05-26,Mani 50g,Snacks,4,2969.71
2025-05-26,Pan Blandito x5,Panaderia,5,3276.16
2025-05-26,Pan Tajado 500g,Panaderia,6,5882.05
2025-05-26,Papas 30g,Snacks,7,2582.08
2025-05-26,Papel Higienico x4,Aseo,2,7764.07
2025-05-26,Queso Campesino 250g,Lacteos,7,8151.09
2025-05-26,Sal 500g,Despensa,2,1822.11
2025-05-26,Yogurt Fresa 200ml,Lacteos,6,2646.6
2025-05-27,Aceite 1L,Despensa,1,15631.13
2025-05-27,Agua 600ml,Bebidas,9,2139.42
2025-05-27,Arroz 1kg,Despensa,2,4532.34
2025-05-27,Azucar 1kg,Despensa,5,4992.8
2025-05-27,Bebida Energetica 250ml,Bebidas,5,4407.13
2025-05-27,Cafe Molido 250g,Despensa,5,7351.92
2025-05-27,Chitos 40g,Snacks,4,2637.69
2025-05-27,Chocolate 250g,Despensa,2,8632.52
2025-05-27,Detergente 500g,Aseo,3,7005.44
2025-05-27,Frijol 500g,Granos,2,5503.17
2025-05-27,Galletas Chocolate,Snacks,3,3537.92
2025-05-27,Gaseosa Cola 400ml,Bebidas,13,2969.29
2025-05-27,Gaseosa Manzana 400ml,Bebidas,6,2992.24
2025-05-27,Harina Trigo 1kg,Despensa,2,4217.99
2025-05-27,Huevos x30,Despensa,4,15906.08
2025-05-27,Jabon Barra,Aseo,4,3244.3
2025-05-27,Jugo Mango 300ml,Bebidas,1,3093.58
2025-05-27,Leche Entera 900ml,Lacteos,9,4400.76
2025-05-27,Lenteja 500g,Granos,2,4751.32
2025-05-27,Mani 50g,Snacks,3,2749.3
2025-05-27,Pan Blandito x5,Panaderia,8,3317.29
2025-05-27,Pan Tajado 500g,Panaderia,4,5814.07
2025-05-27,Papas 30g,Snacks,10,2612.0
2025-05-27,Papel Higienico x4,Aseo,1,8856.21
2025-05-27,Queso Campesino 250g,Lacteos,3,8071.23
2025-05-27,Sal 500g,Despensa,3,1881.21
2025-05-27,Yogurt Fresa 200ml,Lacteos,5,2527.73
2025-05-28,Aceite 1L,Despensa,4,15946.18
2025-05-28,Agua 600ml,Bebidas,6,2115.96
2025-05-28,Arroz 1kg,Despensa,3,4721.73
2025-05-28,Azucar 1kg,Despensa,1,4752.26
2025-05-28,Bebida Energetica 250ml,Bebidas,1,4664.55
2025-05-28,Cafe Molido 250g,Despensa,3,9396.97
2025-05-28,Cerveza Sixpack,Bebidas,1,15041.12
2025-05-28,Chitos 40g,Snacks,5,2435.68
2025-05-28,Chocolate 250g,Despensa,1,8122.11
2025-05-28,Detergente 500g,Aseo,2,5816.32
2025-05-28,Galletas Chocolate,Snacks,4,3493.15
2025-05-28,Gaseosa Cola 400ml,Bebidas,11,2870.15
2025-05-28,Gaseosa Manzana 400ml,Bebidas,9,2881.41
2025-05-28,Harina Trigo 1kg,Despensa,2,4161.91
2025-05-28,Huevos x30,Despensa,2,16079.08
2025-05-28,Jabon Barra,Aseo,3,3371.96
2025-05-28,Jugo Mango 300ml,Bebidas,4,3343.59
2025-05-28,Leche Entera 900ml,Lacteos,7,4109.91
2025-05-28,Mani 50g,Snacks,4,3143.79
2025-05-28,Pan Blandito x5,Panaderia,7,3237.56
2025-05-28,Pan Tajado 500g,Panaderia,3,5638.67
2025-05-28,Papas 30g,Snacks,19,2470.28
2025-05-28,Papel Higienico x4,Aseo,2,9897.61
2025-05-28,Queso Campesino 250g,Lacteos,3,7834.77
2025-05-28,Sal 500g,Despensa,3,1941.21
2025-05-28,Yogurt Fresa 200ml,Lacteos,7,2621.18
2025-05-29,Aceite 1L,Despensa,2,15543.08
2025-05-29,Agua 600ml,Bebidas,9,1889.16
2025-05-29,Arroz 1kg,Despensa,2,4790.17
2025-05-29,Azucar 1kg,Despensa,5,4865.46
2025-05-29,Bebida Energetica 250ml,Bebidas,6,4601.5
2025-05-29,Cafe Molido 250g,Despensa,1,8523.42
2025-05-29,Cerveza Sixpack,Bebidas,4,14586.81
2025-05-29,Chitos 40g,Snacks,5,2632.2
2025-05-29,Chocolate 250g,Despensa,4,7022.74
2025-05-29,Detergente 500g,Aseo,1,6879.34
2025-05-29,Frijol 500g,Granos,3,5223.54
2025-05-29,Galletas Chocolate,Snacks,4,3697.03
2025-05-29,Gaseosa Cola 400ml,Bebidas,3,2914.02
2025-05-29,Gaseosa Manzana 400ml,Bebidas,15,2859.08
2025-05-29,Harina Trigo 1kg,Despensa,1,4272.86
2025-05-29,Huevos x30,Despensa,3,16815.55
2025-05-29,Jabon Barra,Aseo,4,3296.97
2025-05-29,Jugo Mango 300ml,Bebidas,4,2759.7
2025-05-29,Leche Entera 900ml,Lacteos,10,4295.03
2025-05-29,Mani 50g,Snacks,1,3018.12
2025-05-29,Pan Blandito x5,Panaderia,7,3202.94
2025-05-29,Pan Tajado 500g,Panaderia,2,5933.4
2025-05-29,Papas 30g,Snacks,12,2498.49
2025-05-29,Papel Higienico x4,Aseo,2,9074.14
2025-05-29,Queso Campesino 250g,Lacteos,1,7503.13
2025-05-29,Sal 500g,Despensa,2,1808.41
2025-05-29,Yogurt Fresa 200ml,Lacteos,7,2610.51
2025-05-30,Aceite 1L,Despensa,1,14255.81
2025-05-30,Agua 600ml,Bebidas,12,2146.61
2025-05-30,Arroz 1kg,Despensa,7,4761.78
2025-05-30,Azucar 1kg,Despensa,2,4762.68
2025-05-30,Bebida Energetica 250ml,Bebidas,6,4582.12
2025-05-30,Cafe Molido 250g,Despensa,2,9127.74
2025-05-30,Cerveza Sixpack,Bebidas,2,14836.46
2025-05-30,Chitos 40g,Snacks,13,2399.26
2025-05-30,Chocolate 250g,Despensa,1,8512.66
2025-05-30,Detergente 500g,Aseo,5,6804.88
2025-05-30,Frijol 500g,Granos,1,5094.51
2025-05-30,Galletas Chocolate,Snacks,7,3641.63
2025-05-30,Gaseosa Cola 400ml,Bebidas,16,2841.87
2025-05-30,Gaseosa Manzana 400ml,Bebidas,7,2780.29
2025-05-30,Harina Trigo 1kg,Despensa,2,4247.34
2025-05-30,Huevos x30,Despensa,1,16242.36
2025-05-30,Jabon Barra,Aseo,3,2885.09
2025-05-30,Jugo Mango 300ml,Bebidas,10,3097.55
2025-05-30,Leche Entera 900ml,Lacteos,8,4195.24
2025-05-30,Lenteja 500g,Granos,1,5074.36
2025-05-30,Mani 50g,Snacks,8,2684.82
2025-05-30,Pan Blandito x5,Panaderia,5,3162.24
2025-05-30,Pan Tajado 500g,Panaderia,3,6091.4
2025-05-30,Papas 30g,Snacks,15,2666.57
2025-05-30,Papel Higienico x4,Aseo,2,9054.84
2025-05-30,Queso Campesino 250g,Lacteos,3,8085.98
2025-05-30,Sal 500g,Despensa,1,1871.02
2025-05-30,Yogurt Fresa 200ml,Lacteos,12,2305.26
2025-05-31,Aceite 1L,Despensa,1,13635.77
2025-05-31,Agua 600ml,Bebidas,16,2111.22
2025-05-31,Arroz 1kg,Despensa,4,5039.22
2025-05-31,Azucar 1kg,Despensa,4,4983.67
2025-05-31,Bebida Energetica 250ml,Bebidas,4,4908.53
2025-05-31,Cerveza Sixpack,Bebidas,1,15098.12
2025-05-31,Chitos 40g,Snacks,7,2665.34
2025-05-31,Chocolate 250g,Despensa,2,8076.36
2025-05-31,Detergente 500g,Aseo,1,6620.27
2025-05-31,Frijol 500g,Granos,2,4968.75
2025-05-31,Galletas Chocolate,Snacks,6,3754.94
2025-05-31,Gaseosa Cola 400ml,Bebidas,13,2968.83
2025-05-31,Gaseosa Manzana 400ml,Bebidas,8,2710.26
2025-05-31,Harina Trigo 1kg,Despensa,2,4430.75
2025-05-31,Huevos x30,Despensa,3,16874.42
2025-05-31,Jabon Barra,Aseo,1,3122.75
2025-05-31,Jugo Mango 300ml,Bebidas,5,3293.39
2025-05-31,Leche Entera 900ml,Lacteos,6,4431.04
2025-05-31,Lenteja 500g,Granos,5,4158.47
2025-05-31,Mani 50g,Snacks,1,2922.47
2025-05-31,Pan Blandito x5,Panaderia,3,3075.88
2025-05-31,Pan Tajado 500g,Panaderia,2,5754.6
2025-05-31,Papas 30g,Snacks,14,2378.65
2025-05-31,Papel Higienico x4,Aseo,1,9119.43
2025-05-31,Queso Campesino 250g,Lacteos,2,7886.93
2025-05-31,Sal 500g,Despensa,1,1869.97
2025-05-31,Yogurt Fresa 200ml,Lacteos,6,2651.07
2025-06-01,Aceite 1L,Despensa,5,16738.96
2025-06-01,Agua 600ml,Bebidas,10,2130.63
2025-06-01,Arroz 1kg,Despensa,7,4727.46
2025-06-01,Azucar 1kg,Despensa,5,4665.43
2025-06-01,Bebida Energetica 250ml,Bebidas,5,4837.77
2025-06-01,Cafe Molido 250g,Despensa,4,8914.61
2025-06-01,Cerveza Sixpack,Bebidas,8,14660.14
2025-06-01,Chitos 40g,Snacks,11,2575.76
2025-06-01,Chocolate 250g,Despensa,2,8389.27
2025-06-01,Detergente 500g,Aseo,2,6510.79
2025-06-01,Frijol 500g,Granos,2,5264.57
2025-06-01,Galletas Chocolate,Snacks,9,3467.17
2025-06-01,Gaseosa Cola 400ml,Bebidas,8,2829.04
2025-06-01,Gaseosa Manzana 400ml,Bebidas,12,2770.09
2025-06-01,Harina Trigo 1kg,Despensa,2,4221.44
2025-06-01,Huevos x30,Despensa,4,15767.89
2025-06-01,Jabon Barra,Aseo,3,3249.64
2025-06-01,Jugo Mango 300ml,Bebidas,4,3231.12
2025-06-01,Leche Entera 900ml,Lacteos,5,4311.17
2025-06-01,Lenteja 500g,Granos,3,5129.06
2025-06-01,Mani 50g,Snacks,6,3169.06
2025-06-01,Pan Blandito x5,Panaderia,6,3229.97
2025-06-01,Pan Tajado 500g,Panaderia,6,6063.36
2025-06-01,Papas 30g,Snacks,17,2577.73
2025-06-01,Papel Higienico x4,Aseo,1,9426.25
2025-06-01,Queso Campesino 250g,Lacteos,1,7758.84
2025-06-01,Sal 500g,Despensa,1,1930.7
2025-06-01,Yogurt Fresa 200ml,Lacteos,9,2674.66
2025-06-02,Aceite 1L,Despensa,3,15884.94
2025-06-02,Agua 600ml,Bebidas,14,2036.11
2025-06-02,Arroz 1kg,Despensa,9,4654.97
2025-06-02,Azucar 1kg,Despensa,1,4716.31
2025-06-02,Bebida Energetica 250ml,Bebidas,4,4710.18
2025-06-02,Cafe Molido 250g,Despensa,4,8856.28
2025-06-02,Cerveza Sixpack,Bebidas,2,15615.29
2025-06-02,Chitos 40g,Snacks,4,2733.19
2025-06-02,Chocolate 250g,Despensa,1,8719.39
2025-06-02,Detergente 500g,Aseo,4,6912.39
2025-06-02,Frijol 500g,Granos,3,5206.92
2025-06-02,Galletas Chocolate,Snacks,8,3505.87
2025-06-02,Gaseosa Cola 400ml,Bebidas,9,2815.4
2025-06-02,Gaseosa Manzana 400ml,Bebidas,5,2709.45
2025-06-02,Harina Trigo 1kg,Despensa,2,4340.06
2025-06-02,Huevos x30,Despensa,1,16389.45
2025-06-02,Jabon Barra,Aseo,2,2940.75
2025-06-02,Jugo Mango 300ml,Bebidas,2,2823.36
2025-06-02,Leche Entera 900ml,Lacteos,8,4101.02
2025-06-02,Lenteja 500g,Granos,1,5187.24
2025-06-02,Mani 50g,Snacks,6,3110.45
2025-06-02,Pan Blandito x5,Panaderia,3,3049.36
2025-06-02,Pan Tajado 500g,Panaderia,7,5994.81
2025-06-02,Papas 30g,Snacks,6,2663.92
2025-06-02,Papel Higienico x4,Aseo,4,9128.55
2025-06-02,Queso Campesino 250g,Lacteos,5,7236.9
2025-06-02,Sal 500g,Despensa,4,1930.97
2025-06-02,Yogurt Fresa 200ml,Lacteos,6,2626.88
2025-06-03,Aceite 1L,Despensa,1,15910.84
2025-06-03,Agua 600ml,Bebidas,4,2091.53
2025-06-03,Arroz 1kg,Despensa,6,4773.92
2025-06-03,Azucar 1kg,Despensa,5,4810.18
2025-06-03,Bebida Energetica 250ml,Bebidas,2,4394.47
2025-06-03,Cafe Molido 250g,Despensa,1,8843.18
2025-06-03,Cerveza Sixpack,Bebidas,4,16132.15
2025-06-03,Chitos 40g,Snacks,7,2667.92
2025-06-03,Chocolate 250g,Despensa,1,8548.25
2025-06-03,Detergente 500g,Aseo,3,6605.39
2025-06-03,Frijol 500g,Granos,3,5394.33
2025-06-03,Galletas Chocolate,Snacks,7,3615.55
2025-06-03,Gaseosa Cola 400ml,Bebidas,9,3094.5
2025-06-03,Gaseosa Manzana 400ml,Bebidas,12,2743.31
2025-06-03,Harina Trigo 1kg,Despensa,3,4176.2
2025-06-03,Huevos x30,Despensa,1,17477.3
2025-06-03,Jabon Barra,Aseo,2,3194.53
2025-06-03,Jugo Mango 300ml,Bebidas,5,3212.97
2025-06-03,Leche Entera 900ml,Lacteos,12,4248.0
2025-06-03,Lenteja 500g,Granos,1,4956.03
2025-06-03,Mani 50g,Snacks,3,2924.72
2025-06-03,Pan Blandito x5,Panaderia,4,3092.84
2025-06-03,Pan Tajado 500g,Panaderia,1,6008.84
2025-06-03,Papas 30g,Snacks,10,2523.31
2025-06-03,Queso Campesino 250g,Lacteos,5,7990.13
2025-06-03,Sal 500g,Despensa,1,1792.41
2025-06-03,Yogurt Fresa 200ml,Lacteos,5,2694.94
2025-06-04,Agua 600ml,Bebidas,9,1807.63
2025-06-04,Arroz 1kg,Despensa,6,4592.25
2025-06-04,Azucar 1kg,Despensa,2,4652.32
2025-06-04,Bebida Energetica 250ml,Bebidas,1,4479.23
2025-06-04,Cafe Molido 250g,Despensa,3,9012.57
2025-06-04,Cerveza Sixpack,Bebidas,3,15434.22
2025-06-04,Chitos 40g,Snacks,5,2660.67
2025-06-04,Detergente 500g,Aseo,1,6517.09
2025-06-04,Frijol 500g,Granos,3,5483.0
2025-06-04,Galletas Chocolate,Snacks,4,3556.26
2025-06-04,Gaseosa Cola 400ml,Bebidas,4,2889.14
2025-06-04,Gaseosa Manzana 400ml,Bebidas,9,2905.29
2025-06-04,Harina Trigo 1kg,Despensa,1,4113.04
2025-06-04,Huevos x30,Despensa,5,16400.8
2025-06-04,Jugo Mango 300ml,Bebidas,3,3200.16
2025-06-04,Leche Entera 900ml,Lacteos,7,4203.88
2025-06-04,Mani 50g,Snacks,4,2975.16
2025-06-04,Pan Blandito x5,Panaderia,6,3173.93
2025-06-04,Pan Tajado 500g,Panaderia,6,6127.06
2025-06-04,Papas 30g,Snacks,12,2618.09
2025-06-04,Papel Higienico x4,Aseo,2,8806.18
2025-06-04,Queso Campesino 250g,Lacteos,4,7332.08
2025-06-04,Sal 500g,Despensa,2,1824.59
2025-06-04,Yogurt Fresa 200ml,Lacteos,6,2626.75
2025-06-05,Aceite 1L,Despensa,2,16383.21
2025-06-05,Agua 600ml,Bebidas,8,2100.88
2025-06-05,Arroz 1kg,Despensa,5,4674.89
2025-06-05,Azucar 1kg,Despensa,3,5089.27
2025-06-05,Bebida Energetica 250ml,Bebidas,4,4599.79
2025-06-05,Cafe Molido 250g,Despensa,1,9359.73
2025-06-05,Cerveza Sixpack,Bebidas,4,14062.5
2025-06-05,Chitos 40g,Snacks,7,2518.46
2025-06-05,Chocolate 250g,Despensa,1,8520.57
2025-06-05,Frijol 500g,Granos,3,5086.81
2025-06-05,Galletas Chocolate,Snacks,6,3753.03
2025-06-05,Gaseosa Cola 400ml,Bebidas,7,2801.88
2025-06-05,Gaseosa Manzana 400ml,Bebidas,7,2929.94
2025-06-05,Harina Trigo 1kg,Despensa,3,4172.34
2025-06-05,Huevos x30,Despensa,6,15228.02
2025-06-05,Jabon Barra,Aseo,4,3317.97
2025-06-05,Jugo Mango 300ml,Bebidas,12,3293.16
2025-06-05,Leche Entera 900ml,Lacteos,11,4254.69
2025-06-05,Lenteja 500g,Granos,2,4870.78
2025-06-05,Mani 50g,Snacks,2,3048.07
2025-06-05,Pan Blandito x5,Panaderia,7,3309.17
2025-06-05,Pan Tajado 500g,Panaderia,1,5120.67
2025-06-05,Papas 30g,Snacks,11,2496.35
2025-06-05,Papel Higienico x4,Aseo,3,9379.07
2025-06-05,Queso Campesino 250g,Lacteos,2,7804.47
2025-06-05,Sal 500g,Despensa,1,1892.84
2025-06-05,Yogurt Fresa 200ml,Lacteos,4,2463.62
2025-06-06,Aceite 1L,Despensa,1,15883.73
2025-06-06,Agua 600ml,Bebidas,9,2096.37
2025-06-06,Arroz 1kg,Despensa,4,4858.41
2025-06-06,Azucar 1kg,Despensa,6,4547.88
2025-06-06,Bebida Energetica 250ml,Bebidas,5,4605.16
2025-06-06,Cafe Molido 250g,Despensa,2,8851.88
2025-06-06,Cerveza Sixpack,Bebidas,5,15148.33
2025-06-06,Chitos 40g,Snacks,4,2845.37
2025-06-06,Detergente 500g,Aseo,4,6754.9
2025-06-06,Frijol 500g,Granos,3,5342.65
2025-06-06,Galletas Chocolate,Snacks,15,3697.36
2025-06-06,Gaseosa Cola 400ml,Bebidas,19,2804.87
2025-06-06,Gaseosa Manzana 400ml,Bebidas,9,2868.1
2025-06-06,Harina Trigo 1kg,Despensa,6,3998.12
2025-06-06,Huevos x30,Despensa,6,15987.87
2025-06-06,Jabon Barra,Aseo,1,3267.5
2025-06-06,Jugo Mango 300ml,Bebidas,14,3074.57
2025-06-06,Leche Entera 900ml,Lacteos,9,4278.69
2025-06-06,Lenteja 500g,Granos,2,4871.61
2025-06-06,Mani 50g,Snacks,5,3272.8
2025-06-06,Pan Blandito x5,Panaderia,9,3325.03
2025-06-06,Pan Tajado 500g,Panaderia,5,6254.45
2025-06-06,Papas 30g,Snacks,19,2323.61
2025-06-06,Papel Higienico x4,Aseo,1,9747.36
2025-06-06,Queso Campesino 250g,Lacteos,6,7670.68
2025-06-06,Sal 500g,Despensa,1,1869.66
2025-06-06,Yogurt Fresa 200ml,Lacteos,3,2530.28
2025-06-07,Aceite 1L,Despensa,2,15957.23
2025-06-07,Agua 600ml,Bebidas,9,2089.78
2025-06-07,Arroz 1kg,Despensa,10,4591.34
2025-06-07,Azucar 1kg,Despensa,4,4538.64
2025-06-07,Bebida Energetica 250ml,Bebidas,7,4818.37
2025-06-07,Cafe Molido 250g,Despensa,2,8891.85
2025-06-07,Cerveza Sixpack,Bebidas,4,14939.62
2025-06-07,Chitos 40g,Snacks,8,2859.01
2025-06-07,Chocolate 250g,Despensa,4,7972.66
2025-06-07,Detergente 500g,Aseo,2,6767.01
2025-06-07,Frijol 500g,Granos,2,5213.68
2025-06-07,Galletas Chocolate,Snacks,6,3276.68
2025-06-07,Gaseosa Cola 400ml,Bebidas,21,2299.89
2025-06-07,Gaseosa Manzana 400ml,Bebidas,12,2613.62
2025-06-07,Harina Trigo 1kg,Despensa,1,3953.36
2025-06-07,Huevos x30,Despensa,4,15096.57
2025-06-07,Jabon Barra,Aseo,5,3006.49
2025-06-07,Jugo Mango 300ml,Bebidas,4,3244.09
2025-06-07,Leche Entera 900ml,Lacteos,6,4209.92
2025-06-07,Lenteja 500g,Granos,1,5209.29
2025-06-07,Mani 50g,Snacks,5,2902.74
2025-06-07,Pan Blandito x5,Panaderia,3,3112.7
2025-06-07,Pan Tajado 500g,Panaderia,1,5867.32
2025-06-07,Papas 30g,Snacks,12,2677.58
2025-06-07,Papel Higienico x4,Aseo,4,9023.79
2025-06-07,Queso Campesino 250g,Lacteos,3,7566.29
2025-06-07,Sal 500g,Despensa,1,1851.47
2025-06-07,Yogurt Fresa 200ml,Lacteos,11,2593.87
2025-06-08,Aceite 1L,Despensa,2,16446.68
2025-06-08,Agua 600ml,Bebidas,15,2065.32
2025-06-08,Arroz 1kg,Despensa,3,4725.01
2025-06-08,Azucar 1kg,Despensa,4,4770.94
2025-06-08,Bebida Energetica 250ml,Bebidas,3,4664.82
2025-06-08,Cafe Molido 250g,Despensa,7,8263.9
2025-06-08,Cerveza Sixpack,Bebidas,2,14897.52
2025-06-08,Chitos 40g,Snacks,14,2496.56
2025-06-08,Chocolate 250g,Despensa,5,7495.72
2025-06-08,Detergente 500g,Aseo,1,6761.2
2025-06-08,Frijol 500g,Granos,1,5319.72
2025-06-08,Galletas Chocolate,Snacks,8,3630.92
2025-06-08,Gaseosa Cola 400ml,Bebidas,16,2914.62
2025-06-08,Gaseosa Manzana 400ml,Bebidas,9,2865.64
2025-06-08,Huevos x30,Despensa,2,16226.69
2025-06-08,Jabon Barra,Aseo,1,3132.86
2025-06-08,Jugo Mango 300ml,Bebidas,12,3197.16
2025-06-08,Leche Entera 900ml,Lacteos,3,4336.18
2025-06-08,Lenteja 500g,Granos,3,4806.21
2025-06-08,Mani 50g,Snacks,7,2928.99
2025-06-08,Pan Blandito x5,Panaderia,4,3097.46
2025-06-08,Pan Tajado 500g,Panaderia,1,6085.02
2025-06-08,Papas 30g,Snacks,16,2513.02
2025-06-08,Papel Higienico x4,Aseo,1,9215.15
2025-06-08,Queso Campesino 250g,Lacteos,4,7329.64
2025-06-08,Sal 500g,Despensa,1,1988.49
2025-06-08,Yogurt Fresa 200ml,Lacteos,5,2542.93
2025-06-09,Aceite 1L,Despensa,8,14083.16
2025-06-09,Agua 600ml,Bebidas,10,2094.71
2025-06-09,Arroz 1kg,Despensa,5,5043.36
2025-06-09,Bebida Energetica 250ml,Bebidas,5,4285.16
2025-06-09,Cafe Molido 250g,Despensa,3,9281.57
2025-06-09,Cerveza Sixpack,Bebidas,1,15453.69
2025-06-09,Chitos 40g,Snacks,3,2829.45
2025-06-09,Chocolate 250g,Despensa,3,8432.7
2025-06-09,Detergente 500g,Aseo,2,6614.87
2025-06-09,Frijol 500g,Granos,4,4968.62
2025-06-09,Galletas Chocolate,Snacks,12,3562.42
2025-06-09,Gaseosa Cola 400ml,Bebidas,14,2464.27
2025-06-09,Gaseosa Manzana 400ml,Bebidas,12,2721.39
2025-06-09,Harina Trigo 1kg,Despensa,2,4311.1
2025-06-09,Huevos x30,Despensa,1,16545.5
2025-06-09,Jabon Barra,Aseo,4,3268.83
2025-06-09,Jugo Mango 300ml,Bebidas,5,3205.32
2025-06-09,Leche Entera 900ml,Lacteos,8,4096.35
2025-06-09,Mani 50g,Snacks,7,3031.06
2025-06-09,Pan Blandito x5,Panaderia,6,2999.59
2025-06-09,Pan Tajado 500g,Panaderia,4,5979.18
2025-06-09,Papas 30g,Snacks,6,2238.35
2025-06-09,Papel Higienico x4,Aseo,1,9358.5
2025-06-09,Queso Campesino 250g,Lacteos,2,7759.98
2025-06-09,Sal 500g,Despensa,1,1907.68
2025-06-09,Yogurt Fresa 200ml,Lacteos,4,2534.97
2025-06-10,Aceite 1L,Despensa,5,15305.95
2025-06-10,Agua 600ml,Bebidas,11,2020.49
2025-06-10,Arroz 1kg,Despensa,7,4571.39
2025-06-10,Azucar 1kg,Despensa,1,4697.86
2025-06-10,Bebida Energetica 250ml,Bebidas,3,4745.94
2025-06-10,Cafe Molido 250g,Despensa,3,9179.36
2025-06-10,Cerveza Sixpack,Bebidas,5,14362.95
2025-06-10,Chitos 40g,Snacks,6,2664.91
2025-06-10,Chocolate 250g,Despensa,2,8589.02
2025-06-10,Detergente 500g,Aseo,3,6522.38
2025-06-10,Frijol 500g,Granos,1,5429.97
2025-06-10,Galletas Chocolate,Snacks,9,3544.44
2025-06-10,Gaseosa Cola 400ml,Bebidas,6,2889.42
2025-06-10,Gaseosa Manzana 400ml,Bebidas,10,2820.67
2025-06-10,Harina Trigo 1kg,Despensa,4,4319.56
2025-06-10,Huevos x30,Despensa,3,15850.6
2025-06-10,Jabon Barra,Aseo,3,3177.93
2025-06-10,Jugo Mango 300ml,Bebidas,8,3221.86
2025-06-10,Leche Entera 900ml,Lacteos,20,3778.24
2025-06-10,Lenteja 500g,Granos,3,4957.13
2025-06-10,Mani 50g,Snacks,4,2888.44
2025-06-10,Pan Blandito x5,Panaderia,6,3276.77
2025-06-10,Pan Tajado 500g,Panaderia,2,6070.6
2025-06-10,Papas 30g,Snacks,7,2595.08
2025-06-10,Papel Higienico x4,Aseo,4,9028.46
2025-06-10,Queso Campesino 250g,Lacteos,3,7628.0
2025-06-10,Yogurt Fresa 200ml,Lacteos,10,2518.79
2025-06-11,Aceite 1L,Despensa,1,14640.78
2025-06-11,Agua 600ml,Bebidas,9,2228.23
2025-06-11,Arroz 1kg,Despensa,4,4910.7
2025-06-11,Azucar 1kg,Despensa,1,4643.1
2025-06-11,Bebida Energetica 250ml,Bebidas,3,4464.21
2025-06-11,Cafe Molido 250g,Despensa,2,8992.13
2025-06-11,Cerveza Sixpack,Bebidas,5,12975.59
2025-06-11,Chitos 40g,Snacks,10,2300.73
2025-06-11,Chocolate 250g,Despensa,1,8010.25
2025-06-11,Frijol 500g,Granos,2,5188.49
2025-06-11,Galletas Chocolate,Snacks,9,3602.38
2025-06-11,Gaseosa Cola 400ml,Bebidas,12,2749.75
2025-06-11,Gaseosa Manzana 400ml,Bebidas,6,2955.13
2025-06-11,Harina Trigo 1kg,Despensa,2,4389.36
2025-06-11,Huevos x30,Despensa,4,16116.42
2025-06-11,Jabon Barra,Aseo,1,3127.55
2025-06-11,Jugo Mango 300ml,Bebidas,4,3332.33
2025-06-11,Leche Entera 900ml,Lacteos,4,4216.08
2025-06-11,Lenteja 500g,Granos,3,4938.22
2025-06-11,Mani 50g,Snacks,2,2762.58
2025-06-11,Pan Blandito x5,Panaderia,3,3233.14
2025-06-11,Pan Tajado 500g,Panaderia,7,5842.34
2025-06-11,Papas 30g,Snacks,16,2278.83
2025-06-11,Papel Higienico x4,Aseo,1,9629.09
2025-06-11,Queso Campesino 250g,Lacteos,4,8067.28
2025-06-11,Sal 500g,Despensa,1,1904.85
2025-06-11,Yogurt Fresa 200ml,Lacteos,3,2550.45
2025-06-12,Aceite 1L,Despensa,4,15403.18
2025-06-12,Agua 600ml,Bebidas,7,2127.26
2025-06-12,Arroz 1kg,Despensa,11,4706.56
2025-06-12,Azucar 1kg,Despensa,1,4506.56
2025-06-12,Bebida Energetica 250ml,Bebidas,4,4444.89
2025-06-12,Cafe Molido 250g,Despensa,3,9390.69
2025-06-12,Cerveza Sixpack,Bebidas,2,15065.97
2025-06-12,Chitos 40g,Snacks,6,2847.77
2025-06-12,Chocolate 250g,Despensa,3,8193.29
2025-06-12,Frijol 500g,Granos,2,4957.27
2025-06-12,Galletas Chocolate,Snacks,9,3526.37
2025-06-12,Gaseosa Cola 400ml,Bebidas,12,2977.92
2025-06-12,Gaseosa Manzana 400ml,Bebidas,8,2782.93
2025-06-12,Harina Trigo 1kg,Despensa,4,3998.27
2025-06-12,Huevos x30,Despensa,5,16832.73
2025-06-12,Jabon Barra,Aseo,2,3205.62
2025-06-12,Jugo Mango 300ml,Bebidas,4,3265.75
2025-06-12,Leche Entera 900ml,Lacteos,14,3352.58
2025-06-12,Lenteja 500g,Granos,1,4812.41
2025-06-12,Mani 50g,Snacks,4,3040.01
2025-06-12,Pan Blandito x5,Panaderia,5,3108.37
2025-06-12,Pan Tajado 500g,Panaderia,2,5665.35
2025-06-12,Papas 30g,Snacks,12,2386.88
2025-06-12,Papel Higienico x4,Aseo,4,9521.13
2025-06-12,Sal 500g,Despensa,3,1952.59
2025-06-12,Yogurt Fresa 200ml,Lacteos,6,2636.62
2025-06-13,Aceite 1L,Despensa,2,15957.12
2025-06-13,Agua 600ml,Bebidas,8,2150.97
2025-06-13,Arroz 1kg,Despensa,4,4584.62
2025-06-13,Azucar 1kg,Despensa,1,4707.44
2025-06-13,Bebida Energetica 250ml,Bebidas,3,4441.03
2025-06-13,Cafe Molido 250g,Despensa,4,8885.21
2025-06-13,Cerveza Sixpack,Bebidas,2,14347.36
2025-06-13,Chitos 40g,Snacks,3,2719.3
2025-06-13,Chocolate 250g,Despensa,3,8224.39
2025-06-13,Detergente 500g,Aseo,3,6841.56
2025-06-13,Frijol 500g,Granos,4,5107.91
2025-06-13,Galletas Chocolate,Snacks,8,3472.61
2025-06-13,Gaseosa Cola 400ml,Bebidas,13,2967.44
2025-06-13,Gaseosa Manzana 400ml,Bebidas,13,2852.55
2025-06-13,Harina Trigo 1kg,Despensa,2,4173.05
2025-06-13,Huevos x30,Despensa,3,15896.79
2025-06-13,Jugo Mango 300ml,Bebidas,10,3371.79
2025-06-13,Leche Entera 900ml,Lacteos,8,3917.71
2025-06-13,Lenteja 500g,Granos,2,4965.65
2025-06-13,Mani 50g,Snacks,5,2845.34
2025-06-13,Pan Blandito x5,Panaderia,2,3226.17
2025-06-13,Pan Tajado 500g,Panaderia,7,6048.72
2025-06-13,Papas 30g,Snacks,11,2278.16
2025-06-13,Queso Campesino 250g,Lacteos,5,7733.01
2025-06-13,Sal 500g,Despensa,2,1866.2
2025-06-13,Yogurt Fresa 200ml,Lacteos,5,2588.29
2025-06-14,Aceite 1L,Despensa,6,15472.89
2025-06-14,Agua 600ml,Bebidas,9,2043.98
2025-06-14,Arroz 1kg,Despensa,4,4216.85
2025-06-14,Azucar 1kg,Despensa,4,4743.94
2025-06-14,Bebida Energetica 250ml,Bebidas,8,4475.61
2025-06-14,Cafe Molido 250g,Despensa,1,9219.44
2025-06-14,Cerveza Sixpack,Bebidas,6,14390.24
2025-06-14,Chitos 40g,Snacks,12,2910.04
2025-06-14,Chocolate 250g,Despensa,5,7718.1
2025-06-14,Detergente 500g,Aseo,2,6597.29
2025-06-14,Frijol 500g,Granos,3,4486.88
2025-06-14,Galletas Chocolate,Snacks,6,3035.02
2025-06-14,Gaseosa Cola 400ml,Bebidas,22,2980.68
2025-06-14,Gaseosa Manzana 400ml,Bebidas,14,2610.14
2025-06-14,Huevos x30,Despensa,5,16469.74
2025-06-14,Jugo Mango 300ml,Bebidas,9,3360.61
2025-06-14,Leche Entera 900ml,Lacteos,6,4061.01
2025-06-14,Lenteja 500g,Granos,6,5013.61
2025-06-14,Mani 50g,Snacks,10,2853.69
2025-06-14,Pan Blandito x5,Panaderia,6,3057.34
2025-06-14,Pan Tajado 500g,Panaderia,3,6002.61
2025-06-14,Papas 30g,Snacks,12,2572.22
2025-06-14,Papel Higienico x4,Aseo,1,9733.71
2025-06-14,Queso Campesino 250g,Lacteos,1,8049.31
2025-06-14,Sal 500g,Despensa,4,1921.78
2025-06-14,Yogurt Fresa 200ml,Lacteos,9,2569.07
2025-06-15,Aceite 1L,Despensa,2,15719.04
2025-06-15,Agua 600ml,Bebidas,8,2153.8
2025-06-15,Arroz 1kg,Despensa,1,4781.45
2025-06-15,Azucar 1kg,Despensa,3,4948.1
2025-06-15,Bebida Energetica 250ml,Bebidas,6,4415.41
2025-06-15,Cafe Molido 250g,Despensa,4,9077.94
2025-06-15,Chitos 40g,Snacks,4,2625.47
2025-06-15,Chocolate 250g,Despensa,2,8482.8
2025-06-15,Detergente 500g,Aseo,1,6770.32
2025-06-15,Frijol 500g,Granos,3,4966.96
2025-06-15,Galletas Chocolate,Snacks,12,3474.26
2025-06-15,Gaseosa Cola 400ml,Bebidas,15,2854.07
2025-06-15,Gaseosa Manzana 400ml,Bebidas,15,2621.75
2025-06-15,Harina Trigo 1kg,Despensa,3,4181.75
2025-06-15,Huevos x30,Despensa,3,16681.7
2025-06-15,Jabon Barra,Aseo,4,3239.46
2025-06-15,Jugo Mango 300ml,Bebidas,7,3152.27
2025-06-15,Leche Entera 900ml,Lacteos,7,4260.84
2025-06-15,Lenteja 500g,Granos,1,4983.09
2025-06-15,Mani 50g,Snacks,8,2959.33
2025-06-15,Pan Blandito x5,Panaderia,5,3053.82
2025-06-15,Pan Tajado 500g,Panaderia,6,6080.03
2025-06-15,Papas 30g,Snacks,19,2592.32
2025-06-15,Papel Higienico x4,Aseo,2,9531.41
2025-06-15,Queso Campesino 250g,Lacteos,6,7579.18
2025-06-15,Sal 500g,Despensa,3,1926.81
2025-06-15,Yogurt Fresa 200ml,Lacteos,9,2637.11
2025-06-16,Aceite 1L,Despensa,2,15093.28
2025-06-16,Agua 600ml,Bebidas,5,2082.23
2025-06-16,Arroz 1kg,Despensa,3,4828.39
2025-06-16,Azucar 1kg,Despensa,3,4938.9
2025-06-16,Bebida Energetica 250ml,Bebidas,3,4321.06
2025-06-16,Cerveza Sixpack,Bebidas,4,16092.99
2025-06-16,Chitos 40g,Snacks,7,2427.06
2025-06-16,Chocolate 250g,Despensa,3,7878.82
2025-06-16,Detergente 500g,Aseo,1,6739.6
2025-06-16,Frijol 500g,Granos,2,5076.44
2025-06-16,Galletas Chocolate,Snacks,5,3681.16
2025-06-16,Gaseosa Cola 400ml,Bebidas,10,3105.42
2025-06-16,Gaseosa Manzana 400ml,Bebidas,11,2803.01
2025-06-16,Harina Trigo 1kg,Despensa,2,4126.84
2025-06-16,Huevos x30,Despensa,5,16270.26
2025-06-16,Jabon Barra,Aseo,4,3289.42
2025-06-16,Jugo Mango 300ml,Bebidas,11,3228.33
2025-06-16,Leche Entera 900ml,Lacteos,13,4425.97
2025-06-16,Mani 50g,Snacks,9,2961.0
2025-06-16,Pan Blandito x5,Panaderia,1,3107.57
2025-06-16,Pan Tajado 500g,Panaderia,2,5724.44
2025-06-16,Papas 30g,Snacks,9,2631.72
2025-06-16,Papel Higienico x4,Aseo,3,9823.95
2025-06-16,Queso Campesino 250g,Lacteos,2,7627.25
2025-06-16,Sal 500g,Despensa,1,1579.15
2025-06-16,Yogurt Fresa 200ml,Lacteos,6,2653.55
2025-06-17,Aceite 1L,Despensa,1,15190.58
2025-06-17,Agua 600ml,Bebidas,7,2037.29
2025-06-17,Arroz 1kg,Despensa,7,4468.35
2025-06-17,Azucar 1kg,Despensa,2,4877.1
2025-06-17,Bebida Energetica 250ml,Bebidas,3,4324.64
2025-06-17,Cafe Molido 250g,Despensa,1,9447.35
2025-06-17,Cerveza Sixpack,Bebidas,4,14777.89
2025-06-17,Chitos 40g,Snacks,6,2823.79
2025-06-17,Chocolate 250g,Despensa,4,7771.8
2025-06-17,Detergente 500g,Aseo,2,6319.55
2025-06-17,Frijol 500g,Granos,9,4592.3
2025-06-17,Galletas Chocolate,Snacks,9,3571.17
2025-06-17,Gaseosa Cola 400ml,Bebidas,25,2700.74
2025-06-17,Gaseosa Manzana 400ml,Bebidas,9,2775.77
2025-06-17,Harina Trigo 1kg,Despensa,1,3962.64
2025-06-17,Huevos x30,Despensa,3,16105.22
2025-06-17,Jabon Barra,Aseo,3,3206.99
2025-06-17,Jugo Mango 300ml,Bebidas,8,3243.0
2025-06-17,Leche Entera 900ml,Lacteos,11,3408.87
2025-06-17,Lenteja 500g,Granos,2,5037.04
2025-06-17,Mani 50g,Snacks,6,2962.81
2025-06-17,Pan Blandito x5,Panaderia,3,3196.72
2025-06-17,Pan Tajado 500g,Panaderia,7,5187.85
2025-06-17,Papas 30g,Snacks,6,2659.28
2025-06-17,Papel Higienico x4,Aseo,1,9712.72
2025-06-17,Queso Campesino 250g,Lacteos,6,7990.45
2025-06-17,Sal 500g,Despensa,1,1951.59
2025-06-17,Yogurt Fresa 200ml,Lacteos,10,2567.86
2025-06-18,Aceite 1L,Despensa,4,15216.57
2025-06-18,Agua 600ml,Bebidas,3,2130.04
2025-06-18,Arroz 1kg,Despensa,7,5117.46
2025-06-18,Azucar 1kg,Despensa,1,4637.9
2025-06-18,Bebida Energetica 250ml,Bebidas,3,4431.89
2025-06-18,Cafe Molido 250g,Despensa,2,9631.98
2025-06-18,Cerveza Sixpack,Bebidas,3,15315.41
2025-06-18,Chitos 40g,Snacks,5,2595.34
2025-06-18,Chocolate 250g,Despensa,4,8764.37
2025-06-18,Detergente 500g,Aseo,1,6727.24
2025-06-18,Galletas Chocolate,Snacks,5,3748.64
2025-06-18,Gaseosa Cola 400ml,Bebidas,7,2617.36
2025-06-18,Gaseosa Manzana 400ml,Bebidas,10,2638.7
2025-06-18,Harina Trigo 1kg,Despensa,1,4235.97
2025-06-18,Huevos x30,Despensa,1,16457.29
2025-06-18,Jabon Barra,Aseo,1,3216.59
2025-06-18,Jugo Mango 300ml,Bebidas,9,2862.22
2025-06-18,Leche Entera 900ml,Lacteos,8,4262.66
2025-06-18,Lenteja 500g,Granos,1,4427.25
2025-06-18,Mani 50g,Snacks,5,2985.04
2025-06-18,Pan Blandito x5,Panaderia,5,3157.79
2025-06-18,Pan Tajado 500g,Panaderia,3,5912.51
2025-06-18,Papas 30g,Snacks,8,2477.34
2025-06-18,Papel Higienico x4,Aseo,4,9386.18
2025-06-18,Queso Campesino 250g,Lacteos,4,7808.06
2025-06-18,Sal 500g,Despensa,2,2041.45
2025-06-18,Yogurt Fresa 200ml,Lacteos,5,2551.47
2025-06-19,Aceite 1L,Despensa,2,15237.61
2025-06-19,Agua 600ml,Bebidas,11,2104.66
2025-06-19,Arroz 1kg,Despensa,4,4502.53
2025-06-19,Azucar 1kg,Despensa,2,4548.67
2025-06-19,Bebida Energetica 250ml,Bebidas,4,4718.03
2025-06-19,Cafe Molido 250g,Despensa,4,9107.85
2025-06-19,Cerveza Sixpack,Bebidas,2,15882.65
2025-06-19,Chitos 40g,Snacks,8,2198.26
2025-06-19,Chocolate 250g,Despensa,1,8008.61
2025-06-19,Detergente 500g,Aseo,2,6808.56
2025-06-19,Galletas Chocolate,Snacks,6,3312.64
2025-06-19,Gaseosa Cola 400ml,Bebidas,14,2855.66
2025-06-19,Gaseosa Manzana 400ml,Bebidas,7,2557.74
2025-06-19,Harina Trigo 1kg,Despensa,2,4053.46
2025-06-19,Huevos x30,Despensa,2,16456.57
2025-06-19,Jabon Barra,Aseo,4,3210.55
2025-06-19,Jugo Mango 300ml,Bebidas,5,3274.39
2025-06-19,Leche Entera 900ml,Lacteos,4,4283.54
2025-06-19,Lenteja 500g,Granos,5,4571.99
2025-06-19,Mani 50g,Snacks,5,2905.0
2025-06-19,Pan Blandito x5,Panaderia,4,3041.93
2025-06-19,Pan Tajado 500g,Panaderia,10,5409.94
2025-06-19,Papas 30g,Snacks,13,2746.93
2025-06-19,Papel Higienico x4,Aseo,2,9033.84
2025-06-19,Queso Campesino 250g,Lacteos,2,6696.44
2025-06-19,Sal 500g,Despensa,2,1960.46
2025-06-19,Yogurt Fresa 200ml,Lacteos,5,2569.54
2025-06-20,Aceite 1L,Despensa,4,15920.54
2025-06-20,Agua 600ml,Bebidas,3,2123.2
2025-06-20,Arroz 1kg,Despensa,6,4726.94
2025-06-20,Azucar 1kg,Despensa,1,4900.01
2025-06-20,Bebida Energetica 250ml,Bebidas,6,4056.59
2025-06-20,Cafe Molido 250g,Despensa,1,8460.93
2025-06-20,Cerveza Sixpack,Bebidas,5,15468.6
2025-06-20,Chitos 40g,Snacks,7,2711.69
2025-06-20,Chocolate 250g,Despensa,1,8250.64
2025-06-20,Detergente 500g,Aseo,3,6879.79
2025-06-20,Frijol 500g,Granos,2,5072.78
2025-06-20,Galletas Chocolate,Snacks,15,3758.26
2025-06-20,Gaseosa Cola 400ml,Bebidas,11,2839.14
2025-06-20,Gaseosa Manzana 400ml,Bebidas,9,2776.6
2025-06-20,Harina Trigo 1kg,Despensa,2,4305.77
2025-06-20,Jabon Barra,Aseo,3,3081.66
2025-06-20,Jugo Mango 300ml,Bebidas,5,3299.83
2025-06-20,Leche Entera 900ml,Lacteos,5,4459.84
2025-06-20,Mani 50g,Snacks,6,3061.08
2025-06-20,Pan Blandito x5,Panaderia,5,3170.5
2025-06-20,Pan Tajado 500g,Panaderia,2,5945.48
2025-06-20,Papas 30g,Snacks,13,2586.33
2025-06-20,Papel Higienico x4,Aseo,2,9575.27
2025-06-20,Queso Campesino 250g,Lacteos,6,8007.97
2025-06-20,Sal 500g,Despensa,2,1924.88
2025-06-20,Yogurt Fresa 200ml,Lacteos,10,2569.45
2025-06-21,Aceite 1L,Despensa,3,15600.44
2025-06-21,Agua 600ml,Bebidas,14,2152.31
2025-06-21,Arroz 1kg,Despensa,2,4431.45
2025-06-21,Azucar 1kg,Despensa,3,4777.81
2025-06-21,Bebida Energetica 250ml,Bebidas,5,4530.28
2025-06-21,Cerveza Sixpack,Bebidas,6,14008.89
2025-06-21,Chitos 40g,Snacks,10,2548.87
2025-06-21,Chocolate 250g,Despensa,4,8017.43
2025-06-21,Detergente 500g,Aseo,3,6741.04
2025-06-21,Frijol 500g,Granos,2,5333.73
2025-06-21,Galletas Chocolate,Snacks,13,3821.69
2025-06-21,Gaseosa Cola 400ml,Bebidas,15,2954.2
2025-06-21,Gaseosa Manzana 400ml,Bebidas,12,2920.3
2025-06-21,Harina Trigo 1kg,Despensa,2,3892.56
2025-06-21,Huevos x30,Despensa,4,16192.85
2025-06-21,Jabon Barra,Aseo,3,3165.7
2025-06-21,Jugo Mango 300ml,Bebidas,9,3343.99
2025-06-21,Leche Entera 900ml,Lacteos,5,4213.4
2025-06-21,Mani 50g,Snacks,16,2484.56
2025-06-21,Pan Blandito x5,Panaderia,7,3275.25
2025-06-21,Pan Tajado 500g,Panaderia,3,5983.39
2025-06-21,Papas 30g,Snacks,9,2650.86
2025-06-21,Papel Higienico x4,Aseo,2,9628.51
2025-06-21,Queso Campesino 250g,Lacteos,5,7858.39
2025-06-21,Sal 500g,Despensa,1,1836.3
2025-06-21,Yogurt Fresa 200ml,Lacteos,3,2501.78
2025-06-22,Aceite 1L,Despensa,4,15540.97
2025-06-22,Agua 600ml,Bebidas,5,2044.28
2025-06-22,Arroz 1kg,Despensa,3,4529.91
2025-06-22,Azucar 1kg,Despensa,5,4717.63
2025-06-22,Bebida Energetica 250ml,Bebidas,4,3680.63
2025-06-22,Cafe Molido 250g,Despensa,2,9425.51
2025-06-22,Cerveza Sixpack,Bebidas,7,15486.84
2025-06-22,Chitos 40g,Snacks,7,2578.81
2025-06-22,Chocolate 250g,Despensa,1,7289.48
2025-06-22,Detergente 500g,Aseo,1,7009.87
2025-06-22,Frijol 500g,Granos,3,5008.88
2025-06-22,Galletas Chocolate,Snacks,7,3569.48
2025-06-22,Gaseosa Cola 400ml,Bebidas,14,2834.36
2025-06-22,Gaseosa Manzana 400ml,Bebidas,11,2775.65
2025-06-22,Harina Trigo 1kg,Despensa,4,4452.06
2025-06-22,Huevos x30,Despensa,4,16588.03
2025-06-22,Jabon Barra,Aseo,1,2902.18
2025-06-22,Jugo Mango 300ml,Bebidas,6,3434.56
2025-06-22,Leche Entera 900ml,Lacteos,5,4283.7
2025-06-22,Lenteja 500g,Granos,2,5144.3
2025-06-22,Mani 50g,Snacks,3,3064.72
2025-06-22,Pan Blandito x5,Panaderia,7,3137.01
2025-06-22,Pan Tajado 500g,Panaderia,5,5705.47
2025-06-22,Papas 30g,Snacks,12,2741.97
2025-06-22,Papel Higienico x4,Aseo,5,10126.99
2025-06-22,Queso Campesino 250g,Lacteos,3,7194.16
2025-06-22,Yogurt Fresa 200ml,Lacteos,5,2531.39
2025-06-23,Aceite 1L,Despensa,3,15920.46
2025-06-23,Agua 600ml,Bebidas,8,2111.55
2025-06-23,Arroz 1kg,Despensa,6,5051.91
2025-06-23,Azucar 1kg,Despensa,5,4870.99
2025-06-23,Bebida Energetica 250ml,Bebidas,4,4082.96
2025-06-23,Cafe Molido 250g,Despensa,2,9094.66
2025-06-23,Cerveza Sixpack,Bebidas,1,15599.09
2025-06-23,Chitos 40g,Snacks,6,2721.07
2025-06-23,Chocolate 250g,Despensa,1,8120.46
2025-06-23,Detergente 500g,Aseo,2,6411.85
2025-06-23,Frijol 500g,Granos,4,5507.12
2025-06-23,Galletas Chocolate,Snacks,10,3753.17
2025-06-23,Gaseosa Cola 400ml,Bebidas,9,2741.73
2025-06-23,Gaseosa Manzana 400ml,Bebidas,11,2821.75
2025-06-23,Harina Trigo 1kg,Despensa,3,4392.42
2025-06-23,Huevos x30,Despensa,3,16749.16
2025-06-23,Jabon Barra,Aseo,3,3303.54
2025-06-23,Jugo Mango 300ml,Bebidas,11,3270.96
2025-06-23,Leche Entera 900ml,Lacteos,4,4190.53
2025-06-23,Mani 50g,Snacks,5,2890.88
2025-06-23,Pan Blandito x5,Panaderia,9,2972.27
2025-06-23,Pan Tajado 500g,Panaderia,4,6351.4
2025-06-23,Papas 30g,Snacks,9,2505.95
2025-06-23,Queso Campesino 250g,Lacteos,2,8513.51
2025-06-23,Sal 500g,Despensa,2,1951.13
2025-06-23,Yogurt Fresa 200ml,Lacteos,4,2702.34
2025-06-24,Agua 600ml,Bebidas,10,2041.49
2025-06-24,Arroz 1kg,Despensa,4,4699.54
2025-06-24,Azucar 1kg,Despensa,6,4736.41
2025-06-24,Cafe Molido 250g,Despensa,1,9147.51
2025-06-24,Cerveza Sixpack,Bebidas,3,14741.66
2025-06-24,Chitos 40g,Snacks,6,2596.13
2025-06-24,Chocolate 250g,Despensa,4,8749.45
2025-06-24,Frijol 500g,Granos,3,5217.31
2025-06-24,Galletas Chocolate,Snacks,6,3418.96
2025-06-24,Gaseosa Cola 400ml,Bebidas,12,2993.04
2025-06-24,Gaseosa Manzana 400ml,Bebidas,7,2893.27
2025-06-24,Harina Trigo 1kg,Despensa,2,4226.17
2025-06-24,Huevos x30,Despensa,3,16684.89
2025-06-24,Jabon Barra,Aseo,2,3170.78
2025-06-24,Jugo Mango 300ml,Bebidas,1,3151.51
2025-06-24,Leche Entera 900ml,Lacteos,6,4255.85
2025-06-24,Lenteja 500g,Granos,6,4746.68
2025-06-24,Mani 50g,Snacks,6,2937.8
2025-06-24,Pan Blandito x5,Panaderia,4,3167.93
2025-06-24,Papas 30g,Snacks,13,2741.17
2025-06-24,Papel Higienico x4,Aseo,2,9351.58
2025-06-24,Queso Campesino 250g,Lacteos,2,8080.39
2025-06-24,Sal 500g,Despensa,1,1891.67
2025-06-24,Yogurt Fresa 200ml,Lacteos,6,2675.57
2025-06-25,Aceite 1L,Despensa,3,15935.15
2025-06-25,Agua 600ml,Bebidas,10,2134.6
2025-06-25,Arroz 1kg,Despensa,3,4589.22
2025-06-25,Azucar 1kg,Despensa,2,4878.04
2025-06-25,Bebida Energetica 250ml,Bebidas,1,4898.25
2025-06-25,Cafe Molido 250g,Despensa,3,8755.8
2025-06-25,Cerveza Sixpack,Bebidas,4,14208.51
2025-06-25,Chitos 40g,Snacks,7,2819.34
2025-06-25,Chocolate 250g,Despensa,2,8616.38
2025-06-25,Detergente 500g,Aseo,2,6696.27
2025-06-25,Frijol 500g,Granos,2,5276.05
2025-06-25,Galletas Chocolate,Snacks,4,3464.25
2025-06-25,Gaseosa Cola 400ml,Bebidas,14,2971.6
2025-06-25,Gaseosa Manzana 400ml,Bebidas,6,2825.02
2025-06-25,Harina Trigo 1kg,Despensa,2,4351.27
2025-06-25,Huevos x30,Despensa,7,15898.48
2025-06-25,Jabon Barra,Aseo,3,2601.82
2025-06-25,Jugo Mango 300ml,Bebidas,9,3268.71
2025-06-25,Leche Entera 900ml,Lacteos,8,4141.76
2025-06-25,Mani 50g,Snacks,3,2700.04
2025-06-25,Pan Blandito x5,Panaderia,2,3177.19
2025-06-25,Pan Tajado 500g,Panaderia,3,5857.25
2025-06-25,Papas 30g,Snacks,11,2490.24
2025-06-25,Queso Campesino 250g,Lacteos,2,7531.31
2025-06-25,Sal 500g,Despensa,1,1800.33
2025-06-25,Yogurt Fresa 200ml,Lacteos,1,2730.84
2025-06-26,Aceite 1L,Despensa,3,15321.61
2025-06-26,Agua 600ml,Bebidas,6,1968.2
2025-06-26,Arroz 1kg,Despensa,5,4729.36
2025-06-26,Azucar 1kg,Despensa,2,4596.09
2025-06-26,Bebida Energetica 250ml,Bebidas,2,4510.35
2025-06-26,Cafe Molido 250g,Despensa,4,9194.94
2025-06-26,Cerveza Sixpack,Bebidas,2,15285.33
2025-06-26,Chitos 40g,Snacks,5,2610.1
2025-06-26,Chocolate 250g,Despensa,2,8138.94
2025-06-26,Frijol 500g,Granos,1,5417.93
2025-06-26,Galletas Chocolate,Snacks,8,3735.79
2025-06-26,Gaseosa Cola 400ml,Bebidas,7,2778.57
2025-06-26,Gaseosa Manzana 400ml,Bebidas,9,2858.2
2025-06-26,Harina Trigo 1kg,Despensa,1,4168.62
2025-06-26,Huevos x30,Despensa,5,15618.11
2025-06-26,Jabon Barra,Aseo,1,3220.33
2025-06-26,Jugo Mango 300ml,Bebidas,5,3272.63
2025-06-26,Leche Entera 900ml,Lacteos,9,4302.08
2025-06-26,Lenteja 500g,Granos,3,4708.49
2025-06-26,Mani 50g,Snacks,4,3124.82
2025-06-26,Pan Blandito x5,Panaderia,9,3081.73
2025-06-26,Pan Tajado 500g,Panaderia,3,5691.24
2025-06-26,Papas 30g,Snacks,10,2381.85
2025-06-26,Papel Higienico x4,Aseo,2,9090.55
2025-06-26,Queso Campesino 250g,Lacteos,6,7813.5
2025-06-26,Sal 500g,Despensa,3,1930.59
2025-06-26,Yogurt Fresa 200ml,Lacteos,3,2482.67
2025-06-27,Aceite 1L,Despensa,4,15425.74
2025-06-27,Agua 600ml,Bebidas,6,2176.76
2025-06-27,Arroz 1kg,Despensa,7,4838.19
2025-06-27,Azucar 1kg,Despensa,9,3786.4
2025-06-27,Bebida Energetica 250ml,Bebidas,3,4567.96
2025-06-27,Cafe Molido 250g,Despensa,1,8658.1
2025-06-27,Cerveza Sixpack,Bebidas,7,15004.52
2025-06-27,Chitos 40g,Snacks,7,2711.79
2025-06-27,Chocolate 250g,Despensa,1,8753.58
2025-06-27,Detergente 500g,Aseo,1,6646.17
2025-06-27,Frijol 500g,Granos,6,5020.92
2025-06-27,Galletas Chocolate,Snacks,3,3405.39
2025-06-27,Gaseosa Cola 400ml,Bebidas,8,2811.69
2025-06-27,Gaseosa Manzana 400ml,Bebidas,16,2269.21
2025-06-27,Harina Trigo 1kg,Despensa,4,4088.61
2025-06-27,Huevos x30,Despensa,6,15988.39
2025-06-27,Jabon Barra,Aseo,2,3015.01
2025-06-27,Jugo Mango 300ml,Bebidas,4,3344.8
2025-06-27,Leche Entera 900ml,Lacteos,15,3628.46
2025-06-27,Lenteja 500g,Granos,3,4153.89
2025-06-27,Mani 50g,Snacks,9,2796.0
2025-06-27,Pan Blandito x5,Panaderia,4,2635.9
2025-06-27,Pan Tajado 500g,Panaderia,6,6226.75
2025-06-27,Papas 30g,Snacks,17,2647.45
2025-06-27,Papel Higienico x4,Aseo,2,9396.18
2025-06-27,Queso Campesino 250g,Lacteos,2,8308.99
2025-06-27,Sal 500g,Despensa,1,1915.46
2025-06-27,Yogurt Fresa 200ml,Lacteos,9,2639.71
2025-06-28,Aceite 1L,Despensa,2,15349.08
2025-06-28,Agua 600ml,Bebidas,7,2155.09
2025-06-28,Arroz 1kg,Despensa,5,4638.98
2025-06-28,Azucar 1kg,Despensa,2,5132.89
2025-06-28,Bebida Energetica 250ml,Bebidas,7,4409.03
2025-06-28,Cafe Molido 250g,Despensa,1,8729.46
2025-06-28,Cerveza Sixpack,Bebidas,5,14841.09
2025-06-28,Chitos 40g,Snacks,13,2739.88
2025-06-28,Chocolate 250g,Despensa,2,8595.36
2025-06-28,Detergente 500g,Aseo,2,6058.28
2025-06-28,Frijol 500g,Granos,3,5190.21
2025-06-28,Galletas Chocolate,Snacks,9,3617.41
2025-06-28,Gaseosa Cola 400ml,Bebidas,14,2821.69
2025-06-28,Gaseosa Manzana 400ml,Bebidas,13,2924.51
2025-06-28,Harina Trigo 1kg,Despensa,2,4154.43
2025-06-28,Huevos x30,Despensa,4,17177.75
2025-06-28,Jugo Mango 300ml,Bebidas,11,3230.64
2025-06-28,Leche Entera 900ml,Lacteos,16,3458.35
2025-06-28,Mani 50g,Snacks,7,2838.0
2025-06-28,Pan Blandito x5,Panaderia,10,3107.4
2025-06-28,Pan Tajado 500g,Panaderia,5,5932.09
2025-06-28,Papas 30g,Snacks,9,2464.14
2025-06-28,Papel Higienico x4,Aseo,1,9324.85
2025-06-28,Queso Campesino 250g,Lacteos,2,7866.99
2025-06-28,Sal 500g,Despensa,2,1669.13
2025-06-28,Yogurt Fresa 200ml,Lacteos,4,2098.31
2025-06-29,Aceite 1L,Despensa,6,13801.62
2025-06-29,Agua 600ml,Bebidas,8,2012.42
2025-06-29,Arroz 1kg,Despensa,6,4548.39
2025-06-29,Azucar 1kg,Despensa,1,4916.05
2025-06-29,Bebida Energetica 250ml,Bebidas,5,4183.22
2025-06-29,Cafe Molido 250g,Despensa,1,7863.01
2025-06-29,Cerveza Sixpack,Bebidas,10,15707.89
2025-06-29,Chitos 40g,Snacks,8,2713.98
2025-06-29,Chocolate 250g,Despensa,1,8285.53
2025-06-29,Detergente 500g,Aseo,1,7156.32
2025-06-29,Frijol 500g,Granos,5,5132.47
2025-06-29,Galletas Chocolate,Snacks,10,3465.62
2025-06-29,Gaseosa Cola 400ml,Bebidas,18,2665.84
2025-06-29,Gaseosa Manzana 400ml,Bebidas,7,2531.81
2025-06-29,Harina Trigo 1kg,Despensa,3,4024.13
2025-06-29,Huevos x30,Despensa,10,17247.58
2025-06-29,Jabon Barra,Aseo,5,3304.27
2025-06-29,Jugo Mango 300ml,Bebidas,4,3129.94
2025-06-29,Leche Entera 900ml,Lacteos,7,3751.15
2025-06-29,Lenteja 500g,Granos,3,4642.64
2025-06-29,Mani 50g,Snacks,11,2406.81
2025-06-29,Pan Blandito x5,Panaderia,10,3212.49
2025-06-29,Pan Tajado 500g,Panaderia,5,5628.69
2025-06-29,Papas 30g,Snacks,5,2496.24
2025-06-29,Papel Higienico x4,Aseo,1,9326.37
2025-06-29,Queso Campesino 250g,Lacteos,4,7981.14
2025-06-29,Sal 500g,Despensa,2,1887.56
2025-06-29,Yogurt Fresa 200ml,Lacteos,4,2719.02
2025-06-30,Aceite 1L,Despensa,1,15865.46
2025-06-30,Agua 600ml,Bebidas,9,2153.48
2025-06-30,Arroz 1kg,Despensa,8,4468.69
2025-06-30,Azucar 1kg,Despensa,5,4748.86
2025-06-30,Bebida Energetica 250ml,Bebidas,5,3718.83
2025-06-30,Cafe Molido 250g,Despensa,1,9296.87
2025-06-30,Cerveza Sixpack,Bebidas,2,14990.19
2025-06-30,Chitos 40g,Snacks,6,2625.93
2025-06-30,Chocolate 250g,Despensa,2,8833.12
2025-06-30,Detergente 500g,Aseo,2,6591.86
2025-06-30,Frijol 500g,Granos,3,5265.28
2025-06-30,Galletas Chocolate,Snacks,6,3668.0
2025-06-30,Gaseosa Cola 400ml,Bebidas,14,2971.82
2025-06-30,Gaseosa Manzana 400ml,Bebidas,16,2740.75
2025-06-30,Harina Trigo 1kg,Despensa,2,4002.56
2025-06-30,Huevos x30,Despensa,2,16026.88
2025-06-30,Jabon Barra,Aseo,3,2986.83
2025-06-30,Jugo Mango 300ml,Bebidas,5,3334.98
2025-06-30,Leche Entera 900ml,Lacteos,10,4192.63
2025-06-30,Lenteja 500g,Granos,2,4782.78
2025-06-30,Mani 50g,Snacks,6,3150.97
2025-06-30,Pan Blandito x5,Panaderia,3,3211.98
2025-06-30,Pan Tajado 500g,Panaderia,9,6013.71
2025-06-30,Papas 30g,Snacks,10,2409.12
2025-06-30,Papel Higienico x4,Aseo,1,8712.42
2025-06-30,Queso Campesino 250g,Lacteos,3,7720.76
2025-06-30,Sal 500g,Despensa,3,1789.28
2025-06-30,Yogurt Fresa 200ml,Lacteos,7,2522.69
2025-07-01,Agua 600ml,Bebidas,7,2021.17
2025-07-01,Arroz 1kg,Despensa,8,4252.44
2025-07-01,Azucar 1kg,Despensa,2,4581.81
2025-07-01,Bebida Energetica 250ml,Bebidas,6,4277.81
2025-07-01,Cafe Molido 250g,Despensa,3,9268.37
2025-07-01,Cerveza Sixpack,Bebidas,3,15471.66
2025-07-01,Chitos 40g,Snacks,3,2831.44
2025-07-01,Chocolate 250g,Despensa,3,8806.63
2025-07-01,Detergente 500g,Aseo,1,6970.31
2025-07-01,Frijol 500g,Granos,1,5417.15
2025-07-01,Galletas Chocolate,Snacks,9,3541.03
2025-07-01,Gaseosa Cola 400ml,Bebidas,9,2894.76
2025-07-01,Gaseosa Manzana 400ml,Bebidas,12,2877.17
2025-07-01,Harina Trigo 1kg,Despensa,5,4239.58
2025-07-01,Huevos x30,Despensa,4,16002.08
2025-07-01,Jabon Barra,Aseo,4,3294.96
2025-07-01,Jugo Mango 300ml,Bebidas,10,3339.58
2025-07-01,Leche Entera 900ml,Lacteos,10,4169.48
2025-07-01,Lenteja 500g,Granos,3,4814.97
2025-07-01,Mani 50g,Snacks,8,2978.33
2025-07-01,Pan Blandito x5,Panaderia,4,3166.94
2025-07-01,Pan Tajado 500g,Panaderia,6,5656.91
2025-07-01,Papas 30g,Snacks,11,2592.55
2025-07-01,Papel Higienico x4,Aseo,1,9115.69
2025-07-01,Queso Campesino 250g,Lacteos,3,7533.0
2025-07-01,Sal 500g,Despensa,2,2011.93
2025-07-01,Yogurt Fresa 200ml,Lacteos,7,2753.39
2025-07-02,Aceite 1L,Despensa,2,16154.11
2025-07-02,Agua 600ml,Bebidas,5,2082.36
2025-07-02,Arroz 1kg,Despensa,5,4561.52
2025-07-02,Azucar 1kg,Despensa,4,4912.05
2025-07-02,Bebida Energetica 250ml,Bebidas,2,4562.54
2025-07-02,Cafe Molido 250g,Despensa,2,9110.54
2025-07-02,Cerveza Sixpack,Bebidas,2,15303.85
2025-07-02,Chitos 40g,Snacks,8,2674.3
2025-07-02,Chocolate 250g,Despensa,3,8405.26
2025-07-02,Detergente 500g,Aseo,2,5541.64
2025-07-02,Frijol 500g,Granos,2,5189.65
2025-07-02,Galletas Chocolate,Snacks,7,3753.18
2025-07-02,Gaseosa Cola 400ml,Bebidas,18,2904.29
2025-07-02,Gaseosa Manzana 400ml,Bebidas,10,2611.93
2025-07-02,Harina Trigo 1kg,Despensa,1,3934.83
2025-07-02,Huevos x30,Despensa,2,17299.55
2025-07-02,Jabon Barra,Aseo,5,3255.25
2025-07-02,Jugo Mango 300ml,Bebidas,9,3162.01
2025-07-02,Leche Entera 900ml,Lacteos,8,4109.12
2025-07-02,Mani 50g,Snacks,5,2999.5
2025-07-02,Pan Tajado 500g,Panaderia,6,6125.57
2025-07-02,Papas 30g,Snacks,6,2611.59
2025-07-02,Papel Higienico x4,Aseo,1,9945.84
2025-07-02,Queso Campesino 250g,Lacteos,2,7884.95
2025-07-02,Sal 500g,Despensa,2,1807.28
2025-07-02,Yogurt Fresa 200ml,Lacteos,9,2764.66
2025-07-03,Aceite 1L,Despensa,4,15658.6
2025-07-03,Agua 600ml,Bebidas,3,2115.74
2025-07-03,Arroz 1kg,Despensa,10,4892.23
2025-07-03,Azucar 1kg,Despensa,1,4888.64
2025-07-03,Bebida Energetica 250ml,Bebidas,4,4807.72
2025-07-03,Cafe Molido 250g,Despensa,1,9292.93
2025-07-03,Cerveza Sixpack,Bebidas,3,15010.14
2025-07-03,Chitos 40g,Snacks,5,2824.13
2025-07-03,Chocolate 250g,Despensa,2,8594.71
2025-07-03,Detergente 500g,Aseo,2,6508.63
2025-07-03,Frijol 500g,Granos,2,5044.94
2025-07-03,Galletas Chocolate,Snacks,10,2936.09
2025-07-03,Gaseosa Cola 400ml,Bebidas,13,2882.74
2025-07-03,Gaseosa Manzana 400ml,Bebidas,11,2838.74
2025-07-03,Harina Trigo 1kg,Despensa,2,4033.62
2025-07-03,Huevos x30,Despensa,2,16189.45
2025-07-03,Jabon Barra,Aseo,3,3075.84
2025-07-03,Jugo Mango 300ml,Bebidas,6,3400.36
2025-07-03,Leche Entera 900ml,Lacteos,8,4256.09
2025-07-03,Mani 50g,Snacks,1,3073.01
2025-07-03,Pan Blandito x5,Panaderia,4,3100.12
2025-07-03,Pan Tajado 500g,Panaderia,4,6281.99
2025-07-03,Papas 30g,Snacks,9,2496.74
2025-07-03,Papel Higienico x4,Aseo,3,8579.29
2025-07-03,Queso Campesino 250g,Lacteos,4,8211.92
2025-07-03,Sal 500g,Despensa,1,1863.36
2025-07-03,Yogurt Fresa 200ml,Lacteos,5,2690.74
2025-07-04,Aceite 1L,Despensa,2,16609.96
2025-07-04,Agua 600ml,Bebidas,10,2155.72
2025-07-04,Arroz 1kg,Despensa,4,4382.17
2025-07-04,Azucar 1kg,Despensa,6,4702.64
2025-07-04,Bebida Energetica 250ml,Bebidas,7,4594.15
2025-07-04,Cafe Molido 250g,Despensa,4,8766.34
2025-07-04,Cerveza Sixpack,Bebidas,5,14924.7
2025-07-04,Chitos 40g,Snacks,5,2603.06
2025-07-04,Chocolate 250g,Despensa,1,8460.22
2025-07-04,Detergente 500g,Aseo,1,6666.56
2025-07-04,Frijol 500g,Granos,1,5420.21
2025-07-04,Galletas Chocolate,Snacks,11,3703.02
2025-07-04,Gaseosa Cola 400ml,Bebidas,11,2729.25
2025-07-04,Gaseosa Manzana 400ml,Bebidas,16,2738.37
2025-07-04,Harina Trigo 1kg,Despensa,1,4442.38
2025-07-04,Huevos x30,Despensa,2,16190.0
2025-07-04,Jabon Barra,Aseo,2,3306.5
2025-07-04,Jugo Mango 300ml,Bebidas,12,3073.1
2025-07-04,Leche Entera 900ml,Lacteos,7,4053.94
2025-07-04,Mani 50g,Snacks,7,2983.3
2025-07-04,Pan Blandito x5,Panaderia,7,3005.96
2025-07-04,Pan Tajado 500g,Panaderia,5,6118.62
2025-07-04,Papas 30g,Snacks,15,2622.31
2025-07-04,Papel Higienico x4,Aseo,1,9385.06
2025-07-04,Queso Campesino 250g,Lacteos,7,7461.46
2025-07-04,Sal 500g,Despensa,2,2056.47
2025-07-04,Yogurt Fresa 200ml,Lacteos,6,2633.88
2025-07-05,Aceite 1L,Despensa,4,14774.09
2025-07-05,Agua 600ml,Bebidas,4,2033.5
2025-07-05,Arroz 1kg,Despensa,3,4439.87
2025-07-05,Azucar 1kg,Despensa,6,4747.03
2025-07-05,Bebida Energetica 250ml,Bebidas,3,4437.39
2025-07-05,Cafe Molido 250g,Despensa,5,9095.46
2025-07-05,Cerveza Sixpack,Bebidas,7,14650.07
2025-07-05,Chitos 40g,Snacks,4,2590.01
2025-07-05,Chocolate 250g,Despensa,1,8506.99
2025-07-05,Frijol 500g,Granos,2,4842.86
2025-07-05,Galletas Chocolate,Snacks,7,3518.37
2025-07-05,Gaseosa Cola 400ml,Bebidas,15,2987.54
2025-07-05,Gaseosa Manzana 400ml,Bebidas,15,2734.83
2025-07-05,Harina Trigo 1kg,Despensa,3,4098.25
2025-07-05,Huevos x30,Despensa,3,16880.97
2025-07-05,Jabon Barra,Aseo,4,3127.36
2025-07-05,Jugo Mango 300ml,Bebidas,6,3420.88
2025-07-05,Leche Entera 900ml,Lacteos,4,4233.57
2025-07-05,Lenteja 500g,Granos,2,4625.41
2025-07-05,Mani 50g,Snacks,6,3160.14
2025-07-05,Pan Blandito x5,Panaderia,3,3454.63
2025-07-05,Pan Tajado 500g,Panaderia,3,6266.21
2025-07-05,Papas 30g,Snacks,20,2404.23
2025-07-05,Papel Higienico x4,Aseo,2,9824.32
2025-07-05,Queso Campesino 250g,Lacteos,4,5883.64
2025-07-05,Sal 500g,Despensa,2,1973.47
2025-07-05,Yogurt Fresa 200ml,Lacteos,8,2710.1
2025-07-06,Aceite 1L,Despensa,3,16212.21
2025-07-06,Agua 600ml,Bebidas,6,2142.69
2025-07-06,Arroz 1kg,Despensa,4,4667.04
2025-07-06,Bebida Energetica 250ml,Bebidas,7,4503.95
2025-07-06,Cafe Molido 250g,Despensa,4,9164.67
2025-07-06,Cerveza Sixpack,Bebidas,7,14966.83
2025-07-06,Chitos 40g,Snacks,5,2703.13
2025-07-06,Chocolate 250g,Despensa,3,7916.88
2025-07-06,Detergente 500g,Aseo,1,6243.22
2025-07-06,Frijol 500g,Granos,1,5033.4
2025-07-06,Galletas Chocolate,Snacks,7,3428.45
2025-07-06,Gaseosa Cola 400ml,Bebidas,13,2774.32
2025-07-06,Gaseosa Manzana 400ml,Bebidas,30,2329.01
2025-07-06,Harina Trigo 1kg,Despensa,1,4103.54
2025-07-06,Huevos x30,Despensa,4,15616.62
2025-07-06,Jabon Barra,Aseo,6,3162.68
2025-07-06,Jugo Mango 300ml,Bebidas,5,3287.35
2025-07-06,Leche Entera 900ml,Lacteos,7,4147.18
2025-07-06,Mani 50g,Snacks,8,3117.48
2025-07-06,Pan Blandito x5,Panaderia,4,3283.57
2025-07-06,Pan Tajado 500g,Panaderia,3,5375.13
2025-07-06,Papas 30g,Snacks,15,2394.48
2025-07-06,Papel Higienico x4,Aseo,3,9251.94
2025-07-06,Queso Campesino 250g,Lacteos,5,7440.09
2025-07-06,Yogurt Fresa 200ml,Lacteos,8,2646.18
2025-07-07,Aceite 1L,Despensa,1,16427.69
2025-07-07,Agua 600ml,Bebidas,6,2207.85
2025-07-07,Arroz 1kg,Despensa,5,4798.23
2025-07-07,Azucar 1kg,Despensa,2,4918.89
2025-07-07,Bebida Energetica 250ml,Bebidas,3,4446.87
2025-07-07,Cafe Molido 250g,Despensa,2,9057.01
2025-07-07,Cerveza Sixpack,Bebidas,3,14206.36
2025-07-07,Chitos 40g,Snacks,8,2231.16
2025-07-07,Chocolate 250g,Despensa,1,8348.34
2025-07-07,Frijol 500g,Granos,3,5346.21
2025-07-07,Galletas Chocolate,Snacks,10,3760.69
2025-07-07,Gaseosa Cola 400ml,Bebidas,8,2970.33
2025-07-07,Gaseosa Manzana 400ml,Bebidas,8,2953.3
2025-07-07,Harina Trigo 1kg,Despensa,1,4194.03
2025-07-07,Huevos x30,Despensa,3,16301.07
2025-07-07,Jabon Barra,Aseo,5,3278.08
2025-07-07,Jugo Mango 300ml,Bebidas,7,3408.57
2025-07-07,Leche Entera 900ml,Lacteos,8,4190.13
2025-07-07,Lenteja 500g,Granos,4,4989.93
2025-07-07,Mani 50g,Snacks,5,2469.25
2025-07-07,Pan Blandito x5,Panaderia,3,3251.98
2025-07-07,Pan Tajado 500g,Panaderia,3,5784.77
2025-07-07,Papas 30g,Snacks,10,2604.21
2025-07-07,Papel Higienico x4,Aseo,3,9128.19
2025-07-07,Queso Campesino 250g,Lacteos,6,7340.85
2025-07-07,Sal 500g,Despensa,2,1938.56
2025-07-07,Yogurt Fresa 200ml,Lacteos,5,2555.49
2025-07-08,Aceite 1L,Despensa,1,15569.9
2025-07-08,Agua 600ml,Bebidas,13,1890.71
2025-07-08,Arroz 1kg,Despensa,7,4890.97
2025-07-08,Azucar 1kg,Despensa,4,4720.09
2025-07-08,Bebida Energetica 250ml,Bebidas,3,4223.13
2025-07-08,Cafe Molido 250g,Despensa,4,9271.6
2025-07-08,Cerveza Sixpack,Bebidas,4,15334.13
2025-07-08,Chitos 40g,Snacks,6,2737.56
2025-07-08,Chocolate 250g,Despensa,2,8011.0
2025-07-08,Frijol 500g,Granos,1,5125.22
2025-07-08,Galletas Chocolate,Snacks,9,3560.56
2025-07-08,Gaseosa Cola 400ml,Bebidas,17,3064.36
2025-07-08,Gaseosa Manzana 400ml,Bebidas,9,2782.08
2025-07-08,Harina Trigo 1kg,Despensa,6,3681.97
2025-07-08,Huevos x30,Despensa,5,16775.22
2025-07-08,Jabon Barra,Aseo,3,3171.66
2025-07-08,Jugo Mango 300ml,Bebidas,4,3414.97
2025-07-08,Leche Entera 900ml,Lacteos,14,3829.49
2025-07-08,Lenteja 500g,Granos,2,5124.9
2025-07-08,Mani 50g,Snacks,4,2918.63
2025-07-08,Pan Blandito x5,Panaderia,6,3146.73
2025-07-08,Pan Tajado 500g,Panaderia,1,5569.9
2025-07-08,Papas 30g,Snacks,18,2169.59
2025-07-08,Papel Higienico x4,Aseo,2,9701.56
2025-07-08,Queso Campesino 250g,Lacteos,6,7880.99
2025-07-08,Sal 500g,Despensa,2,1966.3
2025-07-08,Yogurt Fresa 200ml,Lacteos,5,2706.68
2025-07-09,Aceite 1L,Despensa,3,16318.79
2025-07-09,Agua 600ml,Bebidas,6,2125.46
2025-07-09,Arroz 1kg,Despensa,4,4737.27
2025-07-09,Azucar 1kg,Despensa,2,4670.23
2025-07-09,Bebida Energetica 250ml,Bebidas,5,4635.71
2025-07-09,Cafe Molido 250g,Despensa,5,8705.97
2025-07-09,Cerveza Sixpack,Bebidas,3,15611.28
2025-07-09,Chitos 40g,Snacks,1,2657.74
2025-07-09,Detergente 500g,Aseo,1,7218.94
2025-07-09,Frijol 500g,Granos,4,4887.59
2025-07-09,Galletas Chocolate,Snacks,6,3549.45
2025-07-09,Gaseosa Cola 400ml,Bebidas,8,2874.84
2025-07-09,Gaseosa Manzana 400ml,Bebidas,15,2601.56
2025-07-09,Harina Trigo 1kg,Despensa,2,4304.68
2025-07-09,Huevos x30,Despensa,4,16447.81
2025-07-09,Jabon Barra,Aseo,3,3168.79
2025-07-09,Jugo Mango 300ml,Bebidas,7,3177.35
2025-07-09,Leche Entera 900ml,Lacteos,7,4256.29
2025-07-09,Lenteja 500g,Granos,3,5343.54
2025-07-09,Mani 50g,Snacks,6,2851.51
2025-07-09,Pan Blandito x5,Panaderia,6,3328.67
2025-07-09,Pan Tajado 500g,Panaderia,10,5721.59
2025-07-09,Papas 30g,Snacks,12,2437.73
2025-07-09,Queso Campesino 250g,Lacteos,7,7932.9
2025-07-09,Sal 500g,Despensa,1,1844.95
2025-07-09,Yogurt Fresa 200ml,Lacteos,10,2628.58
2025-07-10,Aceite 1L,Despensa,3,12134.51
2025-07-10,Agua 600ml,Bebidas,7,2133.04
2025-07-10,Arroz 1kg,Despensa,5,4611.37
2025-07-10,Bebida Energetica 250ml,Bebidas,4,4707.37
2025-07-10,Cafe Molido 250g,Despensa,2,8944.22
2025-07-10,Cerveza Sixpack,Bebidas,5,16223.24
2025-07-10,Chitos 40g,Snacks,18,2468.64
2025-07-10,Chocolate 250g,Despensa,1,8442.78
2025-07-10,Detergente 500g,Aseo,2,6802.33
2025-07-10,Frijol 500g,Granos,2,5199.9
2025-07-10,Galletas Chocolate,Snacks,5,3037.44
2025-07-10,Gaseosa Cola 400ml,Bebidas,13,2938.22
2025-07-10,Gaseosa Manzana 400ml,Bebidas,15,2560.78
2025-07-10,Harina Trigo 1kg,Despensa,4,4423.76
2025-07-10,Huevos x30,Despensa,2,16299.15
2025-07-10,Jugo Mango 300ml,Bebidas,4,3315.91
2025-07-10,Leche Entera 900ml,Lacteos,6,3951.7
2025-07-10,Lenteja 500g,Granos,2,4923.92
2025-07-10,Mani 50g,Snacks,3,2964.06
2025-07-10,Pan Blandito x5,Panaderia,1,3105.2
2025-07-10,Pan Tajado 500g,Panaderia,6,6005.33
2025-07-10,Papas 30g,Snacks,10,2618.41
2025-07-10,Queso Campesino 250g,Lacteos,8,7785.47
2025-07-10,Yogurt Fresa 200ml,Lacteos,9,2345.9
2025-07-11,Aceite 1L,Despensa,5,14610.47
2025-07-11,Agua 600ml,Bebidas,14,2018.36
2025-07-11,Arroz 1kg,Despensa,5,4460.63
2025-07-11,Azucar 1kg,Despensa,1,5066.06
2025-07-11,Bebida Energetica 250ml,Bebidas,2,4046.69
2025-07-11,Cafe Molido 250g,Despensa,3,7509.69
2025-07-11,Cerveza Sixpack,Bebidas,4,15115.41
2025-07-11,Chitos 40g,Snacks,6,2695.09
2025-07-11,Chocolate 250g,Despensa,1,8459.52
2025-07-11,Detergente 500g,Aseo,2,6684.31
2025-07-11,Frijol 500g,Granos,2,5076.91
2025-07-11,Galletas Chocolate,Snacks,14,3737.5
2025-07-11,Gaseosa Cola 400ml,Bebidas,10,2871.53
2025-07-11,Gaseosa Manzana 400ml,Bebidas,6,2897.11
2025-07-11,Harina Trigo 1kg,Despensa,1,4388.86
2025-07-11,Huevos x30,Despensa,1,16259.24
2025-07-11,Jabon Barra,Aseo,4,3284.37
2025-07-11,Jugo Mango 300ml,Bebidas,12,3163.34
2025-07-11,Leche Entera 900ml,Lacteos,8,4064.47
2025-07-11,Lenteja 500g,Granos,2,4758.87
2025-07-11,Mani 50g,Snacks,4,3168.02
2025-07-11,Pan Blandito x5,Panaderia,7,3237.89
2025-07-11,Pan Tajado 500g,Panaderia,6,5814.71
2025-07-11,Papas 30g,Snacks,13,2646.52
2025-07-11,Papel Higienico x4,Aseo,1,9701.3
2025-07-11,Queso Campesino 250g,Lacteos,5,7301.5
2025-07-11,Sal 500g,Despensa,1,1927.31
2025-07-11,Yogurt Fresa 200ml,Lacteos,3,2577.41
2025-07-12,Agua 600ml,Bebidas,8,2183.25
2025-07-12,Arroz 1kg,Despensa,11,4239.6
2025-07-12,Azucar 1kg,Despensa,4,4944.28
2025-07-12,Bebida Energetica 250ml,Bebidas,4,4552.27
2025-07-12,Cerveza Sixpack,Bebidas,6,14248.1
2025-07-12,Chitos 40g,Snacks,7,2651.23
2025-07-12,Chocolate 250g,Despensa,3,7936.02
2025-07-12,Frijol 500g,Granos,1,5218.86
2025-07-12,Galletas Chocolate,Snacks,5,3664.04
2025-07-12,Gaseosa Cola 400ml,Bebidas,9,2885.44
2025-07-12,Gaseosa Manzana 400ml,Bebidas,11,2934.26
2025-07-12,Harina Trigo 1kg,Despensa,4,4134.91
2025-07-12,Huevos x30,Despensa,4,17290.12
2025-07-12,Jabon Barra,Aseo,1,3157.12
2025-07-12,Jugo Mango 300ml,Bebidas,6,3101.53
2025-07-12,Leche Entera 900ml,Lacteos,7,4310.16
2025-07-12,Lenteja 500g,Granos,1,4949.68
2025-07-12,Mani 50g,Snacks,6,3126.1
2025-07-12,Pan Blandito x5,Panaderia,5,3115.12
2025-07-12,Pan Tajado 500g,Panaderia,5,5792.23
2025-07-12,Papas 30g,Snacks,15,2156.0
2025-07-12,Queso Campesino 250g,Lacteos,3,7695.41
2025-07-12,Sal 500g,Despensa,1,1908.45
2025-07-12,Yogurt Fresa 200ml,Lacteos,4,2521.13
2025-07-13,Aceite 1L,Despensa,3,16583.42
2025-07-13,Agua 600ml,Bebidas,5,1996.05
2025-07-13,Arroz 1kg,Despensa,5,5014.78
2025-07-13,Azucar 1kg,Despensa,4,4910.79
2025-07-13,Bebida Energetica 250ml,Bebidas,6,4545.04
2025-07-13,Cafe Molido 250g,Despensa,2,9690.96
2025-07-13,Cerveza Sixpack,Bebidas,5,15129.42
2025-07-13,Chitos 40g,Snacks,9,2724.47
2025-07-13,Chocolate 250g,Despensa,3,7148.19
2025-07-13,Detergente 500g,Aseo,2,6869.5
2025-07-13,Frijol 500g,Granos,4,5226.93
2025-07-13,Galletas Chocolate,Snacks,4,3929.47
2025-07-13,Gaseosa Cola 400ml,Bebidas,8,2961.22
2025-07-13,Gaseosa Manzana 400ml,Bebidas,6,2555.19
2025-07-13,Harina Trigo 1kg,Despensa,3,4183.48
2025-07-13,Huevos x30,Despensa,3,16969.49
2025-07-13,Jugo Mango 300ml,Bebidas,5,3324.58
2025-07-13,Leche Entera 900ml,Lacteos,12,4160.91
2025-07-13,Lenteja 500g,Granos,3,4753.83
2025-07-13,Mani 50g,Snacks,4,2990.31
2025-07-13,Pan Tajado 500g,Panaderia,6,5964.48
2025-07-13,Papas 30g,Snacks,10,2547.06
2025-07-13,Papel Higienico x4,Aseo,1,9378.91
2025-07-13,Queso Campesino 250g,Lacteos,5,8072.2
2025-07-13,Sal 500g,Despensa,1,1953.47
2025-07-13,Yogurt Fresa 200ml,Lacteos,5,2624.68
2025-07-14,Aceite 1L,Despensa,6,16374.29
2025-07-14,Agua 600ml,Bebidas,8,2019.54
2025-07-14,Arroz 1kg,Despensa,6,4691.65
2025-07-14,Azucar 1kg,Despensa,4,4352.57
2025-07-14,Bebida Energetica 250ml,Bebidas,8,4594.17
2025-07-14,Cafe Molido 250g,Despensa,2,9001.83
2025-07-14,Cerveza Sixpack,Bebidas,3,15696.29
2025-07-14,Chitos 40g,Snacks,9,2756.97
2025-07-14,Chocolate 250g,Despensa,1,8270.99
2025-07-14,Detergente 500g,Aseo,2,6759.85
2025-07-14,Frijol 500g,Granos,3,5189.63
2025-07-14,Galletas Chocolate,Snacks,7,3587.22
2025-07-14,Gaseosa Cola 400ml,Bebidas,13,2758.19
2025-07-14,Gaseosa Manzana 400ml,Bebidas,14,2773.58
2025-07-14,Huevos x30,Despensa,3,15923.67
2025-07-14,Jabon Barra,Aseo,2,3255.2
2025-07-14,Jugo Mango 300ml,Bebidas,13,3394.74
2025-07-14,Leche Entera 900ml,Lacteos,13,4105.61
2025-07-14,Lenteja 500g,Granos,3,4489.79
2025-07-14,Mani 50g,Snacks,4,3063.33
2025-07-14,Pan Blandito x5,Panaderia,6,3208.13
2025-07-14,Pan Tajado 500g,Panaderia,6,5661.88
2025-07-14,Papas 30g,Snacks,16,2415.13
2025-07-14,Papel Higienico x4,Aseo,6,8103.71
2025-07-14,Queso Campesino 250g,Lacteos,2,7960.4
2025-07-14,Sal 500g,Despensa,1,1943.67
2025-07-14,Yogurt Fresa 200ml,Lacteos,7,2520.99
2025-07-15,Aceite 1L,Despensa,3,15808.77
2025-07-15,Agua 600ml,Bebidas,7,2196.02
2025-07-15,Arroz 1kg,Despensa,13,4883.93
2025-07-15,Azucar 1kg,Despensa,1,4938.15
2025-07-15,Bebida Energetica 250ml,Bebidas,5,4566.88
2025-07-15,Cafe Molido 250g,Despensa,3,8775.34
2025-07-15,Cerveza Sixpack,Bebidas,3,14877.73
2025-07-15,Chitos 40g,Snacks,4,2758.66
2025-07-15,Chocolate 250g,Despensa,1,8424.94
2025-07-15,Detergente 500g,Aseo,1,6712.69
2025-07-15,Frijol 500g,Granos,1,5167.39
2025-07-15,Galletas Chocolate,Snacks,3,3712.63
2025-07-15,Gaseosa Cola 400ml,Bebidas,14,2894.58
2025-07-15,Gaseosa Manzana 400ml,Bebidas,6,2910.51
2025-07-15,Huevos x30,Despensa,4,15744.25
2025-07-15,Jugo Mango 300ml,Bebidas,5,3350.99
2025-07-15,Leche Entera 900ml,Lacteos,6,3913.29
2025-07-15,Lenteja 500g,Granos,3,4757.78
2025-07-15,Mani 50g,Snacks,6,3040.35
2025-07-15,Pan Blandito x5,Panaderia,4,3206.3
2025-07-15,Pan Tajado 500g,Panaderia,6,5932.21
2025-07-15,Papas 30g,Snacks,5,2837.92
2025-07-15,Papel Higienico x4,Aseo,4,9753.54
2025-07-15,Queso Campesino 250g,Lacteos,7,8114.39
2025-07-15,Sal 500g,Despensa,2,1958.45
2025-07-15,Yogurt Fresa 200ml,Lacteos,8,2593.24
2025-07-16,Aceite 1L,Despensa,7,15292.15
2025-07-16,Agua 600ml,Bebidas,12,2118.27
2025-07-16,Arroz 1kg,Despensa,5,4694.76
2025-07-16,Azucar 1kg,Despensa,3,4930.67
2025-07-16,Bebida Energetica 250ml,Bebidas,7,4426.1
2025-07-16,Cafe Molido 250g,Despensa,4,9376.54
2025-07-16,Cerveza Sixpack,Bebidas,5,14742.03
2025-07-16,Chitos 40g,Snacks,4,2739.12
2025-07-16,Detergente 500g,Aseo,4,6658.52
2025-07-16,Frijol 500g,Granos,1,5214.86
2025-07-16,Galletas Chocolate,Snacks,4,3540.49
2025-07-16,Gaseosa Cola 400ml,Bebidas,16,2743.33
2025-07-16,Gaseosa Manzana 400ml,Bebidas,6,2963.45
2025-07-16,Harina Trigo 1kg,Despensa,1,4226.23
2025-07-16,Huevos x30,Despensa,2,17312.13
2025-07-16,Jabon Barra,Aseo,2,3339.04
2025-07-16,Jugo Mango 300ml,Bebidas,10,2963.96
2025-07-16,Leche Entera 900ml,Lacteos,9,4042.01
2025-07-16,Lenteja 500g,Granos,1,4371.43
2025-07-16,Mani 50g,Snacks,9,2696.25
2025-07-16,Pan Blandito x5,Panaderia,8,3254.73
2025-07-16,Pan Tajado 500g,Panaderia,4,5695.41
2025-07-16,Papas 30g,Snacks,9,2608.52
2025-07-16,Papel Higienico x4,Aseo,2,9458.38
2025-07-16,Queso Campesino 250g,Lacteos,2,8133.9
2025-07-16,Sal 500g,Despensa,1,1856.18
2025-07-16,Yogurt Fresa 200ml,Lacteos,6,2606.34
2025-07-17,Aceite 1L,Despensa,3,15743.38
2025-07-17,Agua 600ml,Bebidas,8,2085.65
2025-07-17,Arroz 1kg,Despensa,9,4824.6
2025-07-17,Azucar 1kg,Despensa,3,4557.78
2025-07-17,Bebida Energetica 250ml,Bebidas,1,4406.79
2025-07-17,Cafe Molido 250g,Despensa,2,9138.07
2025-07-17,Chitos 40g,Snacks,6,2595.04
2025-07-17,Frijol 500g,Granos,1,5129.78
2025-07-17,Galletas Chocolate,Snacks,8,3784.29
2025-07-17,Gaseosa Cola 400ml,Bebidas,13,2943.65
2025-07-17,Gaseosa Manzana 400ml,Bebidas,9,2760.86
2025-07-17,Harina Trigo 1kg,Despensa,4,4294.47
2025-07-17,Huevos x30,Despensa,2,16284.12
2025-07-17,Jabon Barra,Aseo,6,3162.84
2025-07-17,Jugo Mango 300ml,Bebidas,3,3295.77
2025-07-17,Leche Entera 900ml,Lacteos,5,4321.87
2025-07-17,Lenteja 500g,Granos,1,5151.59
2025-07-17,Mani 50g,Snacks,6,3002.77
2025-07-17,Pan Blandito x5,Panaderia,4,3132.11
2025-07-17,Pan Tajado 500g,Panaderia,1,5940.61
2025-07-17,Papas 30g,Snacks,11,2574.99
2025-07-17,Papel Higienico x4,Aseo,3,9413.16
2025-07-17,Queso Campesino 250g,Lacteos,3,7696.43
2025-07-17,Sal 500g,Despensa,3,1851.95
2025-07-17,Yogurt Fresa 200ml,Lacteos,5,2643.19
2025-07-18,Aceite 1L,Despensa,4,15746.21
2025-07-18,Agua 600ml,Bebidas,9,2037.94
2025-07-18,Arroz 1kg,Despensa,9,4710.65
2025-07-18,Azucar 1kg,Despensa,4,5046.71
2025-07-18,Bebida Energetica 250ml,Bebidas,2,4502.7
2025-07-18,Cafe Molido 250g,Despensa,2,9721.93
2025-07-18,Cerveza Sixpack,Bebidas,7,15534.18
2025-07-18,Chitos 40g,Snacks,4,2689.47
2025-07-18,Chocolate 250g,Despensa,2,8966.05
2025-07-18,Galletas Chocolate,Snacks,3,3517.74
2025-07-18,Gaseosa Cola 400ml,Bebidas,20,2512.3
2025-07-18,Gaseosa Manzana 400ml,Bebidas,12,2900.82
2025-07-18,Harina Trigo 1kg,Despensa,3,4016.46
2025-07-18,Huevos x30,Despensa,5,17004.79
2025-07-18,Jabon Barra,Aseo,3,3202.7
2025-07-18,Jugo Mango 300ml,Bebidas,6,3252.92
2025-07-18,Leche Entera 900ml,Lacteos,4,3899.91
2025-07-18,Mani 50g,Snacks,8,2983.26
2025-07-18,Pan Blandito x5,Panaderia,3,3263.9
2025-07-18,Pan Tajado 500g,Panaderia,5,6053.47
2025-07-18,Papas 30g,Snacks,10,2618.29
2025-07-18,Papel Higienico x4,Aseo,3,8065.44
2025-07-18,Queso Campesino 250g,Lacteos,3,8111.72
2025-07-18,Yogurt Fresa 200ml,Lacteos,9,2711.92
2025-07-19,Aceite 1L,Despensa,4,16656.43
2025-07-19,Agua 600ml,Bebidas,5,2105.13
2025-07-19,Arroz 1kg,Despensa,4,4369.49
2025-07-19,Azucar 1kg,Despensa,1,4719.56
2025-07-19,Bebida Energetica 250ml,Bebidas,7,4223.26
2025-07-19,Cafe Molido 250g,Despensa,2,9281.91
2025-07-19,Cerveza Sixpack,Bebidas,6,14073.32
2025-07-19,Chitos 40g,Snacks,10,2715.25
2025-07-19,Chocolate 250g,Despensa,1,8191.07
2025-07-19,Detergente 500g,Aseo,1,6547.01
2025-07-19,Frijol 500g,Granos,2,5128.69
2025-07-19,Galletas Chocolate,Snacks,5,3404.76
2025-07-19,Gaseosa Cola 400ml,Bebidas,21,2883.46
2025-07-19,Gaseosa Manzana 400ml,Bebidas,9,2695.86
2025-07-19,Harina Trigo 1kg,Despensa,3,4159.66
2025-07-19,Huevos x30,Despensa,1,17560.25
2025-07-19,Jabon Barra,Aseo,8,2916.32
2025-07-19,Jugo Mango 300ml,Bebidas,7,3276.63
2025-07-19,Leche Entera 900ml,Lacteos,7,4255.25
2025-07-19,Lenteja 500g,Granos,3,5145.8
2025-07-19,Mani 50g,Snacks,2,2800.19
2025-07-19,Pan Blandito x5,Panaderia,4,3225.0
2025-07-19,Pan Tajado 500g,Panaderia,7,4640.22
2025-07-19,Papas 30g,Snacks,13,2719.01
2025-07-19,Papel Higienico x4,Aseo,1,9115.57
2025-07-19,Queso Campesino 250g,Lacteos,2,7825.48
2025-07-19,Sal 500g,Despensa,4,1876.62
2025-07-19,Yogurt Fresa 200ml,Lacteos,2,2300.19
2025-07-20,Aceite 1L,Despensa,4,16199.98
2025-07-20,Agua 600ml,Bebidas,8,2180.94
2025-07-20,Arroz 1kg,Despensa,5,4856.06
2025-07-20,Azucar 1kg,Despensa,6,3863.11
2025-07-20,Bebida Energetica 250ml,Bebidas,3,4665.47
2025-07-20,Cafe Molido 250g,Despensa,3,9892.22
2025-07-20,Cerveza Sixpack,Bebidas,6,14316.63
2025-07-20,Chitos 40g,Snacks,7,2702.76
2025-07-20,Chocolate 250g,Despensa,1,8379.19
2025-07-20,Detergente 500g,Aseo,1,6343.25
2025-07-20,Frijol 500g,Granos,3,5061.02
2025-07-20,Galletas Chocolate,Snacks,6,3472.56
2025-07-20,Gaseosa Cola 400ml,Bebidas,12,3000.99
2025-07-20,Gaseosa Manzana 400ml,Bebidas,7,2870.84
2025-07-20,Harina Trigo 1kg,Despensa,3,4502.24
2025-07-20,Jabon Barra,Aseo,1,3155.59
2025-07-20,Jugo Mango 300ml,Bebidas,7,3308.12
2025-07-20,Leche Entera 900ml,Lacteos,6,4208.89
2025-07-20,Mani 50g,Snacks,4,2487.65
2025-07-20,Pan Blandito x5,Panaderia,6,2974.1
2025-07-20,Pan Tajado 500g,Panaderia,1,4833.97
2025-07-20,Papas 30g,Snacks,13,2578.47
2025-07-20,Papel Higienico x4,Aseo,4,8791.36
2025-07-20,Queso Campesino 250g,Lacteos,4,7505.32
2025-07-20,Sal 500g,Despensa,1,1838.92
2025-07-20,Yogurt Fresa 200ml,Lacteos,9,2515.82
2025-07-21,Aceite 1L,Despensa,4,15599.49
2025-07-21,Agua 600ml,Bebidas,8,2178.96
2025-07-21,Arroz 1kg,Despensa,4,4644.05
2025-07-21,Azucar 1kg,Despensa,5,4733.72
2025-07-21,Bebida Energetica 250ml,Bebidas,9,4382.3
2025-07-21,Cafe Molido 250g,Despensa,1,7627.46
2025-07-21,Cerveza Sixpack,Bebidas,6,14260.24
2025-07-21,Chitos 40g,Snacks,8,2715.47
2025-07-21,Chocolate 250g,Despensa,2,8536.15
2025-07-21,Detergente 500g,Aseo,1,6626.88
2025-07-21,Frijol 500g,Granos,3,4884.68
2025-07-21,Galletas Chocolate,Snacks,7,3318.86
2025-07-21,Gaseosa Cola 400ml,Bebidas,11,3036.91
2025-07-21,Gaseosa Manzana 400ml,Bebidas,14,2715.57
2025-07-21,Huevos x30,Despensa,4,17350.32
2025-07-21,Jabon Barra,Aseo,7,3260.13
2025-07-21,Jugo Mango 300ml,Bebidas,8,3418.0
2025-07-21,Leche Entera 900ml,Lacteos,5,4360.96
2025-07-21,Mani 50g,Snacks,5,2933.62
2025-07-21,Pan Blandito x5,Panaderia,4,3223.77
2025-07-21,Pan Tajado 500g,Panaderia,3,5091.32
2025-07-21,Papas 30g,Snacks,20,2554.12
2025-07-21,Papel Higienico x4,Aseo,1,8763.35
2025-07-21,Queso Campesino 250g,Lacteos,3,8141.44
2025-07-21,Sal 500g,Despensa,3,1942.16
2025-07-21,Yogurt Fresa 200ml,Lacteos,7,2321.93
2025-07-22,Aceite 1L,Despensa,5,15649.35
2025-07-22,Agua 600ml,Bebidas,13,2143.33
2025-07-22,Arroz 1kg,Despensa,4,4778.16
2025-07-22,Azucar 1kg,Despensa,2,4865.5
2025-07-22,Bebida Energetica 250ml,Bebidas,6,4266.37
2025-07-22,Cafe Molido 250g,Despensa,4,8661.37
2025-07-22,Cerveza Sixpack,Bebidas,1,13912.83
2025-07-22,Chitos 40g,Snacks,4,2614.37
2025-07-22,Chocolate 250g,Despensa,4,7394.6
2025-07-22,Detergente 500g,Aseo,3,6645.52
2025-07-22,Frijol 500g,Granos,2,5287.82
2025-07-22,Galletas Chocolate,Snacks,9,3576.27
2025-07-22,Gaseosa Cola 400ml,Bebidas,13,3028.73
2025-07-22,Gaseosa Manzana 400ml,Bebidas,4,2779.78
2025-07-22,Huevos x30,Despensa,4,16140.27
2025-07-22,Jabon Barra,Aseo,4,3311.57
2025-07-22,Jugo Mango 300ml,Bebidas,5,3256.26
2025-07-22,Leche Entera 900ml,Lacteos,3,4171.32
2025-07-22,Lenteja 500g,Granos,1,4711.04
2025-07-22,Mani 50g,Snacks,1,2722.83
2025-07-22,Pan Tajado 500g,Panaderia,2,6031.32
2025-07-22,Papas 30g,Snacks,11,2656.11
2025-07-22,Queso Campesino 250g,Lacteos,6,7355.83
2025-07-22,Sal 500g,Despensa,2,1943.12
2025-07-22,Yogurt Fresa 200ml,Lacteos,7,2686.82
2025-07-23,Aceite 1L,Despensa,4,15525.99
2025-07-23,Agua 600ml,Bebidas,11,2158.35
2025-07-23,Arroz 1kg,Despensa,8,4494.73
2025-07-23,Azucar 1kg,Despensa,3,4867.75
2025-07-23,Bebida Energetica 250ml,Bebidas,3,4854.71
2025-07-23,Cerveza Sixpack,Bebidas,3,14887.25
2025-07-23,Chitos 40g,Snacks,7,2642.9
2025-07-23,Chocolate 250g,Despensa,4,8062.73
2025-07-23,Frijol 500g,Granos,3,5272.44
2025-07-23,Galletas Chocolate,Snacks,4,3530.68
2025-07-23,Gaseosa Cola 400ml,Bebidas,9,2853.32
2025-07-23,Gaseosa Manzana 400ml,Bebidas,5,2915.41
2025-07-23,Harina Trigo 1kg,Despensa,3,4013.3
2025-07-23,Huevos x30,Despensa,2,16058.84
2025-07-23,Jabon Barra,Aseo,1,2729.67
2025-07-23,Jugo Mango 300ml,Bebidas,5,3353.57
2025-07-23,Leche Entera 900ml,Lacteos,8,4103.57
2025-07-23,Lenteja 500g,Granos,2,5040.84
2025-07-23,Mani 50g,Snacks,7,2930.84
2025-07-23,Pan Blandito x5,Panaderia,4,3232.78
2025-07-23,Pan Tajado 500g,Panaderia,3,6330.67
2025-07-23,Papas 30g,Snacks,22,2695.29
2025-07-23,Queso Campesino 250g,Lacteos,2,7595.33
2025-07-23,Sal 500g,Despensa,1,1861.92
2025-07-23,Yogurt Fresa 200ml,Lacteos,10,2558.43
2025-07-24,Aceite 1L,Despensa,9,13343.65
2025-07-24,Agua 600ml,Bebidas,6,2179.45
2025-07-24,Arroz 1kg,Despensa,8,4419.3
2025-07-24,Azucar 1kg,Despensa,2,4800.13
2025-07-24,Bebida Energetica 250ml,Bebidas,3,4598.36
2025-07-24,Cafe Molido 250g,Despensa,1,9015.3
2025-07-24,Cerveza Sixpack,Bebidas,2,14610.77
2025-07-24,Chitos 40g,Snacks,11,2768.44
2025-07-24,Chocolate 250g,Despensa,1,8234.67
2025-07-24,Detergente 500g,Aseo,6,6675.5
2025-07-24,Frijol 500g,Granos,4,5046.06
2025-07-24,Galletas Chocolate,Snacks,7,3278.06
2025-07-24,Gaseosa Cola 400ml,Bebidas,6,2976.73
2025-07-24,Gaseosa Manzana 400ml,Bebidas,7,2538.33
2025-07-24,Harina Trigo 1kg,Despensa,3,4182.73
2025-07-24,Huevos x30,Despensa,2,17682.86
2025-07-24,Jabon Barra,Aseo,2,3263.41
2025-07-24,Jugo Mango 300ml,Bebidas,8,3069.94
2025-07-24,Leche Entera 900ml,Lacteos,7,4141.2
2025-07-24,Lenteja 500g,Granos,3,4991.16
2025-07-24,Mani 50g,Snacks,7,2930.54
2025-07-24,Pan Blandito x5,Panaderia,5,3122.42
2025-07-24,Pan Tajado 500g,Panaderia,3,5957.87
2025-07-24,Papas 30g,Snacks,11,2244.41
2025-07-24,Papel Higienico x4,Aseo,3,9119.48
2025-07-24,Queso Campesino 250g,Lacteos,7,7868.25
2025-07-24,Sal 500g,Despensa,2,1878.07
2025-07-24,Yogurt Fresa 200ml,Lacteos,3,2523.93
2025-07-25,Aceite 1L,Despensa,2,16382.6
2025-07-25,Agua 600ml,Bebidas,11,2039.19
2025-07-25,Arroz 1kg,Despensa,4,4651.76
2025-07-25,Azucar 1kg,Despensa,5,4614.94
2025-07-25,Bebida Energetica 250ml,Bebidas,2,4388.02
2025-07-25,Cafe Molido 250g,Despensa,3,8908.21
2025-07-25,Cerveza Sixpack,Bebidas,6,15647.08
2025-07-25,Chitos 40g,Snacks,12,2254.91
2025-07-25,Chocolate 250g,Despensa,2,8750.03
2025-07-25,Detergente 500g,Aseo,1,7020.02
2025-07-25,Galletas Chocolate,Snacks,9,3489.75
2025-07-25,Gaseosa Cola 400ml,Bebidas,13,2844.21
2025-07-25,Gaseosa Manzana 400ml,Bebidas,16,2371.21
2025-07-25,Huevos x30,Despensa,1,16823.94
2025-07-25,Jabon Barra,Aseo,4,3231.66
2025-07-25,Jugo Mango 300ml,Bebidas,5,3159.29
2025-07-25,Leche Entera 900ml,Lacteos,11,4045.0
2025-07-25,Lenteja 500g,Granos,3,4754.28
2025-07-25,Mani 50g,Snacks,5,2791.2
2025-07-25,Pan Blandito x5,Panaderia,8,3383.78
2025-07-25,Pan Tajado 500g,Panaderia,4,5911.62
2025-07-25,Papas 30g,Snacks,15,2202.72
2025-07-25,Papel Higienico x4,Aseo,1,8615.87
2025-07-25,Queso Campesino 250g,Lacteos,2,7924.4
2025-07-25,Sal 500g,Despensa,6,1856.67
2025-07-25,Yogurt Fresa 200ml,Lacteos,2,2559.44
2025-07-26,Aceite 1L,Despensa,2,15487.01
2025-07-26,Agua 600ml,Bebidas,11,2130.37
2025-07-26,Arroz 1kg,Despensa,6,4737.8
2025-07-26,Azucar 1kg,Despensa,3,4808.34
2025-07-26,Bebida Energetica 250ml,Bebidas,4,4517.71
2025-07-26,Cafe Molido 250g,Despensa,1,9535.22
2025-07-26,Cerveza Sixpack,Bebidas,5,14998.4
2025-07-26,Chitos 40g,Snacks,6,2647.25
2025-07-26,Frijol 500g,Granos,4,5318.39
2025-07-26,Galletas Chocolate,Snacks,3,3542.91
2025-07-26,Gaseosa Cola 400ml,Bebidas,28,2488.13
2025-07-26,Gaseosa Manzana 400ml,Bebidas,6,2901.14
2025-07-26,Harina Trigo 1kg,Despensa,2,4405.04
2025-07-26,Huevos x30,Despensa,3,17713.27
2025-07-26,Jabon Barra,Aseo,1,3241.95
2025-07-26,Jugo Mango 300ml,Bebidas,6,3280.26
2025-07-26,Leche Entera 900ml,Lacteos,10,4366.84
2025-07-26,Lenteja 500g,Granos,2,5037.14
2025-07-26,Mani 50g,Snacks,3,3045.32
2025-07-26,Pan Blandito x5,Panaderia,5,3220.23
2025-07-26,Pan Tajado 500g,Panaderia,3,6148.86
2025-07-26,Papas 30g,Snacks,13,2494.64
2025-07-26,Papel Higienico x4,Aseo,2,9464.42
2025-07-26,Queso Campesino 250g,Lacteos,3,8149.59
2025-07-26,Sal 500g,Despensa,3,1928.45
2025-07-26,Yogurt Fresa 200ml,Lacteos,4,2679.98
2025-07-27,Agua 600ml,Bebidas,13,1966.45
2025-07-27,Arroz 1kg,Despensa,4,4798.23
2025-07-27,Azucar 1kg,Despensa,4,4452.19
2025-07-27,Bebida Energetica 250ml,Bebidas,2,4442.97
2025-07-27,Cerveza Sixpack,Bebidas,5,15307.09
2025-07-27,Chitos 40g,Snacks,8,2701.9
2025-07-27,Detergente 500g,Aseo,1,6619.86
2025-07-27,Frijol 500g,Granos,1,5072.31
2025-07-27,Galletas Chocolate,Snacks,7,3434.81
2025-07-27,Gaseosa Cola 400ml,Bebidas,11,2959.12
2025-07-27,Gaseosa Manzana 400ml,Bebidas,13,3002.66
2025-07-27,Harina Trigo 1kg,Despensa,2,4406.72
2025-07-27,Huevos x30,Despensa,2,15975.01
2025-07-27,Jabon Barra,Aseo,1,3356.48
2025-07-27,Jugo Mango 300ml,Bebidas,7,3299.88
2025-07-27,Leche Entera 900ml,Lacteos,8,4134.5
2025-07-27,Lenteja 500g,Granos,3,5275.23
2025-07-27,Mani 50g,Snacks,6,2947.08
2025-07-27,Pan Blandito x5,Panaderia,9,3427.07
2025-07-27,Pan Tajado 500g,Panaderia,5,6109.98
2025-07-27,Papas 30g,Snacks,12,2562.02
2025-07-27,Papel Higienico x4,Aseo,3,9356.6
2025-07-27,Queso Campesino 250g,Lacteos,3,7733.34
2025-07-27,Sal 500g,Despensa,1,1933.45
2025-07-27,Yogurt Fresa 200ml,Lacteos,6,2862.87
2025-07-28,Aceite 1L,Despensa,3,16078.22
2025-07-28,Agua 600ml,Bebidas,12,2044.41
2025-07-28,Arroz 1kg,Despensa,3,4736.51
2025-07-28,Azucar 1kg,Despensa,7,5128.15
2025-07-28,Bebida Energetica 250ml,Bebidas,6,4131.45
2025-07-28,Cafe Molido 250g,Despensa,2,8584.75
2025-07-28,Cerveza Sixpack,Bebidas,5,14236.11
2025-07-28,Chitos 40g,Snacks,6,2701.61
2025-07-28,Chocolate 250g,Despensa,2,8207.04
2025-07-28,Detergente 500g,Aseo,1,6858.68
2025-07-28,Frijol 500g,Granos,2,5329.09
2025-07-28,Galletas Chocolate,Snacks,12,3373.68
2025-07-28,Gaseosa Cola 400ml,Bebidas,12,3009.36
2025-07-28,Gaseosa Manzana 400ml,Bebidas,13,2653.27
2025-07-28,Harina Trigo 1kg,Despensa,2,4421.86
2025-07-28,Huevos x30,Despensa,3,16196.74
2025-07-28,Jabon Barra,Aseo,2,3118.09
2025-07-28,Jugo Mango 300ml,Bebidas,6,3140.1
2025-07-28,Leche Entera 900ml,Lacteos,13,3429.18
2025-07-28,Lenteja 500g,Granos,3,4932.55
2025-07-28,Mani 50g,Snacks,5,2956.98
2025-07-28,Pan Blandito x5,Panaderia,5,3319.5
2025-07-28,Pan Tajado 500g,Panaderia,2,5628.8
2025-07-28,Papas 30g,Snacks,12,2603.85
2025-07-28,Papel Higienico x4,Aseo,1,9719.73
2025-07-28,Queso Campesino 250g,Lacteos,4,7713.63
2025-07-28,Sal 500g,Despensa,2,1858.08
2025-07-28,Yogurt Fresa 200ml,Lacteos,5,2200.2
2025-07-29,Aceite 1L,Despensa,4,14496.91
2025-07-29,Agua 600ml,Bebidas,13,2039.71
2025-07-29,Arroz 1kg,Despensa,5,4959.53
2025-07-29,Azucar 1kg,Despensa,2,4745.08
2025-07-29,Bebida Energetica 250ml,Bebidas,4,4663.59
2025-07-29,Cafe Molido 250g,Despensa,2,9246.87
2025-07-29,Cerveza Sixpack,Bebidas,2,15376.92
2025-07-29,Chitos 40g,Snacks,3,2751.48
2025-07-29,Chocolate 250g,Despensa,1,7678.33
2025-07-29,Detergente 500g,Aseo,1,6751.45
2025-07-29,Galletas Chocolate,Snacks,8,2929.44
2025-07-29,Gaseosa Cola 400ml,Bebidas,5,2928.9
2025-07-29,Gaseosa Manzana 400ml,Bebidas,7,2821.04
2025-07-29,Harina Trigo 1kg,Despensa,5,3773.51
2025-07-29,Huevos x30,Despensa,1,16657.37
2025-07-29,Jabon Barra,Aseo,11,3041.44
2025-07-29,Jugo Mango 300ml,Bebidas,5,3115.49
2025-07-29,Leche Entera 900ml,Lacteos,10,4142.59
2025-07-29,Lenteja 500g,Granos,2,4740.34
2025-07-29,Mani 50g,Snacks,10,3099.62
2025-07-29,Pan Blandito x5,Panaderia,6,3148.78
2025-07-29,Pan Tajado 500g,Panaderia,2,5718.27
2025-07-29,Papas 30g,Snacks,11,2689.37
2025-07-29,Papel Higienico x4,Aseo,5,9491.31
2025-07-29,Queso Campesino 250g,Lacteos,5,8333.86
2025-07-29,Sal 500g,Despensa,1,1923.6
2025-07-29,Yogurt Fresa 200ml,Lacteos,8,2430.11
2025-07-30,Aceite 1L,Despensa,1,16181.56
2025-07-30,Agua 600ml,Bebidas,5,2248.84
2025-07-30,Arroz 1kg,Despensa,5,4545.72
2025-07-30,Azucar 1kg,Despensa,3,4943.25
2025-07-30,Bebida Energetica 250ml,Bebidas,5,4538.53
2025-07-30,Cafe Molido 250g,Despensa,1,9040.82
2025-07-30,Cerveza Sixpack,Bebidas,1,15086.22
2025-07-30,Chitos 40g,Snacks,4,2829.56
2025-07-30,Detergente 500g,Aseo,3,6873.45
2025-07-30,Frijol 500g,Granos,2,5098.59
2025-07-30,Galletas Chocolate,Snacks,7,3614.59
2025-07-30,Gaseosa Cola 400ml,Bebidas,13,2977.75
2025-07-30,Gaseosa Manzana 400ml,Bebidas,12,2330.02
2025-07-30,Harina Trigo 1kg,Despensa,2,4294.96
2025-07-30,Huevos x30,Despensa,4,17099.96
2025-07-30,Jabon Barra,Aseo,3,3068.79
2025-07-30,Jugo Mango 300ml,Bebidas,6,3397.11
2025-07-30,Leche Entera 900ml,Lacteos,7,4171.51
2025-07-30,Lenteja 500g,Granos,4,4906.26
2025-07-30,Mani 50g,Snacks,3,2844.57
2025-07-30,Pan Blandito x5,Panaderia,8,3068.7
2025-07-30,Pan Tajado 500g,Panaderia,6,5955.64
2025-07-30,Papas 30g,Snacks,13,2663.7
2025-07-30,Papel Higienico x4,Aseo,2,9077.17
2025-07-30,Queso Campesino 250g,Lacteos,7,7335.49
2025-07-30,Sal 500g,Despensa,1,1907.0
2025-07-30,Yogurt Fresa 200ml,Lacteos,12,2483.69
2025-07-31,Aceite 1L,Despensa,1,15155.94
2025-07-31,Agua 600ml,Bebidas,11,2015.26
2025-07-31,Arroz 1kg,Despensa,3,4883.04
2025-07-31,Azucar 1kg,Despensa,4,4490.56
2025-07-31,Bebida Energetica 250ml,Bebidas,4,4358.08
2025-07-31,Cafe Molido 250g,Despensa,1,9517.64
2025-07-31,Cerveza Sixpack,Bebidas,1,15268.83
2025-07-31,Chitos 40g,Snacks,8,2683.75
2025-07-31,Detergente 500g,Aseo,4,7006.7
2025-07-31,Galletas Chocolate,Snacks,12,3518.01
2025-07-31,Gaseosa Cola 400ml,Bebidas,9,2932.24
2025-07-31,Gaseosa Manzana 400ml,Bebidas,13,2865.65
2025-07-31,Harina Trigo 1kg,Despensa,1,4107.51
2025-07-31,Huevos x30,Despensa,3,15590.98
2025-07-31,Jabon Barra,Aseo,3,3011.58
2025-07-31,Jugo Mango 300ml,Bebidas,5,3041.61
2025-07-31,Leche Entera 900ml,Lacteos,5,4261.89
2025-07-31,Lenteja 500g,Granos,1,5032.66
2025-07-31,Mani 50g,Snacks,8,3101.06
2025-07-31,Pan Blandito x5,Panaderia,7,3145.57
2025-07-31,Pan Tajado 500g,Panaderia,6,6288.98
2025-07-31,Papas 30g,Snacks,9,2137.81
2025-07-31,Papel Higienico x4,Aseo,4,9743.04
2025-07-31,Queso Campesino 250g,Lacteos,4,6949.34
2025-07-31,Yogurt Fresa 200ml,Lacteos,9,2509.44
2025-08-01,Aceite 1L,Despensa,1,16033.86
2025-08-01,Agua 600ml,Bebidas,13,2100.58
2025-08-01,Arroz 1kg,Despensa,4,4827.91
2025-08-01,Azucar 1kg,Despensa,3,4804.38
2025-08-01,Bebida Energetica 250ml,Bebidas,6,4483.69
2025-08-01,Cafe Molido 250g,Despensa,5,8928.7
2025-08-01,Cerveza Sixpack,Bebidas,5,15163.21
2025-08-01,Chitos 40g,Snacks,6,2638.89
2025-08-01,Chocolate 250g,Despensa,2,8616.91
2025-08-01,Detergente 500g,Aseo,4,6648.83
2025-08-01,Frijol 500g,Granos,1,5088.45
2025-08-01,Galletas Chocolate,Snacks,9,3766.97
2025-08-01,Gaseosa Cola 400ml,Bebidas,11,2956.17
2025-08-01,Gaseosa Manzana 400ml,Bebidas,14,2714.21
2025-08-01,Harina Trigo 1kg,Despensa,3,4268.74
2025-08-01,Huevos x30,Despensa,7,16214.51
2025-08-01,Jabon Barra,Aseo,3,3274.67
2025-08-01,Jugo Mango 300ml,Bebidas,5,3360.21
2025-08-01,Leche Entera 900ml,Lacteos,15,4355.76
2025-08-01,Lenteja 500g,Granos,1,5029.88
2025-08-01,Mani 50g,Snacks,6,3019.3
2025-08-01,Pan Blandito x5,Panaderia,7,3104.34
2025-08-01,Pan Tajado 500g,Panaderia,4,5983.09
2025-08-01,Papas 30g,Snacks,6,2540.57
2025-08-01,Papel Higienico x4,Aseo,5,8698.62
2025-08-01,Queso Campesino 250g,Lacteos,8,7736.28
2025-08-01,Sal 500g,Despensa,2,1881.32
2025-08-01,Yogurt Fresa 200ml,Lacteos,4,2580.44
2025-08-02,Aceite 1L,Despensa,2,15530.13
2025-08-02,Agua 600ml,Bebidas,15,2042.42
2025-08-02,Arroz 1kg,Despensa,6,4684.08
2025-08-02,Azucar 1kg,Despensa,1,4729.89
2025-08-02,Bebida Energetica 250ml,Bebidas,1,4841.12
2025-08-02,Cafe Molido 250g,Despensa,1,7485.69
2025-08-02,Cerveza Sixpack,Bebidas,6,15207.46
2025-08-02,Chitos 40g,Snacks,7,2733.86
2025-08-02,Chocolate 250g,Despensa,4,7926.22
2025-08-02,Detergente 500g,Aseo,2,6584.73
2025-08-02,Frijol 500g,Granos,4,5352.51
2025-08-02,Galletas Chocolate,Snacks,7,3752.83
2025-08-02,Gaseosa Cola 400ml,Bebidas,19,2765.57
2025-08-02,Gaseosa Manzana 400ml,Bebidas,8,2941.73
2025-08-02,Harina Trigo 1kg,Despensa,5,4147.24
2025-08-02,Huevos x30,Despensa,3,16651.04
2025-08-02,Jabon Barra,Aseo,3,3429.65
2025-08-02,Jugo Mango 300ml,Bebidas,9,3403.35
2025-08-02,Leche Entera 900ml,Lacteos,11,4206.19
2025-08-02,Lenteja 500g,Granos,1,4734.05
2025-08-02,Mani 50g,Snacks,6,3229.05
2025-08-02,Pan Blandito x5,Panaderia,8,3098.47
2025-08-02,Pan Tajado 500g,Panaderia,4,5867.65
2025-08-02,Papas 30g,Snacks,15,2545.68
2025-08-02,Papel Higienico x4,Aseo,1,8999.42
2025-08-02,Queso Campesino 250g,Lacteos,6,7927.62
2025-08-02,Sal 500g,Despensa,4,1730.82
2025-08-02,Yogurt Fresa 200ml,Lacteos,6,2687.16
2025-08-03,Aceite 1L,Despensa,4,14608.62
2025-08-03,Agua 600ml,Bebidas,11,2120.86
2025-08-03,Arroz 1kg,Despensa,4,5014.38
2025-08-03,Azucar 1kg,Despensa,3,4975.62
2025-08-03,Bebida Energetica 250ml,Bebidas,7,4631.82
2025-08-03,Cafe Molido 250g,Despensa,3,8856.66
2025-08-03,Cerveza Sixpack,Bebidas,7,14954.8
2025-08-03,Chitos 40g,Snacks,5,2725.32
2025-08-03,Detergente 500g,Aseo,1,6793.51
2025-08-03,Frijol 500g,Granos,1,5296.64
2025-08-03,Galletas Chocolate,Snacks,5,3776.53
2025-08-03,Gaseosa Cola 400ml,Bebidas,18,2968.31
2025-08-03,Gaseosa Manzana 400ml,Bebidas,11,3030.68
2025-08-03,Harina Trigo 1kg,Despensa,2,4219.03
2025-08-03,Huevos x30,Despensa,3,16777.64
2025-08-03,Jabon Barra,Aseo,3,3251.05
2025-08-03,Jugo Mango 300ml,Bebidas,13,3316.41
2025-08-03,Leche Entera 900ml,Lacteos,7,4187.05
2025-08-03,Lenteja 500g,Granos,4,5045.3
2025-08-03,Mani 50g,Snacks,4,2974.41
2025-08-03,Pan Blandito x5,Panaderia,5,3009.62
2025-08-03,Pan Tajado 500g,Panaderia,2,5834.94
2025-08-03,Papas 30g,Snacks,9,2862.51
2025-08-03,Papel Higienico x4,Aseo,4,9082.97
2025-08-03,Queso Campesino 250g,Lacteos,5,7538.81
2025-08-03,Sal 500g,Despensa,2,1898.93
2025-08-03,Yogurt Fresa 200ml,Lacteos,6,2615.65
2025-08-04,Aceite 1L,Despensa,1,15666.78
2025-08-04,Agua 600ml,Bebidas,12,2076.78
2025-08-04,Arroz 1kg,Despensa,4,4534.79
2025-08-04,Bebida Energetica 250ml,Bebidas,9,4237.18
2025-08-04,Cafe Molido 250g,Despensa,4,9997.98
2025-08-04,Cerveza Sixpack,Bebidas,2,15354.64
2025-08-04,Chitos 40g,Snacks,4,2737.62
2025-08-04,Chocolate 250g,Despensa,2,7505.45
2025-08-04,Detergente 500g,Aseo,3,6609.95
2025-08-04,Frijol 500g,Granos,1,5090.31
2025-08-04,Galletas Chocolate,Snacks,3,3515.23
2025-08-04,Gaseosa Cola 400ml,Bebidas,12,2873.36
2025-08-04,Gaseosa Manzana 400ml,Bebidas,7,2939.41
2025-08-04,Harina Trigo 1kg,Despensa,4,4191.21
2025-08-04,Huevos x30,Despensa,2,16175.61
2025-08-04,Jugo Mango 300ml,Bebidas,15,3015.63
2025-08-04,Leche Entera 900ml,Lacteos,5,4330.38
2025-08-04,Lenteja 500g,Granos,2,5206.65
2025-08-04,Mani 50g,Snacks,7,3130.47
2025-08-04,Pan Blandito x5,Panaderia,3,3231.34
2025-08-04,Pan Tajado 500g,Panaderia,1,4730.74
2025-08-04,Papas 30g,Snacks,11,2464.04
2025-08-04,Papel Higienico x4,Aseo,1,9004.35
2025-08-04,Queso Campesino 250g,Lacteos,3,6544.32
2025-08-04,Sal 500g,Despensa,3,1994.15
2025-08-04,Yogurt Fresa 200ml,Lacteos,6,2564.31
2025-08-05,Aceite 1L,Despensa,3,16052.23
2025-08-05,Agua 600ml,Bebidas,8,2079.66
2025-08-05,Arroz 1kg,Despensa,2,4763.75
2025-08-05,Azucar 1kg,Despensa,6,4754.15
2025-08-05,Bebida Energetica 250ml,Bebidas,7,4657.78
2025-08-05,Cafe Molido 250g,Despensa,1,9284.99
2025-08-05,Cerveza Sixpack,Bebidas,5,14072.54
2025-08-05,Chitos 40g,Snacks,7,2654.81
2025-08-05,Chocolate 250g,Despensa,1,8573.16
2025-08-05,Detergente 500g,Aseo,3,6746.36
2025-08-05,Frijol 500g,Granos,2,5220.0
2025-08-05,Galletas Chocolate,Snacks,4,3163.4
2025-08-05,Gaseosa Cola 400ml,Bebidas,14,2751.87
2025-08-05,Gaseosa Manzana 400ml,Bebidas,8,2816.8
2025-08-05,Harina Trigo 1kg,Despensa,1,4221.23
2025-08-05,Huevos x30,Despensa,5,17481.86
2025-08-05,Jabon Barra,Aseo,3,3244.91
2025-08-05,Jugo Mango 300ml,Bebidas,9,3382.79
2025-08-05,Leche Entera 900ml,Lacteos,6,4314.46
2025-08-05,Mani 50g,Snacks,4,2953.73
2025-08-05,Pan Blandito x5,Panaderia,9,3209.85
2025-08-05,Pan Tajado 500g,Panaderia,6,6237.47
2025-08-05,Papas 30g,Snacks,5,2650.26
2025-08-05,Papel Higienico x4,Aseo,3,9171.86
2025-08-05,Queso Campesino 250g,Lacteos,7,6174.04
2025-08-05,Sal 500g,Despensa,1,1960.31
2025-08-05,Yogurt Fresa 200ml,Lacteos,9,2697.09
2025-08-06,Aceite 1L,Despensa,6,16256.63
2025-08-06,Agua 600ml,Bebidas,4,1963.54
2025-08-06,Arroz 1kg,Despensa,10,4797.38
2025-08-06,Azucar 1kg,Despensa,4,4752.83
2025-08-06,Bebida Energetica 250ml,Bebidas,7,4447.23
2025-08-06,Cafe Molido 250g,Despensa,1,9151.92
2025-08-06,Cerveza Sixpack,Bebidas,2,14219.63
2025-08-06,Chitos 40g,Snacks,9,2702.31
2025-08-06,Chocolate 250g,Despensa,1,8367.57
2025-08-06,Detergente 500g,Aseo,3,6896.45
2025-08-06,Frijol 500g,Granos,2,5285.47
2025-08-06,Galletas Chocolate,Snacks,3,3805.37
2025-08-06,Gaseosa Cola 400ml,Bebidas,7,2668.96
2025-08-06,Gaseosa Manzana 400ml,Bebidas,3,2746.18
2025-08-06,Harina Trigo 1kg,Despensa,5,4354.95
2025-08-06,Huevos x30,Despensa,1,16023.64
2025-08-06,Jabon Barra,Aseo,2,3122.92
2025-08-06,Jugo Mango 300ml,Bebidas,7,3306.2
2025-08-06,Leche Entera 900ml,Lacteos,6,4212.22
2025-08-06,Lenteja 500g,Granos,1,4501.36
2025-08-06,Mani 50g,Snacks,4,2930.04
2025-08-06,Pan Blandito x5,Panaderia,8,3240.14
2025-08-06,Pan Tajado 500g,Panaderia,3,6241.1
2025-08-06,Papas 30g,Snacks,5,2486.45
2025-08-06,Papel Higienico x4,Aseo,1,9413.89
2025-08-06,Queso Campesino 250g,Lacteos,5,7503.92
2025-08-06,Sal 500g,Despensa,2,1955.99
2025-08-06,Yogurt Fresa 200ml,Lacteos,9,2652.41
2025-08-07,Aceite 1L,Despensa,4,15955.23
2025-08-07,Agua 600ml,Bebidas,12,2101.05
2025-08-07,Arroz 1kg,Despensa,5,4658.56
2025-08-07,Bebida Energetica 250ml,Bebidas,4,4604.72
2025-08-07,Cafe Molido 250g,Despensa,1,9267.26
2025-08-07,Cerveza Sixpack,Bebidas,2,15387.59
2025-08-07,Chitos 40g,Snacks,5,2738.81
2025-08-07,Chocolate 250g,Despensa,2,8131.82
2025-08-07,Detergente 500g,Aseo,3,6531.03
2025-08-07,Frijol 500g,Granos,3,5210.47
2025-08-07,Galletas Chocolate,Snacks,3,3748.94
2025-08-07,Gaseosa Cola 400ml,Bebidas,8,2903.35
2025-08-07,Gaseosa Manzana 400ml,Bebidas,7,2803.6
2025-08-07,Harina Trigo 1kg,Despensa,5,4246.59
2025-08-07,Jabon Barra,Aseo,2,3205.28
2025-08-07,Jugo Mango 300ml,Bebidas,5,3311.69
2025-08-07,Leche Entera 900ml,Lacteos,9,3864.79
2025-08-07,Lenteja 500g,Granos,3,4808.64
2025-08-07,Mani 50g,Snacks,4,2899.94
2025-08-07,Pan Blandito x5,Panaderia,2,3119.25
2025-08-07,Pan Tajado 500g,Panaderia,3,5615.18
2025-08-07,Papas 30g,Snacks,9,2632.06
2025-08-07,Queso Campesino 250g,Lacteos,1,7977.7
2025-08-07,Sal 500g,Despensa,1,1916.36
2025-08-07,Yogurt Fresa 200ml,Lacteos,4,2622.41
2025-08-08,Aceite 1L,Despensa,2,16073.05
2025-08-08,Agua 600ml,Bebidas,8,2023.2
2025-08-08,Arroz 1kg,Despensa,3,4487.29
2025-08-08,Azucar 1kg,Despensa,1,4672.67
2025-08-08,Bebida Energetica 250ml,Bebidas,10,4515.03
2025-08-08,Cafe Molido 250g,Despensa,1,8811.12
2025-08-08,Cerveza Sixpack,Bebidas,6,14875.42
2025-08-08,Chitos 40g,Snacks,6,2759.6
2025-08-08,Chocolate 250g,Despensa,3,8368.52
2025-08-08,Detergente 500g,Aseo,1,6911.29
2025-08-08,Frijol 500g,Granos,2,5652.18
2025-08-08,Galletas Chocolate,Snacks,4,3621.77
2025-08-08,Gaseosa Cola 400ml,Bebidas,15,2971.23
2025-08-08,Gaseosa Manzana 400ml,Bebidas,9,2879.83
2025-08-08,Harina Trigo 1kg,Despensa,5,3478.08
2025-08-08,Huevos x30,Despensa,3,16370.98
2025-08-08,Jabon Barra,Aseo,2,3240.21
2025-08-08,Jugo Mango 300ml,Bebidas,10,3099.24
2025-08-08,Leche Entera 900ml,Lacteos,9,4300.67
2025-08-08,Lenteja 500g,Granos,1,4309.99
2025-08-08,Mani 50g,Snacks,5,2993.59
2025-08-08,Pan Blandito x5,Panaderia,3,3201.23
2025-08-08,Pan Tajado 500g,Panaderia,3,5887.2
2025-08-08,Papas 30g,Snacks,15,2526.92
2025-08-08,Queso Campesino 250g,Lacteos,4,7574.2
2025-08-08,Yogurt Fresa 200ml,Lacteos,12,2571.81
2025-08-09,Aceite 1L,Despensa,3,15399.39
2025-08-09,Agua 600ml,Bebidas,10,2210.26
2025-08-09,Arroz 1kg,Despensa,7,4526.87
2025-08-09,Azucar 1kg,Despensa,4,4946.43
2025-08-09,Bebida Energetica 250ml,Bebidas,3,4671.51
2025-08-09,Cafe Molido 250g,Despensa,2,8833.77
2025-08-09,Cerveza Sixpack,Bebidas,4,14975.87
2025-08-09,Chitos 40g,Snacks,10,2589.54
2025-08-09,Chocolate 250g,Despensa,1,8677.36
2025-08-09,Detergente 500g,Aseo,1,7011.59
2025-08-09,Frijol 500g,Granos,2,5140.09
2025-08-09,Galletas Chocolate,Snacks,6,3776.56
2025-08-09,Gaseosa Cola 400ml,Bebidas,16,2978.82
2025-08-09,Gaseosa Manzana 400ml,Bebidas,26,2488.37
2025-08-09,Huevos x30,Despensa,5,16246.27
2025-08-09,Jabon Barra,Aseo,2,3189.05
2025-08-09,Leche Entera 900ml,Lacteos,6,4275.3
2025-08-09,Lenteja 500g,Granos,1,4773.59
2025-08-09,Mani 50g,Snacks,4,3100.51
2025-08-09,Pan Blandito x5,Panaderia,10,3153.4
2025-08-09,Pan Tajado 500g,Panaderia,2,5799.44
2025-08-09,Papas 30g,Snacks,26,2115.33
2025-08-09,Papel Higienico x4,Aseo,3,8436.3
2025-08-09,Queso Campesino 250g,Lacteos,3,7746.21
2025-08-09,Sal 500g,Despensa,2,1911.32
2025-08-09,Yogurt Fresa 200ml,Lacteos,4,2630.92
2025-08-10,Aceite 1L,Despensa,5,15471.46
2025-08-10,Agua 600ml,Bebidas,12,2144.57
2025-08-10,Arroz 1kg,Despensa,7,4851.91
2025-08-10,Azucar 1kg,Despensa,3,4753.49
2025-08-10,Bebida Energetica 250ml,Bebidas,2,4806.26
2025-08-10,Cafe Molido 250g,Despensa,2,8893.43
2025-08-10,Cerveza Sixpack,Bebidas,7,12857.49
2025-08-10,Chitos 40g,Snacks,7,2608.12
2025-08-10,Chocolate 250g,Despensa,1,8203.47
2025-08-10,Detergente 500g,Aseo,1,6819.62
2025-08-10,Frijol 500g,Granos,2,5212.31
2025-08-10,Galletas Chocolate,Snacks,4,3570.37
2025-08-10,Gaseosa Cola 400ml,Bebidas,12,2916.76
2025-08-10,Gaseosa Manzana 400ml,Bebidas,13,2901.34
2025-08-10,Harina Trigo 1kg,Despensa,3,4315.43
2025-08-10,Huevos x30,Despensa,3,17082.56
2025-08-10,Jabon Barra,Aseo,5,3164.83
2025-08-10,Jugo Mango 300ml,Bebidas,7,3165.4
2025-08-10,Leche Entera 900ml,Lacteos,8,4306.21
2025-08-10,Lenteja 500g,Granos,1,5190.7
2025-08-10,Mani 50g,Snacks,2,2804.47
2025-08-10,Pan Blandito x5,Panaderia,5,3013.85
2025-08-10,Pan Tajado 500g,Panaderia,3,6006.12
2025-08-10,Papas 30g,Snacks,9,2661.71
2025-08-10,Papel Higienico x4,Aseo,2,9127.57
2025-08-10,Queso Campesino 250g,Lacteos,5,7803.07
2025-08-10,Sal 500g,Despensa,2,1893.4
2025-08-10,Yogurt Fresa 200ml,Lacteos,7,2383.57
2025-08-11,Aceite 1L,Despensa,1,16238.45
2025-08-11,Agua 600ml,Bebidas,5,2120.92
2025-08-11,Arroz 1kg,Despensa,5,4791.35
2025-08-11,Azucar 1kg,Despensa,1,4612.45
2025-08-11,Bebida Energetica 250ml,Bebidas,3,4647.84
2025-08-11,Cafe Molido 250g,Despensa,1,8786.59
2025-08-11,Cerveza Sixpack,Bebidas,3,15681.99
2025-08-11,Chitos 40g,Snacks,7,2564.26
2025-08-11,Detergente 500g,Aseo,2,5731.6
2025-08-11,Frijol 500g,Granos,2,5265.01
2025-08-11,Galletas Chocolate,Snacks,10,3513.74
2025-08-11,Gaseosa Cola 400ml,Bebidas,21,2641.42
2025-08-11,Gaseosa Manzana 400ml,Bebidas,11,2866.84
2025-08-11,Harina Trigo 1kg,Despensa,3,4387.07
2025-08-11,Huevos x30,Despensa,2,16177.94
2025-08-11,Jabon Barra,Aseo,2,3239.78
2025-08-11,Jugo Mango 300ml,Bebidas,4,3276.47
2025-08-11,Leche Entera 900ml,Lacteos,9,4143.55
2025-08-11,Lenteja 500g,Granos,3,4896.72
2025-08-11,Mani 50g,Snacks,4,3097.55
2025-08-11,Pan Blandito x5,Panaderia,7,2570.99
2025-08-11,Pan Tajado 500g,Panaderia,11,5079.1
2025-08-11,Papas 30g,Snacks,7,2511.75
2025-08-11,Queso Campesino 250g,Lacteos,3,8294.94
2025-08-11,Sal 500g,Despensa,3,1884.68
2025-08-11,Yogurt Fresa 200ml,Lacteos,7,2586.97
2025-08-12,Aceite 1L,Despensa,3,16058.77
2025-08-12,Agua 600ml,Bebidas,10,2020.77
2025-08-12,Arroz 1kg,Despensa,6,4702.01
2025-08-12,Azucar 1kg,Despensa,1,5048.18
2025-08-12,Bebida Energetica 250ml,Bebidas,5,4544.2
2025-08-12,Cafe Molido 250g,Despensa,3,8996.71
2025-08-12,Cerveza Sixpack,Bebidas,1,14445.49
2025-08-12,Chitos 40g,Snacks,6,2766.38
2025-08-12,Detergente 500g,Aseo,5,6612.07
2025-08-12,Frijol 500g,Granos,3,4885.8
2025-08-12,Galletas Chocolate,Snacks,6,3505.94
2025-08-12,Gaseosa Cola 400ml,Bebidas,8,2824.24
2025-08-12,Gaseosa Manzana 400ml,Bebidas,10,2735.05
2025-08-12,Harina Trigo 1kg,Despensa,1,4147.76
2025-08-12,Huevos x30,Despensa,3,14396.41
2025-08-12,Jabon Barra,Aseo,1,3178.9
2025-08-12,Jugo Mango 300ml,Bebidas,8,3467.95
2025-08-12,Leche Entera 900ml,Lacteos,7,4501.34
2025-08-12,Lenteja 500g,Granos,2,4884.53
2025-08-12,Mani 50g,Snacks,7,3179.76
2025-08-12,Pan Blandito x5,Panaderia,4,3061.78
2025-08-12,Pan Tajado 500g,Panaderia,3,5793.63
2025-08-12,Papas 30g,Snacks,7,2535.16
2025-08-12,Papel Higienico x4,Aseo,4,9850.59
2025-08-12,Queso Campesino 250g,Lacteos,5,7675.56
2025-08-12,Sal 500g,Despensa,2,1812.02
2025-08-12,Yogurt Fresa 200ml,Lacteos,12,2582.02
2025-08-13,Aceite 1L,Despensa,2,14740.19
2025-08-13,Agua 600ml,Bebidas,11,2162.12
2025-08-13,Arroz 1kg,Despensa,5,4539.03
2025-08-13,Azucar 1kg,Despensa,1,4772.74
2025-08-13,Bebida Energetica 250ml,Bebidas,4,4593.51
2025-08-13,Cafe Molido 250g,Despensa,1,8642.2
2025-08-13,Cerveza Sixpack,Bebidas,1,14884.26
2025-08-13,Chitos 40g,Snacks,3,2526.18
2025-08-13,Detergente 500g,Aseo,1,6618.37
2025-08-13,Frijol 500g,Granos,1,5187.69
2025-08-13,Galletas Chocolate,Snacks,5,3707.26
2025-08-13,Gaseosa Cola 400ml,Bebidas,9,2844.46
2025-08-13,Gaseosa Manzana 400ml,Bebidas,11,2451.87
2025-08-13,Huevos x30,Despensa,1,16282.54
2025-08-13,Jabon Barra,Aseo,5,3099.45
2025-08-13,Jugo Mango 300ml,Bebidas,8,3187.98
2025-08-13,Leche Entera 900ml,Lacteos,11,3741.68
2025-08-13,Lenteja 500g,Granos,2,4736.27
2025-08-13,Mani 50g,Snacks,8,2986.01
2025-08-13,Pan Blandito x5,Panaderia,5,3268.71
2025-08-13,Pan Tajado 500g,Panaderia,2,5841.11
2025-08-13,Papas 30g,Snacks,7,2717.24
2025-08-13,Papel Higienico x4,Aseo,2,9850.13
2025-08-13,Queso Campesino 250g,Lacteos,2,7601.25
2025-08-13,Sal 500g,Despensa,4,1882.43
2025-08-13,Yogurt Fresa 200ml,Lacteos,5,2717.68
2025-08-14,Aceite 1L,Despensa,4,16118.44
2025-08-14,Agua 600ml,Bebidas,7,2054.25
2025-08-14,Arroz 1kg,Despensa,2,4536.9
2025-08-14,Azucar 1kg,Despensa,3,4695.46
2025-08-14,Bebida Energetica 250ml,Bebidas,2,4714.54
2025-08-14,Cafe Molido 250g,Despensa,4,9646.62
2025-08-14,Cerveza Sixpack,Bebidas,3,15609.74
2025-08-14,Chitos 40g,Snacks,8,2780.05
2025-08-14,Chocolate 250g,Despensa,3,8202.65
2025-08-14,Detergente 500g,Aseo,3,6719.37
2025-08-14,Frijol 500g,Granos,3,5157.81
2025-08-14,Galletas Chocolate,Snacks,3,3842.97
2025-08-14,Gaseosa Cola 400ml,Bebidas,21,2840.83
2025-08-14,Gaseosa Manzana 400ml,Bebidas,14,2722.23
2025-08-14,Harina Trigo 1kg,Despensa,3,4206.33
2025-08-14,Jabon Barra,Aseo,2,3479.07
2025-08-14,Jugo Mango 300ml,Bebidas,5,3250.34
2025-08-14,Leche Entera 900ml,Lacteos,10,3975.06
2025-08-14,Lenteja 500g,Granos,3,5180.72
2025-08-14,Mani 50g,Snacks,4,2893.86
2025-08-14,Pan Blandito x5,Panaderia,2,3046.7
2025-08-14,Pan Tajado 500g,Panaderia,5,5978.28
2025-08-14,Papas 30g,Snacks,10,2513.91
2025-08-14,Queso Campesino 250g,Lacteos,9,7761.18
2025-08-14,Sal 500g,Despensa,3,1812.34
2025-08-14,Yogurt Fresa 200ml,Lacteos,7,2620.62
2025-08-15,Aceite 1L,Despensa,2,15434.14
2025-08-15,Agua 600ml,Bebidas,14,1756.84
2025-08-15,Arroz 1kg,Despensa,7,4153.68
2025-08-15,Azucar 1kg,Despensa,1,5168.33
2025-08-15,Bebida Energetica 250ml,Bebidas,4,4672.85
2025-08-15,Cafe Molido 250g,Despensa,1,9165.03
2025-08-15,Cerveza Sixpack,Bebidas,7,12854.24
2025-08-15,Chitos 40g,Snacks,9,2459.64
2025-08-15,Chocolate 250g,Despensa,6,7519.26
2025-08-15,Detergente 500g,Aseo,2,7159.7
2025-08-15,Frijol 500g,Granos,2,5073.81
2025-08-15,Galletas Chocolate,Snacks,6,3588.69
2025-08-15,Gaseosa Cola 400ml,Bebidas,16,2882.8
2025-08-15,Gaseosa Manzana 400ml,Bebidas,15,3009.73
2025-08-15,Harina Trigo 1kg,Despensa,3,4335.19
2025-08-15,Huevos x30,Despensa,2,17383.81
2025-08-15,Jabon Barra,Aseo,1,3006.88
2025-08-15,Jugo Mango 300ml,Bebidas,14,3029.16
2025-08-15,Leche Entera 900ml,Lacteos,6,4202.66
2025-08-15,Lenteja 500g,Granos,2,4903.32
2025-08-15,Mani 50g,Snacks,4,2996.73
2025-08-15,Pan Blandito x5,Panaderia,9,3077.82
2025-08-15,Pan Tajado 500g,Panaderia,6,5995.36
2025-08-15,Papas 30g,Snacks,15,2719.69
2025-08-15,Papel Higienico x4,Aseo,1,9142.62
2025-08-15,Queso Campesino 250g,Lacteos,8,7918.28
2025-08-15,Sal 500g,Despensa,3,1946.98
2025-08-15,Yogurt Fresa 200ml,Lacteos,5,2516.9
2025-08-16,Aceite 1L,Despensa,3,15419.99
2025-08-16,Agua 600ml,Bebidas,9,2129.9
2025-08-16,Arroz 1kg,Despensa,3,4819.62
2025-08-16,Bebida Energetica 250ml,Bebidas,4,3799.59
2025-08-16,Cerveza Sixpack,Bebidas,3,14794.86
2025-08-16,Chitos 40g,Snacks,6,2302.03
2025-08-16,Chocolate 250g,Despensa,2,8560.17
2025-08-16,Detergente 500g,Aseo,1,6972.1
2025-08-16,Frijol 500g,Granos,3,5148.87
2025-08-16,Galletas Chocolate,Snacks,8,3526.76
2025-08-16,Gaseosa Cola 400ml,Bebidas,11,3061.52
2025-08-16,Gaseosa Manzana 400ml,Bebidas,15,2758.21
2025-08-16,Harina Trigo 1kg,Despensa,1,4257.07
2025-08-16,Huevos x30,Despensa,5,16353.75
2025-08-16,Jabon Barra,Aseo,2,3346.0
2025-08-16,Jugo Mango 300ml,Bebidas,4,3332.17
2025-08-16,Leche Entera 900ml,Lacteos,7,4225.44
2025-08-16,Lenteja 500g,Granos,2,5202.26
2025-08-16,Mani 50g,Snacks,5,2776.26
2025-08-16,Pan Blandito x5,Panaderia,8,2975.99
2025-08-16,Pan Tajado 500g,Panaderia,5,5734.31
2025-08-16,Papas 30g,Snacks,10,2507.57
2025-08-16,Papel Higienico x4,Aseo,1,9586.24
2025-08-16,Queso Campesino 250g,Lacteos,2,7989.51
2025-08-16,Sal 500g,Despensa,2,1907.26
2025-08-16,Yogurt Fresa 200ml,Lacteos,11,2610.16
2025-08-17,Aceite 1L,Despensa,6,15793.77
2025-08-17,Agua 600ml,Bebidas,11,2092.0
2025-08-17,Arroz 1kg,Despensa,15,3760.88
2025-08-17,Bebida Energetica 250ml,Bebidas,1,4461.56
2025-08-17,Cafe Molido 250g,Despensa,2,9677.14
2025-08-17,Cerveza Sixpack,Bebidas,5,13998.69
2025-08-17,Chitos 40g,Snacks,5,2616.58
2025-08-17,Chocolate 250g,Despensa,2,7846.7
2025-08-17,Frijol 500g,Granos,3,5021.92
2025-08-17,Galletas Chocolate,Snacks,9,3067.94
2025-08-17,Gaseosa Cola 400ml,Bebidas,13,2867.94
2025-08-17,Gaseosa Manzana 400ml,Bebidas,12,2946.95
2025-08-17,Harina Trigo 1kg,Despensa,1,4550.75
2025-08-17,Huevos x30,Despensa,3,15934.08
2025-08-17,Jugo Mango 300ml,Bebidas,12,3241.97
2025-08-17,Leche Entera 900ml,Lacteos,8,3993.22
2025-08-17,Lenteja 500g,Granos,3,5226.22
2025-08-17,Mani 50g,Snacks,5,3212.24
2025-08-17,Pan Blandito x5,Panaderia,3,3481.42
2025-08-17,Pan Tajado 500g,Panaderia,4,5537.21
2025-08-17,Papas 30g,Snacks,9,2700.25
2025-08-17,Papel Higienico x4,Aseo,1,9249.74
2025-08-17,Queso Campesino 250g,Lacteos,3,7659.2
2025-08-17,Sal 500g,Despensa,1,1908.42
2025-08-17,Yogurt Fresa 200ml,Lacteos,7,2767.84
2025-08-18,Aceite 1L,Despensa,3,15335.61
2025-08-18,Agua 600ml,Bebidas,9,2147.16
2025-08-18,Arroz 1kg,Despensa,5,4965.36
2025-08-18,Azucar 1kg,Despensa,3,4519.6
2025-08-18,Bebida Energetica 250ml,Bebidas,2,4633.43
2025-08-18,Cerveza Sixpack,Bebidas,5,15784.58
2025-08-18,Chitos 40g,Snacks,6,2536.56
2025-08-18,Chocolate 250g,Despensa,1,8438.1
2025-08-18,Detergente 500g,Aseo,4,6971.13
2025-08-18,Frijol 500g,Granos,1,5146.05
2025-08-18,Galletas Chocolate,Snacks,6,3523.85
2025-08-18,Gaseosa Cola 400ml,Bebidas,13,2979.27
2025-08-18,Gaseosa Manzana 400ml,Bebidas,7,2893.41
2025-08-18,Huevos x30,Despensa,3,16466.98
2025-08-18,Jabon Barra,Aseo,5,3081.29
2025-08-18,Jugo Mango 300ml,Bebidas,6,3298.72
2025-08-18,Leche Entera 900ml,Lacteos,10,4206.49
2025-08-18,Lenteja 500g,Granos,2,5039.43
2025-08-18,Mani 50g,Snacks,5,3130.58
2025-08-18,Pan Blandito x5,Panaderia,7,3006.02
2025-08-18,Pan Tajado 500g,Panaderia,1,6100.33
2025-08-18,Papas 30g,Snacks,9,2507.62
2025-08-18,Papel Higienico x4,Aseo,3,8996.91
2025-08-18,Queso Campesino 250g,Lacteos,8,7846.8
2025-08-18,Sal 500g,Despensa,1,1916.42
2025-08-18,Yogurt Fresa 200ml,Lacteos,4,2600.58
2025-08-19,Aceite 1L,Despensa,1,14709.93
2025-08-19,Agua 600ml,Bebidas,8,2092.89
2025-08-19,Arroz 1kg,Despensa,5,4782.87
2025-08-19,Azucar 1kg,Despensa,2,4903.16
2025-08-19,Bebida Energetica 250ml,Bebidas,2,4458.93
2025-08-19,Cafe Molido 250g,Despensa,3,9501.31
2025-08-19,Cerveza Sixpack,Bebidas,11,12119.64
2025-08-19,Chitos 40g,Snacks,9,2342.39
2025-08-19,Chocolate 250g,Despensa,2,8601.62
2025-08-19,Galletas Chocolate,Snacks,4,3531.62
2025-08-19,Gaseosa Cola 400ml,Bebidas,11,2849.34
2025-08-19,Gaseosa Manzana 400ml,Bebidas,9,2918.44
2025-08-19,Harina Trigo 1kg,Despensa,1,4095.9
2025-08-19,Huevos x30,Despensa,1,15447.53
2025-08-19,Jabon Barra,Aseo,3,3189.63
2025-08-19,Jugo Mango 300ml,Bebidas,2,3431.93
2025-08-19,Leche Entera 900ml,Lacteos,7,4197.42
2025-08-19,Lenteja 500g,Granos,1,4951.75
2025-08-19,Mani 50g,Snacks,4,3141.73
2025-08-19,Pan Blandito x5,Panaderia,8,3361.01
2025-08-19,Pan Tajado 500g,Panaderia,3,6084.78
2025-08-19,Papas 30g,Snacks,11,2127.87
2025-08-19,Papel Higienico x4,Aseo,4,9289.68
2025-08-19,Queso Campesino 250g,Lacteos,1,7855.83
2025-08-19,Sal 500g,Despensa,3,1595.47
2025-08-19,Yogurt Fresa 200ml,Lacteos,4,2452.86
2025-08-20,Agua 600ml,Bebidas,9,2101.7
2025-08-20,Arroz 1kg,Despensa,5,4475.94
2025-08-20,Azucar 1kg,Despensa,6,5028.44
2025-08-20,Bebida Energetica 250ml,Bebidas,1,4542.19
2025-08-20,Cafe Molido 250g,Despensa,3,9331.67
2025-08-20,Cerveza Sixpack,Bebidas,1,14532.7
2025-08-20,Chitos 40g,Snacks,1,2692.8
2025-08-20,Chocolate 250g,Despensa,3,7581.23
2025-08-20,Detergente 500g,Aseo,3,7393.52
2025-08-20,Frijol 500g,Granos,1,5374.78
2025-08-20,Galletas Chocolate,Snacks,4,3735.13
2025-08-20,Gaseosa Cola 400ml,Bebidas,7,2862.13
2025-08-20,Gaseosa Manzana 400ml,Bebidas,11,2804.08
2025-08-20,Harina Trigo 1kg,Despensa,1,4357.24
2025-08-20,Huevos x30,Despensa,4,16448.89
2025-08-20,Jabon Barra,Aseo,2,3206.32
2025-08-20,Jugo Mango 300ml,Bebidas,2,3322.43
2025-08-20,Leche Entera 900ml,Lacteos,7,4270.87
2025-08-20,Lenteja 500g,Granos,1,4746.31
2025-08-20,Mani 50g,Snacks,4,2993.56
2025-08-20,Pan Blandito x5,Panaderia,4,3099.43
2025-08-20,Pan Tajado 500g,Panaderia,9,5238.94
2025-08-20,Papas 30g,Snacks,11,2700.91
2025-08-20,Papel Higienico x4,Aseo,1,8814.67
2025-08-20,Queso Campesino 250g,Lacteos,5,7438.91
2025-08-20,Sal 500g,Despensa,1,1910.55
2025-08-20,Yogurt Fresa 200ml,Lacteos,3,2492.72
2025-08-21,Aceite 1L,Despensa,3,16333.84
2025-08-21,Agua 600ml,Bebidas,9,2094.56
2025-08-21,Arroz 1kg,Despensa,7,4450.55
2025-08-21,Azucar 1kg,Despensa,2,4787.91
2025-08-21,Bebida Energetica 250ml,Bebidas,4,4580.23
2025-08-21,Cafe Molido 250g,Despensa,7,7954.95
2025-08-21,Cerveza Sixpack,Bebidas,3,14715.87
2025-08-21,Chitos 40g,Snacks,1,2760.76
2025-08-21,Chocolate 250g,Despensa,3,8026.38
2025-08-21,Detergente 500g,Aseo,1,7075.43
2025-08-21,Frijol 500g,Granos,2,4830.32
2025-08-21,Galletas Chocolate,Snacks,6,3487.04
2025-08-21,Gaseosa Cola 400ml,Bebidas,9,2885.84
2025-08-21,Gaseosa Manzana 400ml,Bebidas,12,2965.01
2025-08-21,Huevos x30,Despensa,3,16367.87
2025-08-21,Jabon Barra,Aseo,2,3127.58
2025-08-21,Jugo Mango 300ml,Bebidas,7,3215.93
2025-08-21,Leche Entera 900ml,Lacteos,9,4147.59
2025-08-21,Lenteja 500g,Granos,6,5213.75
2025-08-21,Mani 50g,Snacks,5,2917.67
2025-08-21,Pan Blandito x5,Panaderia,4,3177.7
2025-08-21,Pan Tajado 500g,Panaderia,5,6403.81
2025-08-21,Papas 30g,Snacks,13,2282.44
2025-08-21,Papel Higienico x4,Aseo,1,9136.38
2025-08-21,Queso Campesino 250g,Lacteos,6,7831.98
2025-08-21,Sal 500g,Despensa,2,1994.91
2025-08-21,Yogurt Fresa 200ml,Lacteos,8,2569.45
2025-08-22,Aceite 1L,Despensa,2,16879.06
2025-08-22,Agua 600ml,Bebidas,9,2042.26
2025-08-22,Arroz 1kg,Despensa,6,4796.7
2025-08-22,Azucar 1kg,Despensa,2,4880.42
2025-08-22,Bebida Energetica 250ml,Bebidas,4,4482.29
2025-08-22,Cerveza Sixpack,Bebidas,3,14738.29
2025-08-22,Chitos 40g,Snacks,4,2766.02
2025-08-22,Detergente 500g,Aseo,2,6541.76
2025-08-22,Frijol 500g,Granos,5,5151.3
2025-08-22,Galletas Chocolate,Snacks,6,3671.04
2025-08-22,Gaseosa Cola 400ml,Bebidas,15,2813.73
2025-08-22,Gaseosa Manzana 400ml,Bebidas,10,2868.3
2025-08-22,Harina Trigo 1kg,Despensa,6,4355.96
2025-08-22,Huevos x30,Despensa,4,16524.04
2025-08-22,Jabon Barra,Aseo,3,3367.1
2025-08-22,Jugo Mango 300ml,Bebidas,8,3240.73
2025-08-22,Leche Entera 900ml,Lacteos,3,3994.99
2025-08-22,Mani 50g,Snacks,7,2861.85
2025-08-22,Pan Blandito x5,Panaderia,3,3298.29
2025-08-22,Pan Tajado 500g,Panaderia,7,5909.01
2025-08-22,Papas 30g,Snacks,14,2589.66
2025-08-22,Papel Higienico x4,Aseo,2,9053.93
2025-08-22,Queso Campesino 250g,Lacteos,2,7682.05
2025-08-22,Sal 500g,Despensa,1,1951.59
2025-08-22,Yogurt Fresa 200ml,Lacteos,8,2609.04
2025-08-23,Aceite 1L,Despensa,4,15992.62
2025-08-23,Agua 600ml,Bebidas,16,2162.04
2025-08-23,Arroz 1kg,Despensa,6,4767.32
2025-08-23,Azucar 1kg,Despensa,1,4905.61
2025-08-23,Bebida Energetica 250ml,Bebidas,6,4413.27
2025-08-23,Cerveza Sixpack,Bebidas,5,15371.42
2025-08-23,Chitos 40g,Snacks,5,2703.26
2025-08-23,Chocolate 250g,Despensa,1,8348.2
2025-08-23,Frijol 500g,Granos,2,5291.41
2025-08-23,Galletas Chocolate,Snacks,3,3556.9
2025-08-23,Gaseosa Cola 400ml,Bebidas,13,2949.43
2025-08-23,Gaseosa Manzana 400ml,Bebidas,12,2918.42
2025-08-23,Harina Trigo 1kg,Despensa,2,4211.12
2025-08-23,Huevos x30,Despensa,3,16705.64
2025-08-23,Jugo Mango 300ml,Bebidas,4,3155.44
2025-08-23,Leche Entera 900ml,Lacteos,6,4191.86
2025-08-23,Mani 50g,Snacks,4,2857.37
2025-08-23,Pan Blandito x5,Panaderia,5,3219.01
2025-08-23,Pan Tajado 500g,Panaderia,4,6009.15
2025-08-23,Papas 30g,Snacks,18,2172.36
2025-08-23,Papel Higienico x4,Aseo,2,8640.52
2025-08-23,Queso Campesino 250g,Lacteos,6,7666.91
2025-08-23,Sal 500g,Despensa,2,1890.46
2025-08-23,Yogurt Fresa 200ml,Lacteos,4,2651.04
2025-08-24,Aceite 1L,Despensa,7,15786.54
2025-08-24,Agua 600ml,Bebidas,12,2122.28
2025-08-24,Arroz 1kg,Despensa,6,4777.77
2025-08-24,Azucar 1kg,Despensa,3,5006.5
2025-08-24,Bebida Energetica 250ml,Bebidas,6,4494.91
2025-08-24,Cafe Molido 250g,Despensa,3,8813.64
2025-08-24,Cerveza Sixpack,Bebidas,10,14847.85
2025-08-24,Chitos 40g,Snacks,9,2688.95
2025-08-24,Chocolate 250g,Despensa,2,8226.9
2025-08-24,Detergente 500g,Aseo,7,6637.3
2025-08-24,Frijol 500g,Granos,1,5220.29
2025-08-24,Galletas Chocolate,Snacks,6,3657.41
2025-08-24,Gaseosa Cola 400ml,Bebidas,18,3034.3
2025-08-24,Gaseosa Manzana 400ml,Bebidas,11,2849.52
2025-08-24,Harina Trigo 1kg,Despensa,3,3294.48
2025-08-24,Huevos x30,Despensa,3,15265.04
2025-08-24,Jabon Barra,Aseo,3,3156.19
2025-08-24,Jugo Mango 300ml,Bebidas,8,3408.89
2025-08-24,Leche Entera 900ml,Lacteos,9,4260.99
2025-08-24,Lenteja 500g,Granos,1,5323.72
2025-08-24,Mani 50g,Snacks,8,3032.42
2025-08-24,Pan Blandito x5,Panaderia,6,2675.01
2025-08-24,Pan Tajado 500g,Panaderia,4,6041.07
2025-08-24,Papas 30g,Snacks,12,2392.44
2025-08-24,Papel Higienico x4,Aseo,5,9388.04
2025-08-24,Queso Campesino 250g,Lacteos,3,7891.17
2025-08-24,Sal 500g,Despensa,2,1872.92
2025-08-24,Yogurt Fresa 200ml,Lacteos,4,2487.91
2025-08-25,Agua 600ml,Bebidas,9,2133.98
2025-08-25,Arroz 1kg,Despensa,5,4825.44
2025-08-25,Azucar 1kg,Despensa,2,4873.62
2025-08-25,Bebida Energetica 250ml,Bebidas,3,3659.1
2025-08-25,Cafe Molido 250g,Despensa,2,8522.64
2025-08-25,Cerveza Sixpack,Bebidas,2,15271.81
2025-08-25,Chitos 40g,Snacks,4,2770.2
2025-08-25,Chocolate 250g,Despensa,3,7913.39
2025-08-25,Detergente 500g,Aseo,2,7340.88
2025-08-25,Frijol 500g,Granos,4,5132.0
2025-08-25,Galletas Chocolate,Snacks,8,3714.08
2025-08-25,Gaseosa Cola 400ml,Bebidas,13,2757.44
2025-08-25,Gaseosa Manzana 400ml,Bebidas,17,2330.07
2025-08-25,Harina Trigo 1kg,Despensa,1,4431.02
2025-08-25,Huevos x30,Despensa,4,16853.9
2025-08-25,Jugo Mango 300ml,Bebidas,11,3411.11
2025-08-25,Leche Entera 900ml,Lacteos,5,4140.66
2025-08-25,Lenteja 500g,Granos,6,5010.36
2025-08-25,Mani 50g,Snacks,1,3029.57
2025-08-25,Pan Blandito x5,Panaderia,2,2862.06
2025-08-25,Pan Tajado 500g,Panaderia,4,5847.99
2025-08-25,Papas 30g,Snacks,7,2453.92
2025-08-25,Papel Higienico x4,Aseo,2,9297.29
2025-08-25,Queso Campesino 250g,Lacteos,4,7732.63
2025-08-25,Sal 500g,Despensa,1,1837.47
2025-08-25,Yogurt Fresa 200ml,Lacteos,3,2277.08
2025-08-26,Aceite 1L,Despensa,3,15213.0
2025-08-26,Agua 600ml,Bebidas,13,2067.37
2025-08-26,Arroz 1kg,Despensa,3,4568.42
2025-08-26,Azucar 1kg,Despensa,1,4950.18
2025-08-26,Bebida Energetica 250ml,Bebidas,4,4630.46
2025-08-26,Cafe Molido 250g,Despensa,3,7073.73
2025-08-26,Cerveza Sixpack,Bebidas,4,14288.1
2025-08-26,Chitos 40g,Snacks,4,2604.25
2025-08-26,Chocolate 250g,Despensa,2,7086.36
2025-08-26,Frijol 500g,Granos,5,4831.23
2025-08-26,Galletas Chocolate,Snacks,4,3656.27
2025-08-26,Gaseosa Cola 400ml,Bebidas,18,2603.44
2025-08-26,Gaseosa Manzana 400ml,Bebidas,10,2800.18
2025-08-26,Huevos x30,Despensa,3,16272.51
2025-08-26,Jugo Mango 300ml,Bebidas,3,3441.68
2025-08-26,Leche Entera 900ml,Lacteos,4,4344.09
2025-08-26,Lenteja 500g,Granos,2,4728.93
2025-08-26,Mani 50g,Snacks,2,3015.0
2025-08-26,Pan Blandito x5,Panaderia,4,3148.69
2025-08-26,Pan Tajado 500g,Panaderia,2,5972.66
2025-08-26,Papas 30g,Snacks,13,2255.44
2025-08-26,Papel Higienico x4,Aseo,5,9397.51
2025-08-26,Yogurt Fresa 200ml,Lacteos,4,2732.68
2025-08-27,Aceite 1L,Despensa,3,14555.01
2025-08-27,Agua 600ml,Bebidas,5,2178.4
2025-08-27,Arroz 1kg,Despensa,4,4607.62
2025-08-27,Azucar 1kg,Despensa,5,4617.54
2025-08-27,Bebida Energetica 250ml,Bebidas,4,4428.15
2025-08-27,Cafe Molido 250g,Despensa,3,8939.87
2025-08-27,Cerveza Sixpack,Bebidas,1,14863.77
2025-08-27,Chitos 40g,Snacks,3,2720.8
2025-08-27,Chocolate 250g,Despensa,4,8564.91
2025-08-27,Detergente 500g,Aseo,2,6164.79
2025-08-27,Frijol 500g,Granos,1,5620.03
2025-08-27,Galletas Chocolate,Snacks,4,3473.45
2025-08-27,Gaseosa Cola 400ml,Bebidas,8,3007.53
2025-08-27,Gaseosa Manzana 400ml,Bebidas,14,2865.72
2025-08-27,Huevos x30,Despensa,2,17103.08
2025-08-27,Jabon Barra,Aseo,2,3212.43
2025-08-27,Jugo Mango 300ml,Bebidas,6,3270.11
2025-08-27,Leche Entera 900ml,Lacteos,9,4067.45
2025-08-27,Lenteja 500g,Granos,3,4842.9
2025-08-27,Mani 50g,Snacks,1,2872.1
2025-08-27,Pan Blandito x5,Panaderia,1,3207.46
2025-08-27,Pan Tajado 500g,Panaderia,3,6218.03
2025-08-27,Papas 30g,Snacks,12,2542.89
2025-08-27,Papel Higienico x4,Aseo,2,9569.96
2025-08-27,Queso Campesino 250g,Lacteos,2,7544.93
2025-08-27,Sal 500g,Despensa,2,1923.3
2025-08-27,Yogurt Fresa 200ml,Lacteos,8,2652.23
2025-08-28,Aceite 1L,Despensa,4,17072.32
2025-08-28,Agua 600ml,Bebidas,7,2003.48
2025-08-28,Arroz 1kg,Despensa,1,4750.74
2025-08-28,Bebida Energetica 250ml,Bebidas,5,4403.96
2025-08-28,Cafe Molido 250g,Despensa,3,8840.35
2025-08-28,Cerveza Sixpack,Bebidas,2,14610.06
2025-08-28,Chitos 40g,Snacks,3,2721.04
2025-08-28,Chocolate 250g,Despensa,3,8593.72
2025-08-28,Detergente 500g,Aseo,1,6627.2
2025-08-28,Frijol 500g,Granos,1,5288.29
2025-08-28,Galletas Chocolate,Snacks,4,3680.48
2025-08-28,Gaseosa Cola 400ml,Bebidas,15,2428.78
2025-08-28,Gaseosa Manzana 400ml,Bebidas,11,2898.47
2025-08-28,Harina Trigo 1kg,Despensa,1,4259.36
2025-08-28,Huevos x30,Despensa,1,16757.09
2025-08-28,Jugo Mango 300ml,Bebidas,6,3138.34
2025-08-28,Leche Entera 900ml,Lacteos,10,4165.63
2025-08-28,Lenteja 500g,Granos,3,5136.72
2025-08-28,Mani 50g,Snacks,4,2985.84
2025-08-28,Pan Blandito x5,Panaderia,2,2951.16
2025-08-28,Pan Tajado 500g,Panaderia,4,5694.93
2025-08-28,Papas 30g,Snacks,6,2496.07
2025-08-28,Papel Higienico x4,Aseo,3,9750.76
2025-08-28,Queso Campesino 250g,Lacteos,3,8112.97
2025-08-28,Sal 500g,Despensa,2,1883.38
2025-08-28,Yogurt Fresa 200ml,Lacteos,6,2170.83
2025-08-29,Aceite 1L,Despensa,2,16100.81
2025-08-29,Agua 600ml,Bebidas,6,2083.76
2025-08-29,Arroz 1kg,Despensa,6,4672.12
2025-08-29,Azucar 1kg,Despensa,4,5015.89
2025-08-29,Bebida Energetica 250ml,Bebidas,8,4554.46
2025-08-29,Cafe Molido 250g,Despensa,5,8709.19
2025-08-29,Cerveza Sixpack,Bebidas,8,14826.33
2025-08-29,Chitos 40g,Snacks,13,2565.14
2025-08-29,Chocolate 250g,Despensa,1,8379.07
2025-08-29,Detergente 500g,Aseo,4,6876.04
2025-08-29,Frijol 500g,Granos,2,5385.39
2025-08-29,Galletas Chocolate,Snacks,3,3447.55
2025-08-29,Gaseosa Cola 400ml,Bebidas,19,2824.47
2025-08-29,Gaseosa Manzana 400ml,Bebidas,24,2626.21
2025-08-29,Harina Trigo 1kg,Despensa,2,4138.95
2025-08-29,Huevos x30,Despensa,3,16037.8
2025-08-29,Jugo Mango 300ml,Bebidas,6,3259.47
2025-08-29,Leche Entera 900ml,Lacteos,8,4140.3
2025-08-29,Mani 50g,Snacks,6,2901.07
2025-08-29,Pan Blandito x5,Panaderia,2,3245.47
2025-08-29,Pan Tajado 500g,Panaderia,3,5895.61
2025-08-29,Papas 30g,Snacks,17,2591.16
2025-08-29,Papel Higienico x4,Aseo,1,9615.89
2025-08-29,Queso Campesino 250g,Lacteos,3,7862.93
2025-08-29,Yogurt Fresa 200ml,Lacteos,10,2679.83
2025-08-30,Aceite 1L,Despensa,2,16066.58
2025-08-30,Agua 600ml,Bebidas,15,1931.85
2025-08-30,Arroz 1kg,Despensa,8,4489.4
2025-08-30,Azucar 1kg,Despensa,3,4737.45
2025-08-30,Bebida Energetica 250ml,Bebidas,10,4155.39
2025-08-30,Cafe Molido 250g,Despensa,1,9168.99
2025-08-30,Cerveza Sixpack,Bebidas,2,14543.23
2025-08-30,Chitos 40g,Snacks,7,2604.8
2025-08-30,Chocolate 250g,Despensa,2,8324.24
2025-08-30,Detergente 500g,Aseo,1,5793.32
2025-08-30,Galletas Chocolate,Snacks,5,3549.97
2025-08-30,Gaseosa Cola 400ml,Bebidas,19,2819.69
2025-08-30,Gaseosa Manzana 400ml,Bebidas,6,2678.19
2025-08-30,Harina Trigo 1kg,Despensa,1,4358.13
2025-08-30,Huevos x30,Despensa,2,16222.79
2025-08-30,Jabon Barra,Aseo,2,3209.47
2025-08-30,Jugo Mango 300ml,Bebidas,8,3393.6
2025-08-30,Leche Entera 900ml,Lacteos,8,4481.31
2025-08-30,Lenteja 500g,Granos,4,4720.45
2025-08-30,Mani 50g,Snacks,5,2955.97
2025-08-30,Pan Blandito x5,Panaderia,9,3239.2
2025-08-30,Pan Tajado 500g,Panaderia,8,6046.75
2025-08-30,Papas 30g,Snacks,20,2612.1
2025-08-30,Papel Higienico x4,Aseo,1,9305.69
2025-08-30,Queso Campesino 250g,Lacteos,6,8371.7
2025-08-30,Sal 500g,Despensa,3,1988.27
2025-08-30,Yogurt Fresa 200ml,Lacteos,6,2562.27
2025-08-31,Aceite 1L,Despensa,1,15623.13
2025-08-31,Agua 600ml,Bebidas,10,2080.31
2025-08-31,Arroz 1kg,Despensa,6,4550.75
2025-08-31,Azucar 1kg,Despensa,2,4668.33
2025-08-31,Bebida Energetica 250ml,Bebidas,5,4391.08
2025-08-31,Cafe Molido 250g,Despensa,2,8932.3
2025-08-31,Cerveza Sixpack,Bebidas,4,14674.53
2025-08-31,Chitos 40g,Snacks,2,2673.33
2025-08-31,Detergente 500g,Aseo,2,6927.79
2025-08-31,Frijol 500g,Granos,1,5433.06
2025-08-31,Galletas Chocolate,Snacks,6,3444.33
2025-08-31,Gaseosa Cola 400ml,Bebidas,7,2842.27
2025-08-31,Gaseosa Manzana 400ml,Bebidas,7,2802.35
2025-08-31,Harina Trigo 1kg,Despensa,1,4421.17
2025-08-31,Huevos x30,Despensa,2,16408.94
2025-08-31,Jabon Barra,Aseo,3,3278.12
2025-08-31,Jugo Mango 300ml,Bebidas,6,3413.66
2025-08-31,Leche Entera 900ml,Lacteos,7,4222.17
2025-08-31,Mani 50g,Snacks,5,2988.49
2025-08-31,Pan Blandito x5,Panaderia,7,2993.29
2025-08-31,Pan Tajado 500g,Panaderia,4,5694.61
2025-08-31,Papas 30g,Snacks,8,2609.27
2025-08-31,Queso Campesino 250g,Lacteos,8,8175.24
2025-08-31,Sal 500g,Despensa,1,1966.39
2025-08-31,Yogurt Fresa 200ml,Lacteos,10,2620.21
2025-09-01,Aceite 1L,Despensa,2,16557.54
2025-09-01,Agua 600ml,Bebidas,9,2211.62
2025-09-01,Arroz 1kg,Despensa,5,4555.23
2025-09-01,Azucar 1kg,Despensa,2,4558.11
2025-09-01,Cafe Molido 250g,Despensa,6,9423.52
2025-09-01,Cerveza Sixpack,Bebidas,2,14425.42
2025-09-01,Chitos 40g,Snacks,3,2668.73
2025-09-01,Chocolate 250g,Despensa,1,8361.29
2025-09-01,Detergente 500g,Aseo,2,6698.25
2025-09-01,Frijol 500g,Granos,4,4834.13
2025-09-01,Galletas Chocolate,Snacks,5,3660.35
2025-09-01,Gaseosa Cola 400ml,Bebidas,10,3009.35
2025-09-01,Gaseosa Manzana 400ml,Bebidas,13,2775.69
2025-09-01,Huevos x30,Despensa,3,17087.32
2025-09-01,Jabon Barra,Aseo,3,3228.21
2025-09-01,Jugo Mango 300ml,Bebidas,7,3067.84
2025-09-01,Leche Entera 900ml,Lacteos,7,4247.02
2025-09-01,Lenteja 500g,Granos,2,5269.49
2025-09-01,Mani 50g,Snacks,8,3040.34
2025-09-01,Pan Blandito x5,Panaderia,4,3303.43
2025-09-01,Pan Tajado 500g,Panaderia,5,5678.15
2025-09-01,Papas 30g,Snacks,9,2554.04
2025-09-01,Papel Higienico x4,Aseo,1,9259.15
2025-09-01,Queso Campesino 250g,Lacteos,3,7706.34
2025-09-01,Sal 500g,Despensa,3,1858.92
2025-09-01,Yogurt Fresa 200ml,Lacteos,2,2445.56
2025-09-02,Aceite 1L,Despensa,5,16579.4
2025-09-02,Agua 600ml,Bebidas,4,2110.07
2025-09-02,Arroz 1kg,Despensa,9,4572.93
2025-09-02,Azucar 1kg,Despensa,2,4927.74
2025-09-02,Bebida Energetica 250ml,Bebidas,2,4314.9
2025-09-02,Cafe Molido 250g,Despensa,2,9235.03
2025-09-02,Cerveza Sixpack,Bebidas,3,14796.54
2025-09-02,Chitos 40g,Snacks,5,3008.92
2025-09-02,Chocolate 250g,Despensa,3,7925.63
2025-09-02,Detergente 500g,Aseo,6,6580.05
2025-09-02,Frijol 500g,Granos,2,5369.83
2025-09-02,Galletas Chocolate,Snacks,5,3479.71
2025-09-02,Gaseosa Cola 400ml,Bebidas,10,2734.4
2025-09-02,Gaseosa Manzana 400ml,Bebidas,11,2717.53
2025-09-02,Harina Trigo 1kg,Despensa,2,4407.58
2025-09-02,Huevos x30,Despensa,2,16781.5
2025-09-02,Jabon Barra,Aseo,4,3413.08
2025-09-02,Jugo Mango 300ml,Bebidas,9,3253.17
2025-09-02,Leche Entera 900ml,Lacteos,8,4236.26
2025-09-02,Lenteja 500g,Granos,1,5052.6
2025-09-02,Mani 50g,Snacks,4,3061.87
2025-09-02,Pan Blandito x5,Panaderia,15,2736.37
2025-09-02,Pan Tajado 500g,Panaderia,1,5068.33
2025-09-02,Papas 30g,Snacks,13,2555.26
2025-09-02,Queso Campesino 250g,Lacteos,5,7797.14
2025-09-02,Sal 500g,Despensa,2,1869.03
2025-09-02,Yogurt Fresa 200ml,Lacteos,5,2731.86
2025-09-03,Aceite 1L,Despensa,2,15532.62
2025-09-03,Agua 600ml,Bebidas,4,2020.68
2025-09-03,Arroz 1kg,Despensa,3,4707.84
2025-09-03,Azucar 1kg,Despensa,4,4668.12
2025-09-03,Bebida Energetica 250ml,Bebidas,6,4525.94
2025-09-03,Cafe Molido 250g,Despensa,2,8928.83
2025-09-03,Cerveza Sixpack,Bebidas,3,15381.59
2025-09-03,Chitos 40g,Snacks,4,2581.39
2025-09-03,Chocolate 250g,Despensa,4,8997.32
2025-09-03,Frijol 500g,Granos,3,5284.51
2025-09-03,Galletas Chocolate,Snacks,7,3441.92
2025-09-03,Gaseosa Cola 400ml,Bebidas,8,2893.18
2025-09-03,Gaseosa Manzana 400ml,Bebidas,12,2956.27
2025-09-03,Harina Trigo 1kg,Despensa,4,4092.24
2025-09-03,Huevos x30,Despensa,1,16351.73
2025-09-03,Jabon Barra,Aseo,3,3258.19
2025-09-03,Jugo Mango 300ml,Bebidas,2,3414.09
2025-09-03,Leche Entera 900ml,Lacteos,3,4367.03
2025-09-03,Lenteja 500g,Granos,3,4863.04
2025-09-03,Mani 50g,Snacks,3,3122.76
2025-09-03,Pan Blandito x5,Panaderia,3,3206.23
2025-09-03,Pan Tajado 500g,Panaderia,3,5753.93
2025-09-03,Papas 30g,Snacks,13,2687.17
2025-09-03,Queso Campesino 250g,Lacteos,3,8150.01
2025-09-03,Yogurt Fresa 200ml,Lacteos,8,2686.53
2025-09-04,Agua 600ml,Bebidas,8,2082.15
2025-09-04,Arroz 1kg,Despensa,4,4951.67
2025-09-04,Azucar 1kg,Despensa,4,4945.14
2025-09-04,Bebida Energetica 250ml,Bebidas,6,4383.91
2025-09-04,Cerveza Sixpack,Bebidas,2,16070.55
2025-09-04,Chitos 40g,Snacks,5,2742.22
2025-09-04,Detergente 500g,Aseo,1,6656.03
2025-09-04,Frijol 500g,Granos,1,4871.93
2025-09-04,Galletas Chocolate,Snacks,3,3525.75
2025-09-04,Gaseosa Cola 400ml,Bebidas,8,2596.06
2025-09-04,Gaseosa Manzana 400ml,Bebidas,8,2642.52
2025-09-04,Harina Trigo 1kg,Despensa,5,3596.36
2025-09-04,Huevos x30,Despensa,5,18133.5
2025-09-04,Jugo Mango 300ml,Bebidas,5,3170.97
2025-09-04,Leche Entera 900ml,Lacteos,6,4087.85
2025-09-04,Mani 50g,Snacks,1,3015.96
2025-09-04,Pan Blandito x5,Panaderia,3,2997.04
2025-09-04,Pan Tajado 500g,Panaderia,7,5741.46
2025-09-04,Papas 30g,Snacks,4,2647.53
2025-09-04,Papel Higienico x4,Aseo,3,9989.49
2025-09-04,Queso Campesino 250g,Lacteos,3,8182.45
2025-09-04,Sal 500g,Despensa,4,1842.31
2025-09-04,Yogurt Fresa 200ml,Lacteos,6,2693.82
2025-09-05,Aceite 1L,Despensa,3,15250.7
2025-09-05,Agua 600ml,Bebidas,7,2151.85
2025-09-05,Arroz 1kg,Despensa,6,4686.36
2025-09-05,Azucar 1kg,Despensa,1,4653.68
2025-09-05,Bebida Energetica 250ml,Bebidas,4,4519.35
2025-09-05,Cafe Molido 250g,Despensa,3,9475.69
2025-09-05,Cerveza Sixpack,Bebidas,4,15231.76
2025-09-05,Chitos 40g,Snacks,9,2761.46
2025-09-05,Chocolate 250g,Despensa,3,8477.28
2025-09-05,Detergente 500g,Aseo,1,6619.59
2025-09-05,Frijol 500g,Granos,1,5159.88
2025-09-05,Galletas Chocolate,Snacks,8,3603.71
2025-09-05,Gaseosa Cola 400ml,Bebidas,14,2906.82
2025-09-05,Gaseosa Manzana 400ml,Bebidas,6,2938.1
2025-09-05,Harina Trigo 1kg,Despensa,3,4419.72
2025-09-05,Huevos x30,Despensa,2,16511.31
2025-09-05,Jabon Barra,Aseo,1,3023.78
2025-09-05,Jugo Mango 300ml,Bebidas,7,3284.31
2025-09-05,Leche Entera 900ml,Lacteos,7,4029.35
2025-09-05,Lenteja 500g,Granos,3,4938.88
2025-09-05,Mani 50g,Snacks,5,2931.95
2025-09-05,Pan Blandito x5,Panaderia,4,3164.47
2025-09-05,Pan Tajado 500g,Panaderia,7,5922.72
2025-09-05,Papas 30g,Snacks,11,2645.26
2025-09-05,Papel Higienico x4,Aseo,3,8980.24
2025-09-05,Queso Campesino 250g,Lacteos,6,7634.54
2025-09-05,Sal 500g,Despensa,1,1935.14
2025-09-05,Yogurt Fresa 200ml,Lacteos,6,2556.79
2025-09-06,Aceite 1L,Despensa,3,15492.89
2025-09-06,Agua 600ml,Bebidas,10,2088.34
2025-09-06,Arroz 1kg,Despensa,4,4671.67
2025-09-06,Azucar 1kg,Despensa,2,4711.13
2025-09-06,Bebida Energetica 250ml,Bebidas,1,4626.22
2025-09-06,Cafe Molido 250g,Despensa,2,9014.77
2025-09-06,Cerveza Sixpack,Bebidas,2,14995.09
2025-09-06,Chitos 40g,Snacks,7,2753.83
2025-09-06,Chocolate 250g,Despensa,5,8467.57
2025-09-06,Detergente 500g,Aseo,1,6721.13
2025-09-06,Frijol 500g,Granos,2,5286.97
2025-09-06,Galletas Chocolate,Snacks,13,3227.72
2025-09-06,Gaseosa Cola 400ml,Bebidas,13,2890.31
2025-09-06,Gaseosa Manzana 400ml,Bebidas,14,2973.27
2025-09-06,Harina Trigo 1kg,Despensa,2,4479.11
2025-09-06,Huevos x30,Despensa,3,16249.94
2025-09-06,Jabon Barra,Aseo,6,3119.01
2025-09-06,Jugo Mango 300ml,Bebidas,12,2908.44
2025-09-06,Leche Entera 900ml,Lacteos,9,4262.14
2025-09-06,Lenteja 500g,Granos,1,4841.1
2025-09-06,Mani 50g,Snacks,4,3010.43
2025-09-06,Pan Blandito x5,Panaderia,8,3253.74
2025-09-06,Pan Tajado 500g,Panaderia,12,5356.43
2025-09-06,Papas 30g,Snacks,12,2633.88
2025-09-06,Papel Higienico x4,Aseo,3,8607.11
2025-09-06,Queso Campesino 250g,Lacteos,3,7758.57
2025-09-06,Sal 500g,Despensa,1,1887.05
2025-09-06,Yogurt Fresa 200ml,Lacteos,6,2588.6
2025-09-07,Aceite 1L,Despensa,1,15365.01
2025-09-07,Agua 600ml,Bebidas,9,2205.01
2025-09-07,Arroz 1kg,Despensa,6,4409.63
2025-09-07,Azucar 1kg,Despensa,2,4689.12
2025-09-07,Bebida Energetica 250ml,Bebidas,4,4562.91
2025-09-07,Cerveza Sixpack,Bebidas,5,14738.01
2025-09-07,Chitos 40g,Snacks,4,2573.2
2025-09-07,Chocolate 250g,Despensa,1,8836.67
2025-09-07,Detergente 500g,Aseo,1,6279.0
2025-09-07,Frijol 500g,Granos,3,5351.33
2025-09-07,Galletas Chocolate,Snacks,8,3501.67
2025-09-07,Gaseosa Cola 400ml,Bebidas,16,2640.02
2025-09-07,Gaseosa Manzana 400ml,Bebidas,10,2755.22
2025-09-07,Harina Trigo 1kg,Despensa,1,4337.09
2025-09-07,Huevos x30,Despensa,1,15963.67
2025-09-07,Jabon Barra,Aseo,5,3226.25
2025-09-07,Jugo Mango 300ml,Bebidas,5,3322.4
2025-09-07,Leche Entera 900ml,Lacteos,8,3818.33
2025-09-07,Mani 50g,Snacks,7,3216.51
2025-09-07,Pan Blandito x5,Panaderia,2,3037.13
2025-09-07,Pan Tajado 500g,Panaderia,2,6336.91
2025-09-07,Papas 30g,Snacks,5,2471.07
2025-09-07,Papel Higienico x4,Aseo,3,8468.56
2025-09-07,Queso Campesino 250g,Lacteos,7,7733.24
2025-09-07,Sal 500g,Despensa,5,1677.49
2025-09-07,Yogurt Fresa 200ml,Lacteos,7,2585.5
2025-09-08,Aceite 1L,Despensa,5,16931.86
2025-09-08,Agua 600ml,Bebidas,3,2194.36
2025-09-08,Arroz 1kg,Despensa,5,4815.4
2025-09-08,Azucar 1kg,Despensa,3,4793.35
2025-09-08,Bebida Energetica 250ml,Bebidas,1,4418.3
2025-09-08,Cafe Molido 250g,Despensa,4,8557.29
2025-09-08,Cerveza Sixpack,Bebidas,2,14751.0
2025-09-08,Chitos 40g,Snacks,2,2772.65
2025-09-08,Chocolate 250g,Despensa,4,8450.02
2025-09-08,Detergente 500g,Aseo,3,6568.81
2025-09-08,Frijol 500g,Granos,3,4420.23
2025-09-08,Galletas Chocolate,Snacks,4,3183.05
2025-09-08,Gaseosa Cola 400ml,Bebidas,15,3054.41
2025-09-08,Gaseosa Manzana 400ml,Bebidas,8,2518.73
2025-09-08,Harina Trigo 1kg,Despensa,5,4107.25
2025-09-08,Huevos x30,Despensa,4,15643.91
2025-09-08,Jabon Barra,Aseo,1,3186.87
2025-09-08,Jugo Mango 300ml,Bebidas,5,3282.34
2025-09-08,Leche Entera 900ml,Lacteos,11,3985.41
2025-09-08,Lenteja 500g,Granos,6,4905.59
2025-09-08,Mani 50g,Snacks,4,2941.09
2025-09-08,Pan Blandito x5,Panaderia,5,3055.14
2025-09-08,Pan Tajado 500g,Panaderia,3,5825.64
2025-09-08,Papas 30g,Snacks,11,2650.77
2025-09-08,Papel Higienico x4,Aseo,2,8803.28
2025-09-08,Queso Campesino 250g,Lacteos,13,6512.43
2025-09-08,Sal 500g,Despensa,3,1874.32
2025-09-08,Yogurt Fresa 200ml,Lacteos,6,2457.73
2025-09-09,Aceite 1L,Despensa,1,16405.04
2025-09-09,Agua 600ml,Bebidas,11,2119.12
2025-09-09,Arroz 1kg,Despensa,4,4899.01
2025-09-09,Azucar 1kg,Despensa,2,4833.35
2025-09-09,Bebida Energetica 250ml,Bebidas,4,4566.65
2025-09-09,Cafe Molido 250g,Despensa,2,9073.78
2025-09-09,Cerveza Sixpack,Bebidas,2,14920.24
2025-09-09,Chitos 40g,Snacks,1,2697.27
2025-09-09,Chocolate 250g,Despensa,1,8585.32
2025-09-09,Detergente 500g,Aseo,2,6676.74
2025-09-09,Frijol 500g,Granos,5,5102.2
2025-09-09,Galletas Chocolate,Snacks,8,3593.38
2025-09-09,Gaseosa Cola 400ml,Bebidas,13,2845.85
2025-09-09,Gaseosa Manzana 400ml,Bebidas,3,2907.31
2025-09-09,Harina Trigo 1kg,Despensa,5,4325.4
2025-09-09,Huevos x30,Despensa,4,16449.82
2025-09-09,Jabon Barra,Aseo,2,2942.62
2025-09-09,Jugo Mango 300ml,Bebidas,5,3253.94
2025-09-09,Leche Entera 900ml,Lacteos,9,4211.16
2025-09-09,Lenteja 500g,Granos,1,4997.66
2025-09-09,Mani 50g,Snacks,2,2998.15
2025-09-09,Pan Blandito x5,Panaderia,6,2977.26
2025-09-09,Pan Tajado 500g,Panaderia,6,5844.99
2025-09-09,Papas 30g,Snacks,7,2423.14
2025-09-09,Queso Campesino 250g,Lacteos,9,6936.8
2025-09-09,Sal 500g,Despensa,2,1873.19
2025-09-09,Yogurt Fresa 200ml,Lacteos,6,2826.25
2025-09-10,Aceite 1L,Despensa,2,16591.87
2025-09-10,Agua 600ml,Bebidas,8,2105.52
2025-09-10,Arroz 1kg,Despensa,4,4867.26
2025-09-10,Azucar 1kg,Despensa,3,5036.71
2025-09-10,Bebida Energetica 250ml,Bebidas,3,3985.9
2025-09-10,Cafe Molido 250g,Despensa,2,7455.4
2025-09-10,Cerveza Sixpack,Bebidas,1,15469.87
2025-09-10,Chitos 40g,Snacks,4,2694.34
2025-09-10,Chocolate 250g,Despensa,1,8399.26
2025-09-10,Detergente 500g,Aseo,3,6214.98
2025-09-10,Frijol 500g,Granos,1,5272.16
2025-09-10,Galletas Chocolate,Snacks,8,3464.12
2025-09-10,Gaseosa Cola 400ml,Bebidas,8,2844.63
2025-09-10,Gaseosa Manzana 400ml,Bebidas,9,2791.77
2025-09-10,Harina Trigo 1kg,Despensa,1,4147.16
2025-09-10,Huevos x30,Despensa,3,16226.62
2025-09-10,Jabon Barra,Aseo,3,3291.68
2025-09-10,Jugo Mango 300ml,Bebidas,5,3254.16
2025-09-10,Leche Entera 900ml,Lacteos,7,3712.39
2025-09-10,Lenteja 500g,Granos,1,5137.53
2025-09-10,Mani 50g,Snacks,5,3036.4
2025-09-10,Pan Blandito x5,Panaderia,2,2969.67
2025-09-10,Pan Tajado 500g,Panaderia,4,5897.22
2025-09-10,Papas 30g,Snacks,7,2657.04
2025-09-10,Papel Higienico x4,Aseo,3,9561.65
2025-09-10,Queso Campesino 250g,Lacteos,1,7468.34
2025-09-10,Sal 500g,Despensa,1,1878.51
2025-09-10,Yogurt Fresa 200ml,Lacteos,9,2577.37
2025-09-11,Aceite 1L,Despensa,4,15210.27
2025-09-11,Agua 600ml,Bebidas,5,2059.11
2025-09-11,Arroz 1kg,Despensa,6,4720.63
2025-09-11,Azucar 1kg,Despensa,6,4897.95
2025-09-11,Bebida Energetica 250ml,Bebidas,7,4440.2
2025-09-11,Cafe Molido 250g,Despensa,1,9220.73
2025-09-11,Cerveza Sixpack,Bebidas,3,15214.2
2025-09-11,Chitos 40g,Snacks,4,2758.4
2025-09-11,Detergente 500g,Aseo,1,6931.74
2025-09-11,Frijol 500g,Granos,3,5063.79
2025-09-11,Galletas Chocolate,Snacks,9,3521.51
2025-09-11,Gaseosa Cola 400ml,Bebidas,10,3097.34
2025-09-11,Gaseosa Manzana 400ml,Bebidas,12,2838.99
2025-09-11,Huevos x30,Despensa,3,16280.16
2025-09-11,Jabon Barra,Aseo,5,3271.99
2025-09-11,Jugo Mango 300ml,Bebidas,7,3304.96
2025-09-11,Leche Entera 900ml,Lacteos,7,4387.66
2025-09-11,Lenteja 500g,Granos,3,4644.82
2025-09-11,Mani 50g,Snacks,6,3086.42
2025-09-11,Pan Blandito x5,Panaderia,6,3278.23
2025-09-11,Pan Tajado 500g,Panaderia,6,5739.74
2025-09-11,Papas 30g,Snacks,6,2515.85
2025-09-11,Papel Higienico x4,Aseo,2,9393.82
2025-09-11,Queso Campesino 250g,Lacteos,4,7212.29
2025-09-11,Sal 500g,Despensa,3,1884.61
2025-09-11,Yogurt Fresa 200ml,Lacteos,4,2513.12
2025-09-12,Aceite 1L,Despensa,1,15661.22
2025-09-12,Agua 600ml,Bebidas,8,1971.8
2025-09-12,Arroz 1kg,Despensa,6,4694.85
2025-09-12,Azucar 1kg,Despensa,1,4562.8
2025-09-12,Bebida Energetica 250ml,Bebidas,1,4418.06
2025-09-12,Cafe Molido 250g,Despensa,2,9243.2
2025-09-12,Cerveza Sixpack,Bebidas,6,14809.95
2025-09-12,Chitos 40g,Snacks,7,2616.4
2025-09-12,Chocolate 250g,Despensa,3,7658.91
2025-09-12,Detergente 500g,Aseo,2,6819.18
2025-09-12,Frijol 500g,Granos,2,5438.09
2025-09-12,Galletas Chocolate,Snacks,9,3508.62
2025-09-12,Gaseosa Cola 400ml,Bebidas,14,2731.64
2025-09-12,Gaseosa Manzana 400ml,Bebidas,9,2460.05
2025-09-12,Harina Trigo 1kg,Despensa,6,4148.08
2025-09-12,Jabon Barra,Aseo,3,3110.46
2025-09-12,Jugo Mango 300ml,Bebidas,12,2979.46
2025-09-12,Leche Entera 900ml,Lacteos,4,4306.94
2025-09-12,Lenteja 500g,Granos,1,4027.31
2025-09-12,Mani 50g,Snacks,5,2914.31
2025-09-12,Pan Blandito x5,Panaderia,5,3454.43
2025-09-12,Pan Tajado 500g,Panaderia,12,5867.77
2025-09-12,Papas 30g,Snacks,12,2525.26
2025-09-12,Papel Higienico x4,Aseo,1,9120.31
2025-09-12,Queso Campesino 250g,Lacteos,4,7798.14
2025-09-12,Sal 500g,Despensa,2,1989.18
2025-09-12,Yogurt Fresa 200ml,Lacteos,5,2556.31
2025-09-13,Aceite 1L,Despensa,1,15339.74
2025-09-13,Agua 600ml,Bebidas,10,2144.3
2025-09-13,Arroz 1kg,Despensa,9,4674.39
2025-09-13,Azucar 1kg,Despensa,2,5050.09
2025-09-13,Bebida Energetica 250ml,Bebidas,5,4545.99
2025-09-13,Cafe Molido 250g,Despensa,2,9694.12
2025-09-13,Cerveza Sixpack,Bebidas,3,14244.07
2025-09-13,Chitos 40g,Snacks,5,2646.09
2025-09-13,Chocolate 250g,Despensa,2,8467.82
2025-09-13,Detergente 500g,Aseo,1,6588.65
2025-09-13,Frijol 500g,Granos,3,5300.38
2025-09-13,Galletas Chocolate,Snacks,7,3587.61
2025-09-13,Gaseosa Cola 400ml,Bebidas,17,2873.92
2025-09-13,Gaseosa Manzana 400ml,Bebidas,9,2706.19
2025-09-13,Huevos x30,Despensa,5,16631.92
2025-09-13,Jabon Barra,Aseo,1,3041.81
2025-09-13,Jugo Mango 300ml,Bebidas,10,3377.1
2025-09-13,Leche Entera 900ml,Lacteos,7,4409.36
2025-09-13,Lenteja 500g,Granos,2,5011.85
2025-09-13,Mani 50g,Snacks,8,2365.1
2025-09-13,Pan Blandito x5,Panaderia,1,3312.44
2025-09-13,Pan Tajado 500g,Panaderia,6,5648.44
2025-09-13,Papas 30g,Snacks,12,2589.32
2025-09-13,Papel Higienico x4,Aseo,2,9327.31
2025-09-13,Queso Campesino 250g,Lacteos,7,7657.84
2025-09-13,Yogurt Fresa 200ml,Lacteos,12,2622.86
2025-09-14,Aceite 1L,Despensa,2,14738.58
2025-09-14,Agua 600ml,Bebidas,10,2012.65
2025-09-14,Arroz 1kg,Despensa,4,4493.28
2025-09-14,Azucar 1kg,Despensa,1,4625.94
2025-09-14,Bebida Energetica 250ml,Bebidas,8,3901.61
2025-09-14,Cafe Molido 250g,Despensa,3,9361.1
2025-09-14,Cerveza Sixpack,Bebidas,4,14873.21
2025-09-14,Chitos 40g,Snacks,12,2322.43
2025-09-14,Frijol 500g,Granos,2,5080.71
2025-09-14,Galletas Chocolate,Snacks,10,3605.23
2025-09-14,Gaseosa Cola 400ml,Bebidas,17,2896.64
2025-09-14,Gaseosa Manzana 400ml,Bebidas,13,2869.62
2025-09-14,Harina Trigo 1kg,Despensa,2,4124.92
2025-09-14,Huevos x30,Despensa,5,17063.1
2025-09-14,Jabon Barra,Aseo,1,3298.16
2025-09-14,Jugo Mango 300ml,Bebidas,9,3701.8
2025-09-14,Leche Entera 900ml,Lacteos,8,4202.01
2025-09-14,Lenteja 500g,Granos,3,4812.14
2025-09-14,Mani 50g,Snacks,3,3136.19
2025-09-14,Pan Blandito x5,Panaderia,5,3153.51
2025-09-14,Pan Tajado 500g,Panaderia,4,5880.75
2025-09-14,Papas 30g,Snacks,13,2617.2
2025-09-14,Papel Higienico x4,Aseo,2,9316.18
2025-09-14,Queso Campesino 250g,Lacteos,4,8159.64
2025-09-14,Sal 500g,Despensa,2,1729.04
2025-09-14,Yogurt Fresa 200ml,Lacteos,13,2603.91
2025-09-15,Aceite 1L,Despensa,6,15648.35
2025-09-15,Agua 600ml,Bebidas,4,1969.6
2025-09-15,Arroz 1kg,Despensa,4,4478.61
2025-09-15,Azucar 1kg,Despensa,6,4614.85
2025-09-15,Bebida Energetica 250ml,Bebidas,4,4629.9
2025-09-15,Cafe Molido 250g,Despensa,3,8963.72
2025-09-15,Cerveza Sixpack,Bebidas,4,15850.05
2025-09-15,Chitos 40g,Snacks,9,2694.58
2025-09-15,Detergente 500g,Aseo,2,7165.7
2025-09-15,Frijol 500g,Granos,3,4720.0
2025-09-15,Galletas Chocolate,Snacks,6,3543.6
2025-09-15,Gaseosa Cola 400ml,Bebidas,7,2891.09
2025-09-15,Gaseosa Manzana 400ml,Bebidas,10,2816.22
2025-09-15,Harina Trigo 1kg,Despensa,1,3930.54
2025-09-15,Huevos x30,Despensa,2,17023.14
2025-09-15,Jugo Mango 300ml,Bebidas,8,3210.45
2025-09-15,Leche Entera 900ml,Lacteos,2,4351.61
2025-09-15,Lenteja 500g,Granos,6,4830.08
2025-09-15,Mani 50g,Snacks,3,2963.63
2025-09-15,Pan Blandito x5,Panaderia,4,3369.98
2025-09-15,Pan Tajado 500g,Panaderia,5,6091.73
2025-09-15,Papas 30g,Snacks,16,2716.98
2025-09-15,Papel Higienico x4,Aseo,4,9227.9
2025-09-15,Queso Campesino 250g,Lacteos,3,8007.52
2025-09-15,Sal 500g,Despensa,3,1914.16
2025-09-15,Yogurt Fresa 200ml,Lacteos,7,2567.56
2025-09-16,Aceite 1L,Despensa,3,15789.19
2025-09-16,Agua 600ml,Bebidas,9,2108.29
2025-09-16,Arroz 1kg,Despensa,6,4886.46
2025-09-16,Azucar 1kg,Despensa,4,4675.41
2025-09-16,Bebida Energetica 250ml,Bebidas,2,4685.69
2025-09-16,Cafe Molido 250g,Despensa,2,9708.22
2025-09-16,Cerveza Sixpack,Bebidas,1,15952.35
2025-09-16,Chitos 40g,Snacks,6,2852.04
2025-09-16,Chocolate 250g,Despensa,2,8360.5
2025-09-16,Detergente 500g,Aseo,1,6235.51
2025-09-16,Galletas Chocolate,Snacks,7,3418.54
2025-09-16,Gaseosa Cola 400ml,Bebidas,9,2754.62
2025-09-16,Gaseosa Manzana 400ml,Bebidas,9,2819.1
2025-09-16,Harina Trigo 1kg,Despensa,5,4261.53
2025-09-16,Huevos x30,Despensa,3,16702.36
2025-09-16,Jabon Barra,Aseo,3,3181.05
2025-09-16,Jugo Mango 300ml,Bebidas,9,3551.61
2025-09-16,Leche Entera 900ml,Lacteos,8,4195.5
2025-09-16,Lenteja 500g,Granos,3,4686.23
2025-09-16,Mani 50g,Snacks,4,2981.81
2025-09-16,Pan Blandito x5,Panaderia,1,3245.88
2025-09-16,Pan Tajado 500g,Panaderia,3,5851.03
2025-09-16,Papas 30g,Snacks,11,2437.91
2025-09-16,Papel Higienico x4,Aseo,1,8773.18
2025-09-16,Queso Campesino 250g,Lacteos,4,7881.46
2025-09-16,Sal 500g,Despensa,2,1906.26
2025-09-16,Yogurt Fresa 200ml,Lacteos,4,2587.48
2025-09-17,Agua 600ml,Bebidas,9,2177.8
2025-09-17,Arroz 1kg,Despensa,5,4584.42
2025-09-17,Azucar 1kg,Despensa,2,5065.65
2025-09-17,Cafe Molido 250g,Despensa,2,9139.79
2025-09-17,Cerveza Sixpack,Bebidas,2,14777.17
2025-09-17,Chitos 40g,Snacks,5,2631.92
2025-09-17,Chocolate 250g,Despensa,2,8335.49
2025-09-17,Detergente 500g,Aseo,1,6986.14
2025-09-17,Frijol 500g,Granos,3,4698.82
2025-09-17,Galletas Chocolate,Snacks,9,3534.85
2025-09-17,Gaseosa Cola 400ml,Bebidas,18,2743.11
2025-09-17,Gaseosa Manzana 400ml,Bebidas,20,2567.16
2025-09-17,Harina Trigo 1kg,Despensa,4,4208.19
2025-09-17,Huevos x30,Despensa,5,16830.34
2025-09-17,Jabon Barra,Aseo,4,3240.37
2025-09-17,Jugo Mango 300ml,Bebidas,9,3379.23
2025-09-17,Leche Entera 900ml,Lacteos,4,4109.72
2025-09-17,Lenteja 500g,Granos,2,4953.34
2025-09-17,Mani 50g,Snacks,8,3080.62
2025-09-17,Pan Blandito x5,Panaderia,4,3220.31
2025-09-17,Pan Tajado 500g,Panaderia,4,6390.67
2025-09-17,Papas 30g,Snacks,9,2304.03
2025-09-17,Papel Higienico x4,Aseo,1,8741.79
2025-09-17,Queso Campesino 250g,Lacteos,1,7690.22
2025-09-17,Sal 500g,Despensa,1,1978.17
2025-09-17,Yogurt Fresa 200ml,Lacteos,7,2807.74
2025-09-18,Aceite 1L,Despensa,2,15744.4
2025-09-18,Agua 600ml,Bebidas,7,2152.26
2025-09-18,Arroz 1kg,Despensa,3,4880.77
2025-09-18,Bebida Energetica 250ml,Bebidas,4,4577.58
2025-09-18,Cafe Molido 250g,Despensa,3,8580.4
2025-09-18,Cerveza Sixpack,Bebidas,4,14762.2
2025-09-18,Chitos 40g,Snacks,7,2868.62
2025-09-18,Detergente 500g,Aseo,1,6196.93
2025-09-18,Frijol 500g,Granos,1,5034.59
2025-09-18,Galletas Chocolate,Snacks,3,3489.51
2025-09-18,Gaseosa Cola 400ml,Bebidas,6,3136.54
2025-09-18,Gaseosa Manzana 400ml,Bebidas,9,2624.92
2025-09-18,Harina Trigo 1kg,Despensa,1,4195.72
2025-09-18,Jabon Barra,Aseo,7,2789.99
2025-09-18,Jugo Mango 300ml,Bebidas,12,3043.09
2025-09-18,Leche Entera 900ml,Lacteos,7,4252.95
2025-09-18,Mani 50g,Snacks,1,2887.48
2025-09-18,Pan Blandito x5,Panaderia,13,2827.17
2025-09-18,Pan Tajado 500g,Panaderia,5,5934.15
2025-09-18,Papas 30g,Snacks,5,2613.23
2025-09-18,Papel Higienico x4,Aseo,2,8816.27
2025-09-18,Queso Campesino 250g,Lacteos,1,7683.92
2025-09-18,Sal 500g,Despensa,1,1939.7
2025-09-18,Yogurt Fresa 200ml,Lacteos,9,2678.16
2025-09-19,Aceite 1L,Despensa,3,16501.9
2025-09-19,Agua 600ml,Bebidas,13,2153.26
2025-09-19,Arroz 1kg,Despensa,6,4837.6
2025-09-19,Azucar 1kg,Despensa,3,4605.68
2025-09-19,Bebida Energetica 250ml,Bebidas,3,4621.21
2025-09-19,Cafe Molido 250g,Despensa,2,8318.33
2025-09-19,Cerveza Sixpack,Bebidas,2,14953.98
2025-09-19,Chitos 40g,Snacks,9,2819.22
2025-09-19,Chocolate 250g,Despensa,7,8331.07
2025-09-19,Detergente 500g,Aseo,1,5965.91
2025-09-19,Galletas Chocolate,Snacks,13,3529.47
2025-09-19,Gaseosa Cola 400ml,Bebidas,10,2941.47
2025-09-19,Gaseosa Manzana 400ml,Bebidas,15,2861.82
2025-09-19,Harina Trigo 1kg,Despensa,1,4195.76
2025-09-19,Huevos x30,Despensa,5,15977.14
2025-09-19,Jabon Barra,Aseo,1,2937.25
2025-09-19,Jugo Mango 300ml,Bebidas,12,3036.65
2025-09-19,Leche Entera 900ml,Lacteos,5,4140.16
2025-09-19,Lenteja 500g,Granos,3,4783.15
2025-09-19,Mani 50g,Snacks,4,2974.2
2025-09-19,Pan Blandito x5,Panaderia,5,3200.5
2025-09-19,Pan Tajado 500g,Panaderia,3,5383.15
2025-09-19,Papas 30g,Snacks,7,2669.67
2025-09-19,Queso Campesino 250g,Lacteos,4,8181.41
2025-09-19,Yogurt Fresa 200ml,Lacteos,9,2491.65
2025-09-20,Aceite 1L,Despensa,2,16091.8
2025-09-20,Agua 600ml,Bebidas,13,2215.56
2025-09-20,Arroz 1kg,Despensa,4,4703.99
2025-09-20,Azucar 1kg,Despensa,3,4775.3
2025-09-20,Bebida Energetica 250ml,Bebidas,3,4432.62
2025-09-20,Cafe Molido 250g,Despensa,3,8513.3
2025-09-20,Cerveza Sixpack,Bebidas,4,13781.12
2025-09-20,Chitos 40g,Snacks,3,2807.84
2025-09-20,Detergente 500g,Aseo,1,6700.02
2025-09-20,Frijol 500g,Granos,3,5352.8
2025-09-20,Galletas Chocolate,Snacks,6,3520.15
2025-09-20,Gaseosa Cola 400ml,Bebidas,22,2510.56
2025-09-20,Gaseosa Manzana 400ml,Bebidas,6,2646.56
2025-09-20,Harina Trigo 1kg,Despensa,2,4245.33
2025-09-20,Huevos x30,Despensa,4,15685.25
2025-09-20,Jabon Barra,Aseo,1,3215.47
2025-09-20,Jugo Mango 300ml,Bebidas,6,3162.21
2025-09-20,Leche Entera 900ml,Lacteos,10,4160.69
2025-09-20,Lenteja 500g,Granos,3,4687.64
2025-09-20,Mani 50g,Snacks,7,3020.65
2025-09-20,Pan Blandito x5,Panaderia,10,3181.17
2025-09-20,Pan Tajado 500g,Panaderia,3,5799.76
2025-09-20,Papas 30g,Snacks,14,2684.13
2025-09-20,Papel Higienico x4,Aseo,5,9642.22
2025-09-20,Queso Campesino 250g,Lacteos,4,8114.02
2025-09-20,Sal 500g,Despensa,2,1920.65
2025-09-20,Yogurt Fresa 200ml,Lacteos,5,2587.96
2025-09-21,Aceite 1L,Despensa,3,15713.12
2025-09-21,Agua 600ml,Bebidas,18,2120.84
2025-09-21,Arroz 1kg,Despensa,3,4395.51
2025-09-21,Azucar 1kg,Despensa,5,5141.36
2025-09-21,Bebida Energetica 250ml,Bebidas,5,4143.63
2025-09-21,Cafe Molido 250g,Despensa,1,9498.6
2025-09-21,Cerveza Sixpack,Bebidas,2,12168.12
2025-09-21,Chitos 40g,Snacks,13,2404.63
2025-09-21,Chocolate 250g,Despensa,1,8236.95
2025-09-21,Detergente 500g,Aseo,2,6704.72
2025-09-21,Galletas Chocolate,Snacks,9,3780.75
2025-09-21,Gaseosa Cola 400ml,Bebidas,17,3087.07
2025-09-21,Gaseosa Manzana 400ml,Bebidas,7,2677.83
2025-09-21,Harina Trigo 1kg,Despensa,1,4185.42
2025-09-21,Jabon Barra,Aseo,2,2991.78
2025-09-21,Jugo Mango 300ml,Bebidas,10,3329.19
2025-09-21,Leche Entera 900ml,Lacteos,8,4228.92
2025-09-21,Lenteja 500g,Granos,2,4838.58
2025-09-21,Mani 50g,Snacks,4,3096.25
2025-09-21,Pan Blandito x5,Panaderia,7,3046.88
2025-09-21,Pan Tajado 500g,Panaderia,5,5936.5
2025-09-21,Papas 30g,Snacks,17,2587.7
2025-09-21,Papel Higienico x4,Aseo,1,9342.31
2025-09-21,Queso Campesino 250g,Lacteos,3,6674.01
2025-09-21,Sal 500g,Despensa,4,1864.67
2025-09-21,Yogurt Fresa 200ml,Lacteos,4,2535.15
2025-09-22,Aceite 1L,Despensa,2,15516.25
2025-09-22,Agua 600ml,Bebidas,4,2020.65
2025-09-22,Arroz 1kg,Despensa,7,4511.02
2025-09-22,Azucar 1kg,Despensa,2,4731.13
2025-09-22,Bebida Energetica 250ml,Bebidas,2,4534.87
2025-09-22,Cafe Molido 250g,Despensa,3,8988.9
2025-09-22,Cerveza Sixpack,Bebidas,2,14786.62
2025-09-22,Chitos 40g,Snacks,1,2668.65
2025-09-22,Chocolate 250g,Despensa,1,8415.22
2025-09-22,Detergente 500g,Aseo,4,6793.16
2025-09-22,Frijol 500g,Granos,1,5291.83
2025-09-22,Galletas Chocolate,Snacks,6,3574.99
2025-09-22,Gaseosa Cola 400ml,Bebidas,13,2722.93
2025-09-22,Gaseosa Manzana 400ml,Bebidas,10,2741.46
2025-09-22,Harina Trigo 1kg,Despensa,2,4039.7
2025-09-22,Huevos x30,Despensa,4,16982.48
2025-09-22,Jugo Mango 300ml,Bebidas,3,3265.95
2025-09-22,Leche Entera 900ml,Lacteos,6,4157.56
2025-09-22,Lenteja 500g,Granos,2,4797.27
2025-09-22,Mani 50g,Snacks,2,2907.25
2025-09-22,Pan Blandito x5,Panaderia,8,3240.0
2025-09-22,Pan Tajado 500g,Panaderia,5,5658.71
2025-09-22,Papas 30g,Snacks,6,2613.8
2025-09-22,Papel Higienico x4,Aseo,2,8996.71
2025-09-22,Queso Campesino 250g,Lacteos,3,7997.72
2025-09-22,Yogurt Fresa 200ml,Lacteos,3,2488.52
2025-09-23,Aceite 1L,Despensa,4,16214.64
2025-09-23,Agua 600ml,Bebidas,9,2069.96
2025-09-23,Arroz 1kg,Despensa,6,4740.6
2025-09-23,Azucar 1kg,Despensa,3,4685.66
2025-09-23,Bebida Energetica 250ml,Bebidas,3,4529.31
2025-09-23,Cafe Molido 250g,Despensa,3,9392.02
2025-09-23,Cerveza Sixpack,Bebidas,2,15895.53
2025-09-23,Chitos 40g,Snacks,3,2897.34
2025-09-23,Chocolate 250g,Despensa,4,8413.8
2025-09-23,Detergente 500g,Aseo,2,6724.99
2025-09-23,Galletas Chocolate,Snacks,4,3694.62
2025-09-23,Gaseosa Cola 400ml,Bebidas,9,3017.12
2025-09-23,Gaseosa Manzana 400ml,Bebidas,10,2922.75
2025-09-23,Harina Trigo 1kg,Despensa,4,4397.6
2025-09-23,Huevos x30,Despensa,4,16865.31
2025-09-23,Jabon Barra,Aseo,3,3020.98
2025-09-23,Jugo Mango 300ml,Bebidas,8,3390.66
2025-09-23,Leche Entera 900ml,Lacteos,7,4026.53
2025-09-23,Mani 50g,Snacks,4,3050.93
2025-09-23,Pan Blandito x5,Panaderia,4,3337.28
2025-09-23,Pan Tajado 500g,Panaderia,4,5937.19
2025-09-23,Papas 30g,Snacks,12,2635.3
2025-09-23,Papel Higienico x4,Aseo,1,9640.13
2025-09-23,Queso Campesino 250g,Lacteos,2,7143.94
2025-09-23,Sal 500g,Despensa,2,1926.33
2025-09-23,Yogurt Fresa 200ml,Lacteos,5,2587.25
2025-09-24,Agua 600ml,Bebidas,7,2130.77
2025-09-24,Arroz 1kg,Despensa,6,5138.73
2025-09-24,Azucar 1kg,Despensa,2,4704.43
2025-09-24,Bebida Energetica 250ml,Bebidas,5,4475.62
2025-09-24,Cafe Molido 250g,Despensa,3,9342.15
2025-09-24,Cerveza Sixpack,Bebidas,5,15027.25
2025-09-24,Chitos 40g,Snacks,8,2652.71
2025-09-24,Chocolate 250g,Despensa,1,8410.17
2025-09-24,Frijol 500g,Granos,2,5581.41
2025-09-24,Galletas Chocolate,Snacks,5,3816.05
2025-09-24,Gaseosa Cola 400ml,Bebidas,9,2970.95
2025-09-24,Gaseosa Manzana 400ml,Bebidas,15,2514.13
2025-09-24,Harina Trigo 1kg,Despensa,1,4293.63
2025-09-24,Huevos x30,Despensa,1,17112.14
2025-09-24,Jabon Barra,Aseo,3,3371.81
2025-09-24,Jugo Mango 300ml,Bebidas,7,3332.6
2025-09-24,Leche Entera 900ml,Lacteos,13,4210.75
2025-09-24,Mani 50g,Snacks,6,3002.06
2025-09-24,Pan Blandito x5,Panaderia,4,2777.77
2025-09-24,Pan Tajado 500g,Panaderia,13,5408.01
2025-09-24,Papas 30g,Snacks,3,2650.3
2025-09-24,Papel Higienico x4,Aseo,2,9565.29
2025-09-24,Queso Campesino 250g,Lacteos,3,7693.02
2025-09-24,Sal 500g,Despensa,1,1867.85
2025-09-24,Yogurt Fresa 200ml,Lacteos,7,2647.29
2025-09-25,Aceite 1L,Despensa,1,15958.25
2025-09-25,Agua 600ml,Bebidas,5,2057.08
2025-09-25,Arroz 1kg,Despensa,6,4732.92
2025-09-25,Azucar 1kg,Despensa,6,4683.89
2025-09-25,Bebida Energetica 250ml,Bebidas,2,4474.16
2025-09-25,Cerveza Sixpack,Bebidas,2,15198.63
2025-09-25,Chitos 40g,Snacks,5,2697.48
2025-09-25,Chocolate 250g,Despensa,1,8493.47
2025-09-25,Detergente 500g,Aseo,4,6730.21
2025-09-25,Frijol 500g,Granos,2,4995.29
2025-09-25,Galletas Chocolate,Snacks,9,3793.42
2025-09-25,Gaseosa Cola 400ml,Bebidas,11,2920.1
2025-09-25,Gaseosa Manzana 400ml,Bebidas,4,2765.4
2025-09-25,Harina Trigo 1kg,Despensa,1,4227.79
2025-09-25,Huevos x30,Despensa,5,16620.34
2025-09-25,Jabon Barra,Aseo,7,3193.54
2025-09-25,Jugo Mango 300ml,Bebidas,2,3314.85
2025-09-25,Leche Entera 900ml,Lacteos,7,4274.98
2025-09-25,Mani 50g,Snacks,7,2431.69
2025-09-25,Pan Blandito x5,Panaderia,7,3211.11
2025-09-25,Pan Tajado 500g,Panaderia,3,6024.43
2025-09-25,Papas 30g,Snacks,10,2626.54
2025-09-25,Papel Higienico x4,Aseo,1,9391.52
2025-09-25,Queso Campesino 250g,Lacteos,5,8234.96
2025-09-25,Yogurt Fresa 200ml,Lacteos,8,2633.3
2025-09-26,Aceite 1L,Despensa,2,16665.31
2025-09-26,Agua 600ml,Bebidas,8,2128.58
2025-09-26,Arroz 1kg,Despensa,6,4909.25
2025-09-26,Azucar 1kg,Despensa,4,4730.9
2025-09-26,Bebida Energetica 250ml,Bebidas,6,4409.69
2025-09-26,Cafe Molido 250g,Despensa,2,8739.75
2025-09-26,Cerveza Sixpack,Bebidas,4,15460.63
2025-09-26,Chitos 40g,Snacks,5,2653.38
2025-09-26,Chocolate 250g,Despensa,2,8415.41
2025-09-26,Detergente 500g,Aseo,2,6533.5
2025-09-26,Frijol 500g,Granos,2,4969.21
2025-09-26,Galletas Chocolate,Snacks,12,2909.99
2025-09-26,Gaseosa Cola 400ml,Bebidas,30,2788.16
2025-09-26,Gaseosa Manzana 400ml,Bebidas,10,2820.58
2025-09-26,Harina Trigo 1kg,Despensa,2,4104.15
2025-09-26,Huevos x30,Despensa,4,16611.17
2025-09-26,Jugo Mango 300ml,Bebidas,1,3294.05
2025-09-26,Leche Entera 900ml,Lacteos,6,4280.16
2025-09-26,Mani 50g,Snacks,7,2910.13
2025-09-26,Pan Blandito x5,Panaderia,3,3198.02
2025-09-26,Pan Tajado 500g,Panaderia,3,5559.79
2025-09-26,Papas 30g,Snacks,12,2579.18
2025-09-26,Papel Higienico x4,Aseo,1,8029.16
2025-09-26,Queso Campesino 250g,Lacteos,2,7625.82
2025-09-26,Sal 500g,Despensa,5,2031.57
2025-09-26,Yogurt Fresa 200ml,Lacteos,6,2485.7
2025-09-27,Aceite 1L,Despensa,3,16245.74
2025-09-27,Agua 600ml,Bebidas,10,2048.08
2025-09-27,Arroz 1kg,Despensa,6,5023.85
2025-09-27,Bebida Energetica 250ml,Bebidas,7,3980.13
2025-09-27,Cafe Molido 250g,Despensa,1,9080.43
2025-09-27,Cerveza Sixpack,Bebidas,2,14730.33
2025-09-27,Chitos 40g,Snacks,5,2847.89
2025-09-27,Chocolate 250g,Despensa,1,8327.02
2025-09-27,Detergente 500g,Aseo,1,6873.83
2025-09-27,Frijol 500g,Granos,4,5115.44
2025-09-27,Galletas Chocolate,Snacks,6,3523.69
2025-09-27,Gaseosa Cola 400ml,Bebidas,14,3004.38
2025-09-27,Gaseosa Manzana 400ml,Bebidas,10,2829.59
2025-09-27,Harina Trigo 1kg,Despensa,2,4065.67
2025-09-27,Huevos x30,Despensa,6,16481.36
2025-09-27,Jabon Barra,Aseo,3,3153.36
2025-09-27,Jugo Mango 300ml,Bebidas,13,3321.66
2025-09-27,Leche Entera 900ml,Lacteos,3,4150.58
2025-09-27,Lenteja 500g,Granos,2,4615.12
2025-09-27,Mani 50g,Snacks,2,2966.14
2025-09-27,Pan Blandito x5,Panaderia,13,2844.51
2025-09-27,Pan Tajado 500g,Panaderia,4,6168.96
2025-09-27,Papas 30g,Snacks,10,2739.25
2025-09-27,Papel Higienico x4,Aseo,4,9636.2
2025-09-27,Queso Campesino 250g,Lacteos,5,8139.44
2025-09-27,Sal 500g,Despensa,2,2001.94
2025-09-27,Yogurt Fresa 200ml,Lacteos,6,2613.79
2025-09-28,Aceite 1L,Despensa,2,15683.24
2025-09-28,Agua 600ml,Bebidas,7,2051.69
2025-09-28,Arroz 1kg,Despensa,4,4699.57
2025-09-28,Azucar 1kg,Despensa,2,4633.55
2025-09-28,Bebida Energetica 250ml,Bebidas,5,4517.75
2025-09-28,Cafe Molido 250g,Despensa,1,9140.02
2025-09-28,Cerveza Sixpack,Bebidas,5,14106.76
2025-09-28,Chitos 40g,Snacks,12,2543.47
2025-09-28,Chocolate 250g,Despensa,3,8162.05
2025-09-28,Detergente 500g,Aseo,1,6745.1
2025-09-28,Frijol 500g,Granos,2,5138.87
2025-09-28,Galletas Chocolate,Snacks,15,3576.11
2025-09-28,Gaseosa Cola 400ml,Bebidas,11,2774.15
2025-09-28,Gaseosa Manzana 400ml,Bebidas,13,2878.96
2025-09-28,Harina Trigo 1kg,Despensa,3,3991.57
2025-09-28,Huevos x30,Despensa,3,16239.47
2025-09-28,Jabon Barra,Aseo,1,3259.67
2025-09-28,Jugo Mango 300ml,Bebidas,4,3270.56
2025-09-28,Leche Entera 900ml,Lacteos,4,4477.55
2025-09-28,Lenteja 500g,Granos,4,5065.96
2025-09-28,Mani 50g,Snacks,6,2598.94
2025-09-28,Pan Blandito x5,Panaderia,3,3220.96
2025-09-28,Pan Tajado 500g,Panaderia,7,5874.74
2025-09-28,Papas 30g,Snacks,16,2617.4
2025-09-28,Queso Campesino 250g,Lacteos,2,7913.58
2025-09-28,Sal 500g,Despensa,2,1804.19
2025-09-28,Yogurt Fresa 200ml,Lacteos,7,2652.83
2025-09-29,Aceite 1L,Despensa,1,16413.13
2025-09-29,Agua 600ml,Bebidas,8,2131.53
2025-09-29,Arroz 1kg,Despensa,4,4827.47
2025-09-29,Azucar 1kg,Despensa,2,4822.97
2025-09-29,Bebida Energetica 250ml,Bebidas,3,4368.14
2025-09-29,Cafe Molido 250g,Despensa,2,8580.36
2025-09-29,Cerveza Sixpack,Bebidas,3,14148.26
2025-09-29,Chitos 40g,Snacks,8,2487.98
2025-09-29,Chocolate 250g,Despensa,3,7810.33
2025-09-29,Detergente 500g,Aseo,1,7109.19
2025-09-29,Galletas Chocolate,Snacks,7,3443.35
2025-09-29,Gaseosa Cola 400ml,Bebidas,13,2898.86
2025-09-29,Gaseosa Manzana 400ml,Bebidas,15,2937.49
2025-09-29,Harina Trigo 1kg,Despensa,3,4265.59
2025-09-29,Huevos x30,Despensa,3,15841.07
2025-09-29,Jabon Barra,Aseo,3,3033.99
2025-09-29,Jugo Mango 300ml,Bebidas,8,3332.45
2025-09-29,Leche Entera 900ml,Lacteos,4,4051.9
2025-09-29,Lenteja 500g,Granos,1,5002.59
2025-09-29,Mani 50g,Snacks,8,2911.33
2025-09-29,Pan Blandito x5,Panaderia,2,3181.01
2025-09-29,Pan Tajado 500g,Panaderia,5,5900.99
2025-09-29,Papas 30g,Snacks,8,2661.09
2025-09-29,Papel Higienico x4,Aseo,2,9133.52
2025-09-29,Queso Campesino 250g,Lacteos,3,7324.73
2025-09-29,Sal 500g,Despensa,1,1927.36
2025-09-29,Yogurt Fresa 200ml,Lacteos,7,2502.91
2025-09-30,Aceite 1L,Despensa,2,15782.68
2025-09-30,Agua 600ml,Bebidas,4,2061.14
2025-09-30,Arroz 1kg,Despensa,9,4742.78
2025-09-30,Azucar 1kg,Despensa,5,4816.74
2025-09-30,Bebida Energetica 250ml,Bebidas,8,4502.28
2025-09-30,Cafe Molido 250g,Despensa,6,9077.22
2025-09-30,Cerveza Sixpack,Bebidas,6,14468.11
2025-09-30,Chitos 40g,Snacks,3,2691.05
2025-09-30,Detergente 500g,Aseo,2,5824.63
2025-09-30,Frijol 500g,Granos,2,4997.87
2025-09-30,Galletas Chocolate,Snacks,3,3713.53
2025-09-30,Gaseosa Cola 400ml,Bebidas,6,2900.68
2025-09-30,Gaseosa Manzana 400ml,Bebidas,11,2784.67
2025-09-30,Harina Trigo 1kg,Despensa,2,4182.71
2025-09-30,Huevos x30,Despensa,1,16013.77
2025-09-30,Jabon Barra,Aseo,1,3099.92
2025-09-30,Jugo Mango 300ml,Bebidas,6,3255.7
2025-09-30,Leche Entera 900ml,Lacteos,10,4332.65
2025-09-30,Lenteja 500g,Granos,2,5080.21
2025-09-30,Mani 50g,Snacks,5,2897.93
2025-09-30,Pan Blandito x5,Panaderia,6,3056.78
2025-09-30,Pan Tajado 500g,Panaderia,3,5785.2
2025-09-30,Papas 30g,Snacks,7,2575.4
2025-09-30,Papel Higienico x4,Aseo,1,9334.41
2025-09-30,Queso Campesino 250g,Lacteos,4,7783.37
2025-09-30,Sal 500g,Despensa,4,1898.36
2025-09-30,Yogurt Fresa 200ml,Lacteos,6,2704.83
2025-10-01,Aceite 1L,Despensa,5,16033.46
2025-10-01,Agua 600ml,Bebidas,4,2116.16
2025-10-01,Arroz 1kg,Despensa,7,4863.67
2025-10-01,Azucar 1kg,Despensa,2,4942.77
2025-10-01,Bebida Energetica 250ml,Bebidas,4,4328.43
2025-10-01,Cafe Molido 250g,Despensa,2,9973.48
2025-10-01,Cerveza Sixpack,Bebidas,2,14871.06
2025-10-01,Chitos 40g,Snacks,7,2402.08
2025-10-01,Chocolate 250g,Despensa,2,8028.88
2025-10-01,Frijol 500g,Granos,7,5207.09
2025-10-01,Galletas Chocolate,Snacks,10,3653.06
2025-10-01,Gaseosa Cola 400ml,Bebidas,9,2934.02
2025-10-01,Gaseosa Manzana 400ml,Bebidas,10,2764.02
2025-10-01,Harina Trigo 1kg,Despensa,1,4332.95
2025-10-01,Huevos x30,Despensa,2,17066.63
2025-10-01,Jabon Barra,Aseo,3,3192.43
2025-10-01,Jugo Mango 300ml,Bebidas,6,3207.74
2025-10-01,Leche Entera 900ml,Lacteos,7,4285.47
2025-10-01,Lenteja 500g,Granos,4,5002.14
2025-10-01,Mani 50g,Snacks,10,3194.91
2025-10-01,Pan Blandito x5,Panaderia,6,3305.24
2025-10-01,Pan Tajado 500g,Panaderia,4,6366.77
2025-10-01,Papas 30g,Snacks,7,2810.86
2025-10-01,Papel Higienico x4,Aseo,3,9758.16
2025-10-01,Queso Campesino 250g,Lacteos,1,7813.0
2025-10-01,Sal 500g,Despensa,3,1778.55
2025-10-01,Yogurt Fresa 200ml,Lacteos,3,2775.91
2025-10-02,Aceite 1L,Despensa,2,14990.61
2025-10-02,Agua 600ml,Bebidas,8,2039.69
2025-10-02,Arroz 1kg,Despensa,6,4646.93
2025-10-02,Azucar 1kg,Despensa,7,4840.79
2025-10-02,Bebida Energetica 250ml,Bebidas,9,4133.44
2025-10-02,Cafe Molido 250g,Despensa,7,8996.22
2025-10-02,Cerveza Sixpack,Bebidas,1,14439.72
2025-10-02,Chitos 40g,Snacks,2,2730.38
2025-10-02,Chocolate 250g,Despensa,2,8363.24
2025-10-02,Detergente 500g,Aseo,3,6490.47
2025-10-02,Frijol 500g,Granos,3,5387.04
2025-10-02,Galletas Chocolate,Snacks,6,3632.3
2025-10-02,Gaseosa Cola 400ml,Bebidas,12,2693.51
2025-10-02,Gaseosa Manzana 400ml,Bebidas,13,2971.79
2025-10-02,Harina Trigo 1kg,Despensa,4,4200.42
2025-10-02,Huevos x30,Despensa,7,16743.43
2025-10-02,Jabon Barra,Aseo,1,3287.63
2025-10-02,Jugo Mango 300ml,Bebidas,12,3359.37
2025-10-02,Lenteja 500g,Granos,2,4765.3
2025-10-02,Mani 50g,Snacks,5,2787.01
2025-10-02,Pan Blandito x5,Panaderia,4,3217.48
2025-10-02,Pan Tajado 500g,Panaderia,5,5883.38
2025-10-02,Papas 30g,Snacks,7,2385.05
2025-10-02,Papel Higienico x4,Aseo,1,9256.59
2025-10-02,Queso Campesino 250g,Lacteos,4,7679.94
2025-10-02,Sal 500g,Despensa,2,1993.7
2025-10-02,Yogurt Fresa 200ml,Lacteos,7,2719.7
2025-10-03,Aceite 1L,Despensa,1,15940.91
2025-10-03,Agua 600ml,Bebidas,4,2199.38
2025-10-03,Arroz 1kg,Despensa,1,4617.64
2025-10-03,Azucar 1kg,Despensa,3,4796.78
2025-10-03,Bebida Energetica 250ml,Bebidas,1,4452.51
2025-10-03,Cafe Molido 250g,Despensa,1,9048.96
2025-10-03,Cerveza Sixpack,Bebidas,4,14345.81
2025-10-03,Chitos 40g,Snacks,7,2671.39
2025-10-03,Chocolate 250g,Despensa,1,8000.98
2025-10-03,Detergente 500g,Aseo,3,6670.91
2025-10-03,Frijol 500g,Granos,2,5093.12
2025-10-03,Galletas Chocolate,Snacks,4,3879.89
2025-10-03,Gaseosa Cola 400ml,Bebidas,10,2767.61
2025-10-03,Gaseosa Manzana 400ml,Bebidas,10,2662.73
2025-10-03,Harina Trigo 1kg,Despensa,3,4178.97
2025-10-03,Huevos x30,Despensa,2,15956.82
2025-10-03,Jabon Barra,Aseo,2,2903.27
2025-10-03,Jugo Mango 300ml,Bebidas,8,3274.6
2025-10-03,Leche Entera 900ml,Lacteos,10,4267.02
2025-10-03,Lenteja 500g,Granos,5,4813.09
2025-10-03,Mani 50g,Snacks,2,2892.46
2025-10-03,Pan Blandito x5,Panaderia,4,3156.96
2025-10-03,Pan Tajado 500g,Panaderia,4,5947.79
2025-10-03,Papas 30g,Snacks,11,2647.21
2025-10-03,Papel Higienico x4,Aseo,1,7810.34
2025-10-03,Queso Campesino 250g,Lacteos,5,7685.15
2025-10-03,Sal 500g,Despensa,2,1799.3
2025-10-03,Yogurt Fresa 200ml,Lacteos,4,2679.92
2025-10-04,Aceite 1L,Despensa,5,13992.2
2025-10-04,Agua 600ml,Bebidas,14,2146.94
2025-10-04,Arroz 1kg,Despensa,3,4473.43
2025-10-04,Azucar 1kg,Despensa,1,4984.28
2025-10-04,Bebida Energetica 250ml,Bebidas,5,4622.13
2025-10-04,Cafe Molido 250g,Despensa,1,9075.39
2025-10-04,Cerveza Sixpack,Bebidas,3,15209.27
2025-10-04,Chitos 40g,Snacks,2,2749.77
2025-10-04,Chocolate 250g,Despensa,1,8027.96
2025-10-04,Frijol 500g,Granos,2,5073.48
2025-10-04,Galletas Chocolate,Snacks,7,3641.6
2025-10-04,Gaseosa Cola 400ml,Bebidas,20,2967.84
2025-10-04,Gaseosa Manzana 400ml,Bebidas,9,2784.88
2025-10-04,Harina Trigo 1kg,Despensa,1,4086.66
2025-10-04,Huevos x30,Despensa,6,15286.03
2025-10-04,Jugo Mango 300ml,Bebidas,6,3317.21
2025-10-04,Leche Entera 900ml,Lacteos,8,4452.13
2025-10-04,Lenteja 500g,Granos,2,4755.2
2025-10-04,Mani 50g,Snacks,5,2568.78
2025-10-04,Pan Blandito x5,Panaderia,5,3253.33
2025-10-04,Pan Tajado 500g,Panaderia,5,6004.84
2025-10-04,Papas 30g,Snacks,10,2651.55
2025-10-04,Queso Campesino 250g,Lacteos,1,7695.59
2025-10-04,Sal 500g,Despensa,2,1696.99
2025-10-04,Yogurt Fresa 200ml,Lacteos,7,2528.97
2025-10-05,Aceite 1L,Despensa,2,15352.72
2025-10-05,Agua 600ml,Bebidas,18,1785.06
2025-10-05,Arroz 1kg,Despensa,7,4665.14
2025-10-05,Azucar 1kg,Despensa,1,4833.03
2025-10-05,Bebida Energetica 250ml,Bebidas,4,4253.17
2025-10-05,Cafe Molido 250g,Despensa,2,9038.7
2025-10-05,Cerveza Sixpack,Bebidas,4,15250.63
2025-10-05,Chitos 40g,Snacks,10,2595.75
2025-10-05,Detergente 500g,Aseo,1,7179.44
2025-10-05,Frijol 500g,Granos,1,5311.78
2025-10-05,Galletas Chocolate,Snacks,4,3572.45
2025-10-05,Gaseosa Cola 400ml,Bebidas,6,2963.52
2025-10-05,Gaseosa Manzana 400ml,Bebidas,11,2744.18
2025-10-05,Harina Trigo 1kg,Despensa,2,4031.25
2025-10-05,Jugo Mango 300ml,Bebidas,6,3409.18
2025-10-05,Leche Entera 900ml,Lacteos,7,4384.46
2025-10-05,Lenteja 500g,Granos,3,4925.3
2025-10-05,Mani 50g,Snacks,4,3109.39
2025-10-05,Pan Blandito x5,Panaderia,3,3129.24
2025-10-05,Pan Tajado 500g,Panaderia,1,6224.46
2025-10-05,Papas 30g,Snacks,10,2490.58
2025-10-05,Papel Higienico x4,Aseo,3,9583.92
2025-10-05,Queso Campesino 250g,Lacteos,1,7886.7
2025-10-05,Yogurt Fresa 200ml,Lacteos,10,2601.06
2025-10-06,Agua 600ml,Bebidas,5,2006.02
2025-10-06,Arroz 1kg,Despensa,9,4889.26
2025-10-06,Bebida Energetica 250ml,Bebidas,3,4360.36
2025-10-06,Cerveza Sixpack,Bebidas,7,14369.24
2025-10-06,Chitos 40g,Snacks,2,2729.09
2025-10-06,Chocolate 250g,Despensa,1,8470.94
2025-10-06,Detergente 500g,Aseo,2,6899.88
2025-10-06,Frijol 500g,Granos,2,5174.39
2025-10-06,Galletas Chocolate,Snacks,4,3641.3
2025-10-06,Gaseosa Cola 400ml,Bebidas,10,2764.21
2025-10-06,Gaseosa Manzana 400ml,Bebidas,12,2869.04
2025-10-06,Harina Trigo 1kg,Despensa,4,4134.61
2025-10-06,Huevos x30,Despensa,3,16306.48
2025-10-06,Jabon Barra,Aseo,5,3186.47
2025-10-06,Jugo Mango 300ml,Bebidas,8,3075.63
2025-10-06,Leche Entera 900ml,Lacteos,6,4039.33
2025-10-06,Lenteja 500g,Granos,5,4341.67
2025-10-06,Mani 50g,Snacks,5,2794.94
2025-10-06,Pan Blandito x5,Panaderia,5,3232.58
2025-10-06,Pan Tajado 500g,Panaderia,3,5998.07
2025-10-06,Papas 30g,Snacks,8,2577.63
2025-10-06,Queso Campesino 250g,Lacteos,5,7791.12
2025-10-06,Sal 500g,Despensa,1,1944.83
2025-10-06,Yogurt Fresa 200ml,Lacteos,3,2648.64
2025-10-07,Agua 600ml,Bebidas,6,2152.02
2025-10-07,Arroz 1kg,Despensa,2,4613.57
2025-10-07,Azucar 1kg,Despensa,1,4809.21
2025-10-07,Bebida Energetica 250ml,Bebidas,2,4653.74
2025-10-07,Cafe Molido 250g,Despensa,3,9413.84
2025-10-07,Cerveza Sixpack,Bebidas,3,14495.24
2025-10-07,Chitos 40g,Snacks,7,2791.01
2025-10-07,Chocolate 250g,Despensa,2,8328.88
2025-10-07,Detergente 500g,Aseo,1,7019.4
2025-10-07,Frijol 500g,Granos,3,5298.57
2025-10-07,Galletas Chocolate,Snacks,4,3612.78
2025-10-07,Gaseosa Cola 400ml,Bebidas,12,3055.79
2025-10-07,Gaseosa Manzana 400ml,Bebidas,11,2779.96
2025-10-07,Harina Trigo 1kg,Despensa,5,4266.59
2025-10-07,Huevos x30,Despensa,4,17271.33
2025-10-07,Jabon Barra,Aseo,3,3359.69
2025-10-07,Jugo Mango 300ml,Bebidas,8,3278.74
2025-10-07,Leche Entera 900ml,Lacteos,11,3689.45
2025-10-07,Lenteja 500g,Granos,2,4918.07
2025-10-07,Mani 50g,Snacks,5,2830.06
2025-10-07,Pan Tajado 500g,Panaderia,6,5912.0
2025-10-07,Papas 30g,Snacks,8,2453.92
2025-10-07,Papel Higienico x4,Aseo,1,9444.9
2025-10-07,Queso Campesino 250g,Lacteos,2,7410.73
2025-10-07,Sal 500g,Despensa,1,1952.68
2025-10-07,Yogurt Fresa 200ml,Lacteos,9,2613.51
2025-10-08,Aceite 1L,Despensa,3,16021.2
2025-10-08,Agua 600ml,Bebidas,9,2195.0
2025-10-08,Arroz 1kg,Despensa,8,4689.6
2025-10-08,Azucar 1kg,Despensa,1,4760.86
2025-10-08,Bebida Energetica 250ml,Bebidas,6,4615.38
2025-10-08,Cafe Molido 250g,Despensa,3,9142.28
2025-10-08,Cerveza Sixpack,Bebidas,4,15249.99
2025-10-08,Chitos 40g,Snacks,2,2673.49
2025-10-08,Chocolate 250g,Despensa,1,8099.65
2025-10-08,Detergente 500g,Aseo,4,6961.63
2025-10-08,Frijol 500g,Granos,2,5112.81
2025-10-08,Galletas Chocolate,Snacks,2,3473.55
2025-10-08,Gaseosa Cola 400ml,Bebidas,7,2911.52
2025-10-08,Gaseosa Manzana 400ml,Bebidas,5,2668.05
2025-10-08,Harina Trigo 1kg,Despensa,2,4468.47
2025-10-08,Huevos x30,Despensa,1,16844.49
2025-10-08,Jabon Barra,Aseo,1,3278.28
2025-10-08,Jugo Mango 300ml,Bebidas,6,3211.67
2025-10-08,Leche Entera 900ml,Lacteos,6,4062.0
2025-10-08,Lenteja 500g,Granos,2,5179.98
2025-10-08,Mani 50g,Snacks,3,3207.68
2025-10-08,Pan Blandito x5,Panaderia,3,3360.79
2025-10-08,Pan Tajado 500g,Panaderia,3,5592.75
2025-10-08,Papas 30g,Snacks,13,2581.79
2025-10-08,Papel Higienico x4,Aseo,1,8533.4
2025-10-08,Sal 500g,Despensa,3,1942.42
2025-10-08,Yogurt Fresa 200ml,Lacteos,8,2554.43
2025-10-09,Aceite 1L,Despensa,1,14463.62
2025-10-09,Agua 600ml,Bebidas,4,2153.1
2025-10-09,Arroz 1kg,Despensa,4,4910.06
2025-10-09,Azucar 1kg,Despensa,4,4552.27
2025-10-09,Bebida Energetica 250ml,Bebidas,2,4499.66
2025-10-09,Cafe Molido 250g,Despensa,3,9269.21
2025-10-09,Cerveza Sixpack,Bebidas,2,14608.07
2025-10-09,Chitos 40g,Snacks,6,2640.72
2025-10-09,Chocolate 250g,Despensa,1,8478.56
2025-10-09,Detergente 500g,Aseo,2,6581.85
2025-10-09,Frijol 500g,Granos,1,5277.42
2025-10-09,Galletas Chocolate,Snacks,3,3462.73
2025-10-09,Gaseosa Cola 400ml,Bebidas,15,2970.85
2025-10-09,Gaseosa Manzana 400ml,Bebidas,5,2456.49
2025-10-09,Harina Trigo 1kg,Despensa,6,4349.98
2025-10-09,Huevos x30,Despensa,4,16387.33
2025-10-09,Jabon Barra,Aseo,2,3261.26
2025-10-09,Jugo Mango 300ml,Bebidas,5,3378.07
2025-10-09,Leche Entera 900ml,Lacteos,9,4088.56
2025-10-09,Lenteja 500g,Granos,1,5009.95
2025-10-09,Mani 50g,Snacks,2,3002.98
2025-10-09,Pan Blandito x5,Panaderia,4,2961.03
2025-10-09,Pan Tajado 500g,Panaderia,3,5937.45
2025-10-09,Papas 30g,Snacks,7,2303.95
2025-10-09,Papel Higienico x4,Aseo,1,9159.21
2025-10-09,Queso Campesino 250g,Lacteos,4,8131.66
2025-10-09,Sal 500g,Despensa,2,1870.12
2025-10-09,Yogurt Fresa 200ml,Lacteos,9,2619.62
2025-10-10,Aceite 1L,Despensa,4,15699.79
2025-10-10,Agua 600ml,Bebidas,8,2070.15
2025-10-10,Arroz 1kg,Despensa,4,4598.59
2025-10-10,Azucar 1kg,Despensa,2,4878.56
2025-10-10,Bebida Energetica 250ml,Bebidas,5,4473.84
2025-10-10,Cafe Molido 250g,Despensa,5,9036.84
2025-10-10,Cerveza Sixpack,Bebidas,4,15274.99
2025-10-10,Chitos 40g,Snacks,3,2631.27
2025-10-10,Chocolate 250g,Despensa,3,8784.77
2025-10-10,Detergente 500g,Aseo,5,6635.38
2025-10-10,Frijol 500g,Granos,2,5160.14
2025-10-10,Galletas Chocolate,Snacks,5,3491.69
2025-10-10,Gaseosa Cola 400ml,Bebidas,13,2923.57
2025-10-10,Gaseosa Manzana 400ml,Bebidas,14,2929.25
2025-10-10,Harina Trigo 1kg,Despensa,1,4369.33
2025-10-10,Huevos x30,Despensa,2,17341.62
2025-10-10,Jabon Barra,Aseo,2,3134.15
2025-10-10,Jugo Mango 300ml,Bebidas,10,3269.59
2025-10-10,Leche Entera 900ml,Lacteos,9,4098.24
2025-10-10,Lenteja 500g,Granos,2,4819.87
2025-10-10,Mani 50g,Snacks,2,3011.18
2025-10-10,Pan Blandito x5,Panaderia,2,3174.17
2025-10-10,Pan Tajado 500g,Panaderia,5,6316.47
2025-10-10,Papas 30g,Snacks,12,2753.4
2025-10-10,Papel Higienico x4,Aseo,1,9089.08
2025-10-10,Queso Campesino 250g,Lacteos,1,7398.76
2025-10-10,Yogurt Fresa 200ml,Lacteos,10,2592.54
2025-10-11,Aceite 1L,Despensa,4,15842.8
2025-10-11,Agua 600ml,Bebidas,7,1999.94
2025-10-11,Arroz 1kg,Despensa,6,5010.74
2025-10-11,Azucar 1kg,Despensa,2,4475.98
2025-10-11,Bebida Energetica 250ml,Bebidas,1,4410.19
2025-10-11,Cafe Molido 250g,Despensa,4,9049.99
2025-10-11,Cerveza Sixpack,Bebidas,7,15035.41
2025-10-11,Chitos 40g,Snacks,4,2694.71
2025-10-11,Chocolate 250g,Despensa,5,7664.24
2025-10-11,Detergente 500g,Aseo,1,6707.56
2025-10-11,Frijol 500g,Granos,1,5231.78
2025-10-11,Galletas Chocolate,Snacks,3,3759.22
2025-10-11,Gaseosa Cola 400ml,Bebidas,16,2848.63
2025-10-11,Gaseosa Manzana 400ml,Bebidas,12,2707.57
2025-10-11,Harina Trigo 1kg,Despensa,2,4468.85
2025-10-11,Huevos x30,Despensa,4,16096.37
2025-10-11,Jabon Barra,Aseo,3,3128.95
2025-10-11,Jugo Mango 300ml,Bebidas,10,3502.33
2025-10-11,Leche Entera 900ml,Lacteos,8,4275.12
2025-10-11,Lenteja 500g,Granos,3,4247.79
2025-10-11,Mani 50g,Snacks,5,2989.33
2025-10-11,Pan Blandito x5,Panaderia,5,3246.87
2025-10-11,Pan Tajado 500g,Panaderia,4,6054.27
2025-10-11,Papas 30g,Snacks,9,2565.04
2025-10-11,Queso Campesino 250g,Lacteos,2,7881.7
2025-10-11,Sal 500g,Despensa,2,1932.43
2025-10-11,Yogurt Fresa 200ml,Lacteos,8,2672.27
2025-10-12,Aceite 1L,Despensa,3,16624.78
2025-10-12,Agua 600ml,Bebidas,7,2133.72
2025-10-12,Arroz 1kg,Despensa,3,4401.44
2025-10-12,Azucar 1kg,Despensa,7,4987.83
2025-10-12,Bebida Energetica 250ml,Bebidas,6,4475.22
2025-10-12,Cafe Molido 250g,Despensa,2,9004.68
2025-10-12,Cerveza Sixpack,Bebidas,3,13914.25
2025-10-12,Chitos 40g,Snacks,3,2787.28
2025-10-12,Detergente 500g,Aseo,2,6854.11
2025-10-12,Frijol 500g,Granos,3,5354.16
2025-10-12,Galletas Chocolate,Snacks,7,3556.82
2025-10-12,Gaseosa Cola 400ml,Bebidas,12,2882.34
2025-10-12,Gaseosa Manzana 400ml,Bebidas,11,2835.43
2025-10-12,Harina Trigo 1kg,Despensa,3,4408.71
2025-10-12,Huevos x30,Despensa,1,15765.88
2025-10-12,Jabon Barra,Aseo,3,3173.17
2025-10-12,Jugo Mango 300ml,Bebidas,10,3246.32
2025-10-12,Leche Entera 900ml,Lacteos,4,4329.26
2025-10-12,Lenteja 500g,Granos,1,5167.43
2025-10-12,Mani 50g,Snacks,4,3041.02
2025-10-12,Pan Blandito x5,Panaderia,6,3021.5
2025-10-12,Pan Tajado 500g,Panaderia,4,4663.31
2025-10-12,Papas 30g,Snacks,9,2562.85
2025-10-12,Queso Campesino 250g,Lacteos,3,7625.06
2025-10-12,Sal 500g,Despensa,4,1799.88
2025-10-12,Yogurt Fresa 200ml,Lacteos,3,2598.39
2025-10-13,Aceite 1L,Despensa,4,15493.67
2025-10-13,Agua 600ml,Bebidas,5,2160.51
2025-10-13,Arroz 1kg,Despensa,5,4683.64
2025-10-13,Azucar 1kg,Despensa,4,4744.95
2025-10-13,Bebida Energetica 250ml,Bebidas,3,4928.52
2025-10-13,Cafe Molido 250g,Despensa,2,9205.57
2025-10-13,Cerveza Sixpack,Bebidas,6,14309.81
2025-10-13,Chitos 40g,Snacks,1,2525.56
2025-10-13,Chocolate 250g,Despensa,1,8405.06
2025-10-13,Detergente 500g,Aseo,3,7245.74
2025-10-13,Frijol 500g,Granos,2,5168.4
2025-10-13,Galletas Chocolate,Snacks,2,3539.43
2025-10-13,Gaseosa Cola 400ml,Bebidas,12,2842.05
2025-10-13,Gaseosa Manzana 400ml,Bebidas,10,2826.57
2025-10-13,Harina Trigo 1kg,Despensa,2,4374.27
2025-10-13,Huevos x30,Despensa,1,16079.26
2025-10-13,Jabon Barra,Aseo,1,3195.95
2025-10-13,Jugo Mango 300ml,Bebidas,6,3254.86
2025-10-13,Leche Entera 900ml,Lacteos,13,4305.48
2025-10-13,Lenteja 500g,Granos,4,4877.63
2025-10-13,Mani 50g,Snacks,6,3047.56
2025-10-13,Pan Blandito x5,Panaderia,9,3145.56
2025-10-13,Pan Tajado 500g,Panaderia,4,5913.79
2025-10-13,Papas 30g,Snacks,7,2710.91
2025-10-13,Papel Higienico x4,Aseo,2,9379.28
2025-10-13,Queso Campesino 250g,Lacteos,3,7594.37
2025-10-13,Sal 500g,Despensa,1,1731.38
2025-10-13,Yogurt Fresa 200ml,Lacteos,6,2658.25
2025-10-14,Aceite 1L,Despensa,1,15906.77
2025-10-14,Agua 600ml,Bebidas,13,2169.87
2025-10-14,Arroz 1kg,Despensa,2,4595.92
2025-10-14,Azucar 1kg,Despensa,5,4629.56
2025-10-14,Bebida Energetica 250ml,Bebidas,3,4486.21
2025-10-14,Cerveza Sixpack,Bebidas,3,14303.99
2025-10-14,Chitos 40g,Snacks,9,2189.87
2025-10-14,Chocolate 250g,Despensa,2,8259.46
2025-10-14,Frijol 500g,Granos,1,5364.71
2025-10-14,Galletas Chocolate,Snacks,4,3467.23
2025-10-14,Gaseosa Cola 400ml,Bebidas,16,2855.3
2025-10-14,Gaseosa Manzana 400ml,Bebidas,15,3007.62
2025-10-14,Harina Trigo 1kg,Despensa,7,3838.91
2025-10-14,Huevos x30,Despensa,2,16010.54
2025-10-14,Jabon Barra,Aseo,8,2749.77
2025-10-14,Jugo Mango 300ml,Bebidas,8,3116.35
2025-10-14,Leche Entera 900ml,Lacteos,7,4377.84
2025-10-14,Mani 50g,Snacks,4,2721.19
2025-10-14,Pan Blandito x5,Panaderia,5,3162.88
2025-10-14,Pan Tajado 500g,Panaderia,6,5881.96
2025-10-14,Papas 30g,Snacks,8,2618.47
2025-10-14,Papel Higienico x4,Aseo,3,9295.49
2025-10-14,Queso Campesino 250g,Lacteos,5,8114.86
2025-10-14,Sal 500g,Despensa,3,2010.29
2025-10-14,Yogurt Fresa 200ml,Lacteos,9,2612.85
2025-10-15,Aceite 1L,Despensa,2,15800.02
2025-10-15,Agua 600ml,Bebidas,9,2000.28
2025-10-15,Arroz 1kg,Despensa,7,4771.93
2025-10-15,Azucar 1kg,Despensa,4,5063.9
2025-10-15,Bebida Energetica 250ml,Bebidas,3,4683.44
2025-10-15,Cafe Molido 250g,Despensa,1,8806.21
2025-10-15,Cerveza Sixpack,Bebidas,3,15233.86
2025-10-15,Chitos 40g,Snacks,6,2699.86
2025-10-15,Chocolate 250g,Despensa,3,8392.8
2025-10-15,Detergente 500g,Aseo,4,6835.1
2025-10-15,Frijol 500g,Granos,2,5200.83
2025-10-15,Galletas Chocolate,Snacks,5,3426.84
2025-10-15,Gaseosa Cola 400ml,Bebidas,13,2863.58
2025-10-15,Gaseosa Manzana 400ml,Bebidas,11,2870.72
2025-10-15,Harina Trigo 1kg,Despensa,2,4125.02
2025-10-15,Huevos x30,Despensa,3,17127.5
2025-10-15,Jabon Barra,Aseo,2,3140.34
2025-10-15,Jugo Mango 300ml,Bebidas,6,3205.98
2025-10-15,Leche Entera 900ml,Lacteos,5,4144.35
2025-10-15,Lenteja 500g,Granos,4,5054.49
2025-10-15,Mani 50g,Snacks,1,2959.06
2025-10-15,Pan Blandito x5,Panaderia,6,3204.09
2025-10-15,Pan Tajado 500g,Panaderia,6,5428.21
2025-10-15,Papas 30g,Snacks,12,2507.69
2025-10-15,Papel Higienico x4,Aseo,1,9404.13
2025-10-15,Queso Campesino 250g,Lacteos,3,8040.3
2025-10-15,Sal 500g,Despensa,2,1865.76
2025-10-15,Yogurt Fresa 200ml,Lacteos,5,2679.72
2025-10-16,Aceite 1L,Despensa,1,15981.24
2025-10-16,Agua 600ml,Bebidas,4,2212.43
2025-10-16,Arroz 1kg,Despensa,6,4583.72
2025-10-16,Azucar 1kg,Despensa,1,4698.19
2025-10-16,Bebida Energetica 250ml,Bebidas,1,3920.4
2025-10-16,Cafe Molido 250g,Despensa,4,8902.62
2025-10-16,Cerveza Sixpack,Bebidas,2,15055.65
2025-10-16,Chitos 40g,Snacks,9,2679.65
2025-10-16,Chocolate 250g,Despensa,1,8891.85
2025-10-16,Detergente 500g,Aseo,2,6857.1
2025-10-16,Frijol 500g,Granos,1,5100.58
2025-10-16,Galletas Chocolate,Snacks,6,3704.66
2025-10-16,Gaseosa Cola 400ml,Bebidas,8,2961.89
2025-10-16,Gaseosa Manzana 400ml,Bebidas,9,2785.35
2025-10-16,Harina Trigo 1kg,Despensa,5,4152.35
2025-10-16,Huevos x30,Despensa,3,16227.92
2025-10-16,Jabon Barra,Aseo,3,3370.84
2025-10-16,Jugo Mango 300ml,Bebidas,5,3181.83
2025-10-16,Leche Entera 900ml,Lacteos,6,4163.11
2025-10-16,Lenteja 500g,Granos,1,4822.93
2025-10-16,Mani 50g,Snacks,6,2966.55
2025-10-16,Pan Blandito x5,Panaderia,7,3241.35
2025-10-16,Pan Tajado 500g,Panaderia,6,6169.76
2025-10-16,Papas 30g,Snacks,8,2472.3
2025-10-16,Sal 500g,Despensa,5,1807.65
2025-10-16,Yogurt Fresa 200ml,Lacteos,1,2603.64
2025-10-17,Aceite 1L,Despensa,1,14851.54
2025-10-17,Agua 600ml,Bebidas,8,2098.31
2025-10-17,Arroz 1kg,Despensa,2,4470.74
2025-10-17,Azucar 1kg,Despensa,2,4823.8
2025-10-17,Bebida Energetica 250ml,Bebidas,6,4405.63
2025-10-17,Cafe Molido 250g,Despensa,2,9269.55
2025-10-17,Cerveza Sixpack,Bebidas,4,14972.92
2025-10-17,Chitos 40g,Snacks,4,2627.24
2025-10-17,Chocolate 250g,Despensa,1,8919.34
2025-10-17,Detergente 500g,Aseo,1,6772.81
2025-10-17,Galletas Chocolate,Snacks,5,3660.43
2025-10-17,Gaseosa Cola 400ml,Bebidas,14,2941.64
2025-10-17,Gaseosa Manzana 400ml,Bebidas,13,2798.55
2025-10-17,Harina Trigo 1kg,Despensa,5,4017.55
2025-10-17,Huevos x30,Despensa,4,16932.9
2025-10-17,Jabon Barra,Aseo,5,3323.86
2025-10-17,Jugo Mango 300ml,Bebidas,9,3325.93
2025-10-17,Leche Entera 900ml,Lacteos,10,4250.58
2025-10-17,Lenteja 500g,Granos,2,4628.85
2025-10-17,Mani 50g,Snacks,5,2986.96
2025-10-17,Pan Blandito x5,Panaderia,3,3118.26
2025-10-17,Pan Tajado 500g,Panaderia,4,5926.46
2025-10-17,Papas 30g,Snacks,11,2583.36
2025-10-17,Papel Higienico x4,Aseo,3,9305.42
2025-10-17,Queso Campesino 250g,Lacteos,10,7638.21
2025-10-17,Yogurt Fresa 200ml,Lacteos,2,2575.09
2025-10-18,Aceite 1L,Despensa,1,17373.65
2025-10-18,Agua 600ml,Bebidas,9,2328.31
2025-10-18,Arroz 1kg,Despensa,6,4371.78
2025-10-18,Azucar 1kg,Despensa,2,5223.68
2025-10-18,Bebida Energetica 250ml,Bebidas,15,3828.01
2025-10-18,Cerveza Sixpack,Bebidas,4,15662.25
2025-10-18,Chitos 40g,Snacks,4,2568.68
2025-10-18,Chocolate 250g,Despensa,1,8423.82
2025-10-18,Detergente 500g,Aseo,2,7206.64
2025-10-18,Frijol 500g,Granos,2,5092.3
2025-10-18,Galletas Chocolate,Snacks,7,3510.01
2025-10-18,Gaseosa Cola 400ml,Bebidas,11,2863.62
2025-10-18,Gaseosa Manzana 400ml,Bebidas,9,2876.28
2025-10-18,Harina Trigo 1kg,Despensa,1,4157.23
2025-10-18,Huevos x30,Despensa,2,16816.13
2025-10-18,Jabon Barra,Aseo,3,3185.17
2025-10-18,Jugo Mango 300ml,Bebidas,7,3302.43
2025-10-18,Leche Entera 900ml,Lacteos,4,4400.64
2025-10-18,Lenteja 500g,Granos,2,4862.43
2025-10-18,Mani 50g,Snacks,5,3054.73
2025-10-18,Pan Blandito x5,Panaderia,6,3068.18
2025-10-18,Pan Tajado 500g,Panaderia,4,5859.59
2025-10-18,Papas 30g,Snacks,9,2490.5
2025-10-18,Papel Higienico x4,Aseo,1,9106.36
2025-10-18,Queso Campesino 250g,Lacteos,3,7815.88
2025-10-18,Sal 500g,Despensa,2,1955.12
2025-10-18,Yogurt Fresa 200ml,Lacteos,3,2609.17
2025-10-19,Aceite 1L,Despensa,1,16473.51
2025-10-19,Agua 600ml,Bebidas,8,2171.59
2025-10-19,Arroz 1kg,Despensa,6,4873.98
2025-10-19,Azucar 1kg,Despensa,3,4895.25
2025-10-19,Bebida Energetica 250ml,Bebidas,6,4805.42
2025-10-19,Cafe Molido 250g,Despensa,2,9115.66
2025-10-19,Cerveza Sixpack,Bebidas,3,14857.11
2025-10-19,Chitos 40g,Snacks,8,2673.81
2025-10-19,Chocolate 250g,Despensa,1,8554.69
2025-10-19,Detergente 500g,Aseo,2,6936.75
2025-10-19,Frijol 500g,Granos,5,5038.21
2025-10-19,Galletas Chocolate,Snacks,6,3481.13
2025-10-19,Gaseosa Cola 400ml,Bebidas,10,2894.94
2025-10-19,Gaseosa Manzana 400ml,Bebidas,15,2285.46
2025-10-19,Harina Trigo 1kg,Despensa,1,4184.58
2025-10-19,Huevos x30,Despensa,5,16396.53
2025-10-19,Jabon Barra,Aseo,1,3028.85
2025-10-19,Jugo Mango 300ml,Bebidas,8,3236.77
2025-10-19,Leche Entera 900ml,Lacteos,6,4115.87
2025-10-19,Lenteja 500g,Granos,1,5065.28
2025-10-19,Mani 50g,Snacks,3,3158.96
2025-10-19,Pan Blandito x5,Panaderia,3,3258.48
2025-10-19,Pan Tajado 500g,Panaderia,6,5782.86
2025-10-19,Papas 30g,Snacks,13,2749.32
2025-10-19,Papel Higienico x4,Aseo,1,9978.88
2025-10-19,Queso Campesino 250g,Lacteos,6,7801.01
2025-10-19,Sal 500g,Despensa,1,1998.9
2025-10-19,Yogurt Fresa 200ml,Lacteos,8,2512.39
2025-10-20,Aceite 1L,Despensa,4,15564.1
2025-10-20,Agua 600ml,Bebidas,5,2125.22
2025-10-20,Arroz 1kg,Despensa,6,4647.51
2025-10-20,Azucar 1kg,Despensa,4,4676.29
2025-10-20,Bebida Energetica 250ml,Bebidas,3,4328.3
2025-10-20,Cafe Molido 250g,Despensa,1,9170.93
2025-10-20,Cerveza Sixpack,Bebidas,2,14459.77
2025-10-20,Chitos 40g,Snacks,6,2667.14
2025-10-20,Chocolate 250g,Despensa,3,8339.62
2025-10-20,Detergente 500g,Aseo,2,6435.67
2025-10-20,Frijol 500g,Granos,2,5292.76
2025-10-20,Galletas Chocolate,Snacks,6,3463.72
2025-10-20,Gaseosa Cola 400ml,Bebidas,7,2950.24
2025-10-20,Gaseosa Manzana 400ml,Bebidas,8,2678.04
2025-10-20,Harina Trigo 1kg,Despensa,3,4043.06
2025-10-20,Huevos x30,Despensa,3,17322.27
2025-10-20,Jabon Barra,Aseo,3,3104.36
2025-10-20,Jugo Mango 300ml,Bebidas,8,3493.79
2025-10-20,Leche Entera 900ml,Lacteos,9,4119.12
2025-10-20,Lenteja 500g,Granos,1,4685.27
2025-10-20,Mani 50g,Snacks,5,3004.22
2025-10-20,Pan Blandito x5,Panaderia,4,2947.45
2025-10-20,Pan Tajado 500g,Panaderia,6,6067.59
2025-10-20,Papas 30g,Snacks,5,2567.58
2025-10-20,Papel Higienico x4,Aseo,1,9606.22
2025-10-20,Queso Campesino 250g,Lacteos,3,6495.46
2025-10-20,Sal 500g,Despensa,1,2000.29
2025-10-20,Yogurt Fresa 200ml,Lacteos,7,2663.36
2025-10-21,Aceite 1L,Despensa,2,15177.5
2025-10-21,Agua 600ml,Bebidas,6,2144.96
2025-10-21,Arroz 1kg,Despensa,2,4513.85
2025-10-21,Azucar 1kg,Despensa,6,4945.5
2025-10-21,Bebida Energetica 250ml,Bebidas,1,4265.7
2025-10-21,Cafe Molido 250g,Despensa,2,9209.81
2025-10-21,Cerveza Sixpack,Bebidas,5,14773.24
2025-10-21,Chitos 40g,Snacks,5,2762.44
2025-10-21,Chocolate 250g,Despensa,2,7682.0
2025-10-21,Detergente 500g,Aseo,1,6429.23
2025-10-21,Frijol 500g,Granos,1,5519.4
2025-10-21,Galletas Chocolate,Snacks,3,3641.76
2025-10-21,Gaseosa Cola 400ml,Bebidas,10,2848.11
2025-10-21,Gaseosa Manzana 400ml,Bebidas,10,2894.73
2025-10-21,Harina Trigo 1kg,Despensa,2,4260.05
2025-10-21,Jabon Barra,Aseo,3,3185.03
2025-10-21,Jugo Mango 300ml,Bebidas,11,3227.15
2025-10-21,Leche Entera 900ml,Lacteos,11,3959.99
2025-10-21,Lenteja 500g,Granos,2,4888.75
2025-10-21,Mani 50g,Snacks,4,3316.14
2025-10-21,Pan Blandito x5,Panaderia,3,3328.34
2025-10-21,Pan Tajado 500g,Panaderia,4,5889.81
2025-10-21,Papas 30g,Snacks,11,2643.17
2025-10-21,Queso Campesino 250g,Lacteos,1,7847.69
2025-10-21,Sal 500g,Despensa,1,1763.07
2025-10-21,Yogurt Fresa 200ml,Lacteos,5,2535.2
2025-10-22,Aceite 1L,Despensa,2,15603.08
2025-10-22,Agua 600ml,Bebidas,6,2120.31
2025-10-22,Arroz 1kg,Despensa,8,4787.24
2025-10-22,Azucar 1kg,Despensa,2,4920.03
2025-10-22,Bebida Energetica 250ml,Bebidas,3,3706.36
2025-10-22,Cafe Molido 250g,Despensa,3,9174.81
2025-10-22,Cerveza Sixpack,Bebidas,4,14340.21
2025-10-22,Chitos 40g,Snacks,6,2813.57
2025-10-22,Detergente 500g,Aseo,2,6581.1
2025-10-22,Frijol 500g,Granos,3,5094.77
2025-10-22,Galletas Chocolate,Snacks,4,3440.48
2025-10-22,Gaseosa Cola 400ml,Bebidas,13,2332.81
2025-10-22,Gaseosa Manzana 400ml,Bebidas,12,2688.02
2025-10-22,Huevos x30,Despensa,1,17014.32
2025-10-22,Jabon Barra,Aseo,1,2884.84
2025-10-22,Jugo Mango 300ml,Bebidas,4,3349.32
2025-10-22,Leche Entera 900ml,Lacteos,4,4406.2
2025-10-22,Mani 50g,Snacks,1,3070.6
2025-10-22,Pan Blandito x5,Panaderia,1,3125.75
2025-10-22,Pan Tajado 500g,Panaderia,9,4657.21
2025-10-22,Papas 30g,Snacks,15,2417.33
2025-10-22,Papel Higienico x4,Aseo,1,9335.31
2025-10-22,Queso Campesino 250g,Lacteos,2,7362.32
2025-10-22,Sal 500g,Despensa,4,1763.86
2025-10-22,Yogurt Fresa 200ml,Lacteos,5,2661.67
2025-10-23,Aceite 1L,Despensa,1,16057.65
2025-10-23,Agua 600ml,Bebidas,5,1988.68
2025-10-23,Arroz 1kg,Despensa,5,4783.1
2025-10-23,Azucar 1kg,Despensa,3,4710.17
2025-10-23,Bebida Energetica 250ml,Bebidas,3,4418.55
2025-10-23,Cafe Molido 250g,Despensa,4,9885.5
2025-10-23,Cerveza Sixpack,Bebidas,1,14520.29
2025-10-23,Chitos 40g,Snacks,7,2655.84
2025-10-23,Chocolate 250g,Despensa,1,8083.92
2025-10-23,Galletas Chocolate,Snacks,7,3351.45
2025-10-23,Gaseosa Cola 400ml,Bebidas,12,2858.38
2025-10-23,Gaseosa Manzana 400ml,Bebidas,8,2914.84
2025-10-23,Harina Trigo 1kg,Despensa,2,4059.65
2025-10-23,Huevos x30,Despensa,3,16552.56
2025-10-23,Jabon Barra,Aseo,1,3071.32
2025-10-23,Jugo Mango 300ml,Bebidas,5,3077.42
2025-10-23,Leche Entera 900ml,Lacteos,5,4477.81
2025-10-23,Mani 50g,Snacks,5,3078.8
2025-10-23,Pan Blandito x5,Panaderia,1,3110.09
2025-10-23,Pan Tajado 500g,Panaderia,5,6050.44
2025-10-23,Papas 30g,Snacks,10,2549.91
2025-10-23,Papel Higienico x4,Aseo,2,9012.87
2025-10-23,Queso Campesino 250g,Lacteos,5,7780.85
2025-10-23,Sal 500g,Despensa,1,1923.92
2025-10-23,Yogurt Fresa 200ml,Lacteos,8,2679.16
2025-10-24,Aceite 1L,Despensa,4,15601.77
2025-10-24,Agua 600ml,Bebidas,14,2139.99
2025-10-24,Arroz 1kg,Despensa,4,4659.35
2025-10-24,Azucar 1kg,Despensa,2,4930.51
2025-10-24,Bebida Energetica 250ml,Bebidas,3,4483.34
2025-10-24,Cerveza Sixpack,Bebidas,2,15040.58
2025-10-24,Chitos 40g,Snacks,8,2621.69
2025-10-24,Chocolate 250g,Despensa,1,8838.87
2025-10-24,Detergente 500g,Aseo,2,7190.75
2025-10-24,Frijol 500g,Granos,1,5341.96
2025-10-24,Galletas Chocolate,Snacks,2,3730.02
2025-10-24,Gaseosa Cola 400ml,Bebidas,9,2912.01
2025-10-24,Gaseosa Manzana 400ml,Bebidas,12,2793.64
2025-10-24,Harina Trigo 1kg,Despensa,4,4182.69
2025-10-24,Huevos x30,Despensa,1,16301.32
2025-10-24,Jabon Barra,Aseo,3,3206.96
2025-10-24,Jugo Mango 300ml,Bebidas,5,3302.64
2025-10-24,Leche Entera 900ml,Lacteos,6,4214.57
2025-10-24,Lenteja 500g,Granos,1,4600.7
2025-10-24,Mani 50g,Snacks,6,3009.14
2025-10-24,Pan Blandito x5,Panaderia,7,3289.47
2025-10-24,Pan Tajado 500g,Panaderia,2,6130.26
2025-10-24,Papas 30g,Snacks,7,2553.45
2025-10-24,Papel Higienico x4,Aseo,3,8028.27
2025-10-24,Queso Campesino 250g,Lacteos,2,7742.62
2025-10-24,Yogurt Fresa 200ml,Lacteos,10,2051.73
2025-10-25,Aceite 1L,Despensa,3,15582.99
2025-10-25,Agua 600ml,Bebidas,17,2153.1
2025-10-25,Arroz 1kg,Despensa,5,4462.41
2025-10-25,Azucar 1kg,Despensa,4,4917.49
2025-10-25,Bebida Energetica 250ml,Bebidas,2,4484.95
2025-10-25,Cafe Molido 250g,Despensa,2,8991.91
2025-10-25,Cerveza Sixpack,Bebidas,2,15247.31
2025-10-25,Chitos 40g,Snacks,10,2643.72
2025-10-25,Detergente 500g,Aseo,4,7064.73
2025-10-25,Galletas Chocolate,Snacks,18,3083.49
2025-10-25,Gaseosa Cola 400ml,Bebidas,16,2966.04
2025-10-25,Gaseosa Manzana 400ml,Bebidas,25,2346.16
2025-10-25,Harina Trigo 1kg,Despensa,1,4475.71
2025-10-25,Huevos x30,Despensa,6,15908.27
2025-10-25,Jabon Barra,Aseo,3,2703.16
2025-10-25,Jugo Mango 300ml,Bebidas,5,3439.59
2025-10-25,Leche Entera 900ml,Lacteos,9,4076.54
2025-10-25,Lenteja 500g,Granos,1,4652.24
2025-10-25,Mani 50g,Snacks,10,2713.29
2025-10-25,Pan Blandito x5,Panaderia,7,3127.7
2025-10-25,Pan Tajado 500g,Panaderia,4,5636.58
2025-10-25,Papas 30g,Snacks,16,2667.66
2025-10-25,Queso Campesino 250g,Lacteos,3,7610.51
2025-10-25,Sal 500g,Despensa,1,1792.98
2025-10-25,Yogurt Fresa 200ml,Lacteos,9,2582.37
2025-10-26,Aceite 1L,Despensa,3,15987.36
2025-10-26,Agua 600ml,Bebidas,17,1918.8
2025-10-26,Arroz 1kg,Despensa,5,4727.73
2025-10-26,Azucar 1kg,Despensa,1,4951.58
2025-10-26,Bebida Energetica 250ml,Bebidas,6,4126.48
2025-10-26,Cafe Molido 250g,Despensa,4,9450.72
2025-10-26,Cerveza Sixpack,Bebidas,1,14629.2
2025-10-26,Chitos 40g,Snacks,8,2794.44
2025-10-26,Detergente 500g,Aseo,2,5915.4
2025-10-26,Frijol 500g,Granos,2,4901.14
2025-10-26,Galletas Chocolate,Snacks,8,3658.83
2025-10-26,Gaseosa Cola 400ml,Bebidas,15,2869.34
2025-10-26,Gaseosa Manzana 400ml,Bebidas,9,2847.2
2025-10-26,Harina Trigo 1kg,Despensa,3,4364.05
2025-10-26,Huevos x30,Despensa,1,16640.03
2025-10-26,Jabon Barra,Aseo,4,3115.23
2025-10-26,Jugo Mango 300ml,Bebidas,4,3297.14
2025-10-26,Leche Entera 900ml,Lacteos,12,4252.25
2025-10-26,Lenteja 500g,Granos,2,5126.53
2025-10-26,Mani 50g,Snacks,3,2989.92
2025-10-26,Pan Blandito x5,Panaderia,7,3233.75
2025-10-26,Pan Tajado 500g,Panaderia,2,6070.43
2025-10-26,Papas 30g,Snacks,13,2656.01
2025-10-26,Papel Higienico x4,Aseo,3,9413.77
2025-10-26,Queso Campesino 250g,Lacteos,5,7410.14
2025-10-26,Sal 500g,Despensa,2,1887.9
2025-10-26,Yogurt Fresa 200ml,Lacteos,5,2572.32
2025-10-27,Agua 600ml,Bebidas,6,2204.02
2025-10-27,Arroz 1kg,Despensa,5,4654.58
2025-10-27,Azucar 1kg,Despensa,3,4818.69
2025-10-27,Bebida Energetica 250ml,Bebidas,4,4342.1
2025-10-27,Cafe Molido 250g,Despensa,6,8777.69
2025-10-27,Cerveza Sixpack,Bebidas,2,15499.07
2025-10-27,Chitos 40g,Snacks,3,2697.36
2025-10-27,Chocolate 250g,Despensa,1,8239.67
2025-10-27,Frijol 500g,Granos,2,5063.13
2025-10-27,Galletas Chocolate,Snacks,12,3562.35
2025-10-27,Gaseosa Cola 400ml,Bebidas,16,2765.4
2025-10-27,Gaseosa Manzana 400ml,Bebidas,6,2638.54
2025-10-27,Harina Trigo 1kg,Despensa,1,4061.48
2025-10-27,Huevos x30,Despensa,3,16674.7
2025-10-27,Jabon Barra,Aseo,4,3218.97
2025-10-27,Jugo Mango 300ml,Bebidas,10,3118.08
2025-10-27,Leche Entera 900ml,Lacteos,4,4111.66
2025-10-27,Lenteja 500g,Granos,3,4586.7
2025-10-27,Mani 50g,Snacks,7,2973.65
2025-10-27,Pan Blandito x5,Panaderia,2,3322.45
2025-10-27,Pan Tajado 500g,Panaderia,9,5912.0
2025-10-27,Papas 30g,Snacks,12,2356.16
2025-10-27,Papel Higienico x4,Aseo,1,8990.58
2025-10-27,Queso Campesino 250g,Lacteos,6,6554.5
2025-10-27,Sal 500g,Despensa,5,2017.26
2025-10-27,Yogurt Fresa 200ml,Lacteos,4,2579.77
2025-10-28,Aceite 1L,Despensa,1,15975.78
2025-10-28,Agua 600ml,Bebidas,7,2023.73
2025-10-28,Arroz 1kg,Despensa,3,4695.95
2025-10-28,Azucar 1kg,Despensa,4,4847.2
2025-10-28,Bebida Energetica 250ml,Bebidas,3,4740.89
2025-10-28,Cafe Molido 250g,Despensa,2,8304.64
2025-10-28,Cerveza Sixpack,Bebidas,3,14905.25
2025-10-28,Chitos 40g,Snacks,4,2808.53
2025-10-28,Chocolate 250g,Despensa,3,8622.24
2025-10-28,Frijol 500g,Granos,1,5280.34
2025-10-28,Galletas Chocolate,Snacks,8,3672.17
2025-10-28,Gaseosa Cola 400ml,Bebidas,8,2885.98
2025-10-28,Gaseosa Manzana 400ml,Bebidas,4,2536.29
2025-10-28,Harina Trigo 1kg,Despensa,5,4045.02
2025-10-28,Huevos x30,Despensa,6,16102.21
2025-10-28,Jabon Barra,Aseo,2,3184.5
2025-10-28,Jugo Mango 300ml,Bebidas,9,3223.82
2025-10-28,Leche Entera 900ml,Lacteos,5,4130.47
2025-10-28,Lenteja 500g,Granos,2,5168.0
2025-10-28,Mani 50g,Snacks,4,2875.95
2025-10-28,Pan Blandito x5,Panaderia,5,3232.7
2025-10-28,Pan Tajado 500g,Panaderia,3,5913.3
2025-10-28,Papas 30g,Snacks,18,2186.83
2025-10-28,Papel Higienico x4,Aseo,1,9580.11
2025-10-28,Queso Campesino 250g,Lacteos,7,7605.09
2025-10-28,Sal 500g,Despensa,2,1902.84
2025-10-28,Yogurt Fresa 200ml,Lacteos,6,2516.02
2025-10-29,Aceite 1L,Despensa,1,16753.52
2025-10-29,Agua 600ml,Bebidas,12,2044.82
2025-10-29,Arroz 1kg,Despensa,6,4554.2
2025-10-29,Azucar 1kg,Despensa,3,4976.86
2025-10-29,Bebida Energetica 250ml,Bebidas,6,4423.69
2025-10-29,Cafe Molido 250g,Despensa,1,9088.81
2025-10-29,Cerveza Sixpack,Bebidas,2,15383.38
2025-10-29,Chitos 40g,Snacks,6,2691.8
2025-10-29,Chocolate 250g,Despensa,1,6553.36
2025-10-29,Detergente 500g,Aseo,3,6401.11
2025-10-29,Frijol 500g,Granos,1,5469.37
2025-10-29,Galletas Chocolate,Snacks,9,3594.26
2025-10-29,Gaseosa Cola 400ml,Bebidas,8,2349.37
2025-10-29,Gaseosa Manzana 400ml,Bebidas,11,2893.34
2025-10-29,Harina Trigo 1kg,Despensa,5,3920.1
2025-10-29,Huevos x30,Despensa,2,14861.23
2025-10-29,Jabon Barra,Aseo,2,3242.15
2025-10-29,Jugo Mango 300ml,Bebidas,3,3430.08
2025-10-29,Leche Entera 900ml,Lacteos,12,4016.94
2025-10-29,Lenteja 500g,Granos,6,5009.76
2025-10-29,Mani 50g,Snacks,3,2904.3
2025-10-29,Pan Blandito x5,Panaderia,5,2725.91
2025-10-29,Pan Tajado 500g,Panaderia,3,6013.6
2025-10-29,Papas 30g,Snacks,7,2633.6
2025-10-29,Papel Higienico x4,Aseo,5,9191.8
2025-10-29,Queso Campesino 250g,Lacteos,7,7948.77
2025-10-29,Sal 500g,Despensa,5,1850.5
2025-10-29,Yogurt Fresa 200ml,Lacteos,11,2567.66
2025-10-30,Aceite 1L,Despensa,1,15501.68
2025-10-30,Agua 600ml,Bebidas,12,1915.2
2025-10-30,Arroz 1kg,Despensa,3,4629.33
2025-10-30,Azucar 1kg,Despensa,2,5040.26
2025-10-30,Bebida Energetica 250ml,Bebidas,2,4250.44
2025-10-30,Cafe Molido 250g,Despensa,5,8942.63
2025-10-30,Cerveza Sixpack,Bebidas,3,14017.31
2025-10-30,Chitos 40g,Snacks,3,2777.06
2025-10-30,Detergente 500g,Aseo,4,6495.84
2025-10-30,Frijol 500g,Granos,5,5119.25
2025-10-30,Galletas Chocolate,Snacks,5,3768.69
2025-10-30,Gaseosa Cola 400ml,Bebidas,10,2854.11
2025-10-30,Gaseosa Manzana 400ml,Bebidas,13,2883.99
2025-10-30,Harina Trigo 1kg,Despensa,2,4280.51
2025-10-30,Huevos x30,Despensa,1,15969.14
2025-10-30,Jabon Barra,Aseo,5,3318.86
2025-10-30,Jugo Mango 300ml,Bebidas,7,3085.33
2025-10-30,Leche Entera 900ml,Lacteos,4,4249.74
2025-10-30,Lenteja 500g,Granos,3,4763.84
2025-10-30,Mani 50g,Snacks,7,2873.76
2025-10-30,Pan Blandito x5,Panaderia,3,3178.34
2025-10-30,Pan Tajado 500g,Panaderia,7,5842.43
2025-10-30,Papas 30g,Snacks,9,2812.16
2025-10-30,Papel Higienico x4,Aseo,2,9405.29
2025-10-30,Queso Campesino 250g,Lacteos,6,7881.55
2025-10-30,Sal 500g,Despensa,4,1898.87
2025-10-30,Yogurt Fresa 200ml,Lacteos,6,2596.0
2025-10-31,Aceite 1L,Despensa,1,15022.9
2025-10-31,Agua 600ml,Bebidas,4,2085.65
2025-10-31,Arroz 1kg,Despensa,6,4619.11
2025-10-31,Azucar 1kg,Despensa,1,4850.73
2025-10-31,Bebida Energetica 250ml,Bebidas,5,4199.74
2025-10-31,Cerveza Sixpack,Bebidas,7,15054.38
2025-10-31,Chitos 40g,Snacks,8,2729.18
2025-10-31,Frijol 500g,Granos,4,5046.92
2025-10-31,Galletas Chocolate,Snacks,2,3510.76
2025-10-31,Gaseosa Cola 400ml,Bebidas,9,3001.8
2025-10-31,Gaseosa Manzana 400ml,Bebidas,12,2789.91
2025-10-31,Harina Trigo 1kg,Despensa,2,4327.35
2025-10-31,Jabon Barra,Aseo,2,3282.81
2025-10-31,Jugo Mango 300ml,Bebidas,9,3055.25
2025-10-31,Leche Entera 900ml,Lacteos,4,4153.79
2025-10-31,Lenteja 500g,Granos,1,4708.12
2025-10-31,Mani 50g,Snacks,6,3080.64
2025-10-31,Pan Blandito x5,Panaderia,3,3154.23
2025-10-31,Pan Tajado 500g,Panaderia,9,5949.87
2025-10-31,Papas 30g,Snacks,15,2580.97
2025-10-31,Papel Higienico x4,Aseo,2,10084.81
2025-10-31,Queso Campesino 250g,Lacteos,4,7918.69
2025-10-31,Sal 500g,Despensa,1,1906.69
2025-10-31,Yogurt Fresa 200ml,Lacteos,8,2468.81
2025-11-01,Aceite 1L,Despensa,3,15247.88
2025-11-01,Agua 600ml,Bebidas,12,2108.83
2025-11-01,Arroz 1kg,Despensa,6,4641.29
2025-11-01,Azucar 1kg,Despensa,1,4698.88
2025-11-01,Bebida Energetica 250ml,Bebidas,4,4556.71
2025-11-01,Cerveza Sixpack,Bebidas,6,15136.85
2025-11-01,Chitos 40g,Snacks,3,2585.74
2025-11-01,Chocolate 250g,Despensa,5,7653.73
2025-11-01,Detergente 500g,Aseo,3,7174.07
2025-11-01,Frijol 500g,Granos,1,4854.02
2025-11-01,Galletas Chocolate,Snacks,9,3733.28
2025-11-01,Gaseosa Cola 400ml,Bebidas,15,3083.71
2025-11-01,Gaseosa Manzana 400ml,Bebidas,13,2776.37
2025-11-01,Harina Trigo 1kg,Despensa,3,4108.86
2025-11-01,Huevos x30,Despensa,2,15858.92
2025-11-01,Jabon Barra,Aseo,1,3124.69
2025-11-01,Jugo Mango 300ml,Bebidas,7,3433.99
2025-11-01,Leche Entera 900ml,Lacteos,8,4069.29
2025-11-01,Lenteja 500g,Granos,1,4578.63
2025-11-01,Mani 50g,Snacks,7,2508.13
2025-11-01,Pan Blandito x5,Panaderia,12,2778.43
2025-11-01,Pan Tajado 500g,Panaderia,7,5828.68
2025-11-01,Papas 30g,Snacks,11,2634.42
2025-11-01,Papel Higienico x4,Aseo,3,8867.56
2025-11-01,Queso Campesino 250g,Lacteos,5,7513.17
2025-11-01,Sal 500g,Despensa,5,1974.79
2025-11-01,Yogurt Fresa 200ml,Lacteos,9,2556.25
2025-11-02,Aceite 1L,Despensa,2,17039.92
2025-11-02,Agua 600ml,Bebidas,11,2108.34
2025-11-02,Arroz 1kg,Despensa,3,4723.75
2025-11-02,Azucar 1kg,Despensa,2,4898.69
2025-11-02,Bebida Energetica 250ml,Bebidas,3,4717.61
2025-11-02,Cafe Molido 250g,Despensa,3,8836.85
2025-11-02,Cerveza Sixpack,Bebidas,4,14594.7
2025-11-02,Chitos 40g,Snacks,8,2685.68
2025-11-02,Chocolate 250g,Despensa,1,8329.4
2025-11-02,Detergente 500g,Aseo,1,6682.49
2025-11-02,Frijol 500g,Granos,2,5102.41
2025-11-02,Galletas Chocolate,Snacks,5,3380.38
2025-11-02,Gaseosa Cola 400ml,Bebidas,9,2982.3
2025-11-02,Gaseosa Manzana 400ml,Bebidas,5,2822.54
2025-11-02,Harina Trigo 1kg,Despensa,1,3904.0
2025-11-02,Huevos x30,Despensa,1,16591.79
2025-11-02,Jabon Barra,Aseo,3,3168.4
2025-11-02,Jugo Mango 300ml,Bebidas,5,3404.45
2025-11-02,Leche Entera 900ml,Lacteos,2,4238.06
2025-11-02,Lenteja 500g,Granos,4,4816.72
2025-11-02,Mani 50g,Snacks,9,3115.6
2025-11-02,Pan Blandito x5,Panaderia,4,3168.83
2025-11-02,Pan Tajado 500g,Panaderia,4,5795.1
2025-11-02,Papas 30g,Snacks,22,2266.2
2025-11-02,Queso Campesino 250g,Lacteos,5,7853.17
2025-11-02,Sal 500g,Despensa,3,1820.23
2025-11-02,Yogurt Fresa 200ml,Lacteos,5,2553.05
2025-11-03,Aceite 1L,Despensa,3,15270.58
2025-11-03,Agua 600ml,Bebidas,5,1949.65
2025-11-03,Arroz 1kg,Despensa,6,4810.33
2025-11-03,Azucar 1kg,Despensa,1,5049.92
2025-11-03,Bebida Energetica 250ml,Bebidas,4,4337.11
2025-11-03,Cafe Molido 250g,Despensa,2,9634.06
2025-11-03,Cerveza Sixpack,Bebidas,3,14845.58
2025-11-03,Chitos 40g,Snacks,3,2465.32
2025-11-03,Chocolate 250g,Despensa,1,8602.4
2025-11-03,Detergente 500g,Aseo,2,6461.07
2025-11-03,Frijol 500g,Granos,3,5665.24
2025-11-03,Galletas Chocolate,Snacks,7,3580.2
2025-11-03,Gaseosa Cola 400ml,Bebidas,11,2879.09
2025-11-03,Gaseosa Manzana 400ml,Bebidas,9,2967.26
2025-11-03,Harina Trigo 1kg,Despensa,2,4219.78
2025-11-03,Jabon Barra,Aseo,2,3363.85
2025-11-03,Jugo Mango 300ml,Bebidas,8,3175.92
2025-11-03,Leche Entera 900ml,Lacteos,10,4151.84
2025-11-03,Lenteja 500g,Granos,2,5093.94
2025-11-03,Mani 50g,Snacks,4,2967.49
2025-11-03,Pan Blandito x5,Panaderia,4,3131.82
2025-11-03,Pan Tajado 500g,Panaderia,2,5922.72
2025-11-03,Papas 30g,Snacks,17,2665.06
2025-11-03,Papel Higienico x4,Aseo,2,9016.97
2025-11-03,Queso Campesino 250g,Lacteos,7,7637.51
2025-11-03,Sal 500g,Despensa,2,1788.28
2025-11-03,Yogurt Fresa 200ml,Lacteos,10,2314.38
2025-11-04,Aceite 1L,Despensa,2,15459.59
2025-11-04,Agua 600ml,Bebidas,10,2292.26
2025-11-04,Arroz 1kg,Despensa,5,4736.52
2025-11-04,Azucar 1kg,Despensa,2,5014.16
2025-11-04,Bebida Energetica 250ml,Bebidas,1,4540.72
2025-11-04,Cafe Molido 250g,Despensa,3,9404.27
2025-11-04,Cerveza Sixpack,Bebidas,2,15917.56
2025-11-04,Chitos 40g,Snacks,5,2660.5
2025-11-04,Chocolate 250g,Despensa,1,8543.2
2025-11-04,Detergente 500g,Aseo,2,7130.25
2025-11-04,Galletas Chocolate,Snacks,4,3424.29
2025-11-04,Gaseosa Cola 400ml,Bebidas,9,3029.59
2025-11-04,Gaseosa Manzana 400ml,Bebidas,10,2819.83
2025-11-04,Harina Trigo 1kg,Despensa,6,4501.38
2025-11-04,Huevos x30,Despensa,1,15760.96
2025-11-04,Jabon Barra,Aseo,3,3289.42
2025-11-04,Jugo Mango 300ml,Bebidas,4,3246.22
2025-11-04,Leche Entera 900ml,Lacteos,7,4267.79
2025-11-04,Lenteja 500g,Granos,4,4513.38
2025-11-04,Mani 50g,Snacks,4,2929.62
2025-11-04,Pan Blandito x5,Panaderia,5,3165.12
2025-11-04,Pan Tajado 500g,Panaderia,7,5972.46
2025-11-04,Papas 30g,Snacks,7,2622.02
2025-11-04,Papel Higienico x4,Aseo,2,8985.38
2025-11-04,Queso Campesino 250g,Lacteos,2,8104.77
2025-11-04,Yogurt Fresa 200ml,Lacteos,10,2696.86
2025-11-05,Aceite 1L,Despensa,10,14750.04
2025-11-05,Agua 600ml,Bebidas,7,2145.09
2025-11-05,Arroz 1kg,Despensa,7,4716.93
2025-11-05,Azucar 1kg,Despensa,2,4915.43
2025-11-05,Bebida Energetica 250ml,Bebidas,5,4396.3
2025-11-05,Cafe Molido 250g,Despensa,5,8097.11
2025-11-05,Cerveza Sixpack,Bebidas,3,15239.78
2025-11-05,Chitos 40g,Snacks,6,2619.54
2025-11-05,Chocolate 250g,Despensa,1,8530.7
2025-11-05,Galletas Chocolate,Snacks,4,3631.79
2025-11-05,Gaseosa Cola 400ml,Bebidas,6,2939.1
2025-11-05,Gaseosa Manzana 400ml,Bebidas,7,3056.58
2025-11-05,Huevos x30,Despensa,2,16484.06
2025-11-05,Jabon Barra,Aseo,4,3110.62
2025-11-05,Jugo Mango 300ml,Bebidas,7,3396.73
2025-11-05,Leche Entera 900ml,Lacteos,3,4364.22
2025-11-05,Lenteja 500g,Granos,1,4776.97
2025-11-05,Mani 50g,Snacks,2,3113.35
2025-11-05,Pan Blandito x5,Panaderia,5,3113.74
2025-11-05,Pan Tajado 500g,Panaderia,6,6041.45
2025-11-05,Papas 30g,Snacks,9,2648.33
2025-11-05,Papel Higienico x4,Aseo,1,8475.91
2025-11-05,Queso Campesino 250g,Lacteos,3,8354.3
2025-11-05,Sal 500g,Despensa,1,1870.63
2025-11-05,Yogurt Fresa 200ml,Lacteos,12,2166.75
2025-11-06,Aceite 1L,Despensa,4,16740.83
2025-11-06,Agua 600ml,Bebidas,9,2072.95
2025-11-06,Arroz 1kg,Despensa,4,5153.81
2025-11-06,Bebida Energetica 250ml,Bebidas,5,4650.44
2025-11-06,Cafe Molido 250g,Despensa,1,9122.49
2025-11-06,Cerveza Sixpack,Bebidas,3,15210.79
2025-11-06,Chitos 40g,Snacks,5,2717.02
2025-11-06,Chocolate 250g,Despensa,2,8072.75
2025-11-06,Detergente 500g,Aseo,2,6396.39
2025-11-06,Frijol 500g,Granos,3,5411.12
2025-11-06,Galletas Chocolate,Snacks,8,3467.74
2025-11-06,Gaseosa Cola 400ml,Bebidas,7,2963.71
2025-11-06,Gaseosa Manzana 400ml,Bebidas,8,2760.8
2025-11-06,Harina Trigo 1kg,Despensa,1,4145.7
2025-11-06,Huevos x30,Despensa,5,16220.6
2025-11-06,Jabon Barra,Aseo,6,3184.33
2025-11-06,Jugo Mango 300ml,Bebidas,8,3271.76
2025-11-06,Leche Entera 900ml,Lacteos,9,4052.87
2025-11-06,Lenteja 500g,Granos,2,4812.47
2025-11-06,Mani 50g,Snacks,2,2912.85
2025-11-06,Pan Blandito x5,Panaderia,6,3193.81
2025-11-06,Pan Tajado 500g,Panaderia,4,5759.79
2025-11-06,Papas 30g,Snacks,7,2614.0
2025-11-06,Papel Higienico x4,Aseo,1,8948.84
2025-11-06,Queso Campesino 250g,Lacteos,10,7597.15
2025-11-06,Sal 500g,Despensa,3,1846.48
2025-11-06,Yogurt Fresa 200ml,Lacteos,8,2637.76
2025-11-07,Aceite 1L,Despensa,2,15511.75
2025-11-07,Agua 600ml,Bebidas,8,2107.95
2025-11-07,Arroz 1kg,Despensa,10,4631.8
2025-11-07,Azucar 1kg,Despensa,4,4873.14
2025-11-07,Bebida Energetica 250ml,Bebidas,2,4330.91
2025-11-07,Cafe Molido 250g,Despensa,3,8424.34
2025-11-07,Cerveza Sixpack,Bebidas,7,13810.12
2025-11-07,Chitos 40g,Snacks,8,2723.33
2025-11-07,Chocolate 250g,Despensa,3,8572.78
2025-11-07,Detergente 500g,Aseo,2,6592.45
2025-11-07,Frijol 500g,Granos,3,5055.77
2025-11-07,Galletas Chocolate,Snacks,7,3330.57
2025-11-07,Gaseosa Cola 400ml,Bebidas,20,2383.07
2025-11-07,Gaseosa Manzana 400ml,Bebidas,12,2769.52
2025-11-07,Harina Trigo 1kg,Despensa,2,4209.71
2025-11-07,Huevos x30,Despensa,2,16649.89
2025-11-07,Jabon Barra,Aseo,5,3230.48
2025-11-07,Jugo Mango 300ml,Bebidas,8,2829.38
2025-11-07,Leche Entera 900ml,Lacteos,8,4198.66
2025-11-07,Lenteja 500g,Granos,5,4996.55
2025-11-07,Mani 50g,Snacks,9,3006.12
2025-11-07,Pan Blandito x5,Panaderia,6,3146.38
2025-11-07,Pan Tajado 500g,Panaderia,2,5922.21
2025-11-07,Papas 30g,Snacks,12,2508.34
2025-11-07,Queso Campesino 250g,Lacteos,6,7589.26
2025-11-07,Sal 500g,Despensa,2,1946.74
2025-11-07,Yogurt Fresa 200ml,Lacteos,4,2608.72
2025-11-08,Aceite 1L,Despensa,4,16373.73
2025-11-08,Agua 600ml,Bebidas,6,2131.27
2025-11-08,Arroz 1kg,Despensa,5,4558.6
2025-11-08,Azucar 1kg,Despensa,3,3867.49
2025-11-08,Bebida Energetica 250ml,Bebidas,4,4665.66
2025-11-08,Cafe Molido 250g,Despensa,2,9171.04
2025-11-08,Cerveza Sixpack,Bebidas,11,14737.73
2025-11-08,Chitos 40g,Snacks,9,2748.32
2025-11-08,Chocolate 250g,Despensa,2,8371.24
2025-11-08,Frijol 500g,Granos,5,4969.21
2025-11-08,Galletas Chocolate,Snacks,7,3855.9
2025-11-08,Gaseosa Cola 400ml,Bebidas,24,2356.95
2025-11-08,Gaseosa Manzana 400ml,Bebidas,20,2743.28
2025-11-08,Harina Trigo 1kg,Despensa,1,4158.17
2025-11-08,Huevos x30,Despensa,6,16309.48
2025-11-08,Jabon Barra,Aseo,1,3148.06
2025-11-08,Jugo Mango 300ml,Bebidas,7,2814.33
2025-11-08,Leche Entera 900ml,Lacteos,8,4124.45
2025-11-08,Lenteja 500g,Granos,2,4873.32
2025-11-08,Mani 50g,Snacks,5,2734.98
2025-11-08,Pan Blandito x5,Panaderia,4,3005.13
2025-11-08,Pan Tajado 500g,Panaderia,1,5691.54
2025-11-08,Papas 30g,Snacks,16,2679.78
2025-11-08,Papel Higienico x4,Aseo,2,9365.91
2025-11-08,Queso Campesino 250g,Lacteos,3,8082.44
2025-11-08,Yogurt Fresa 200ml,Lacteos,7,2564.76
2025-11-09,Aceite 1L,Despensa,1,14751.72
2025-11-09,Agua 600ml,Bebidas,9,1922.31
2025-11-09,Arroz 1kg,Despensa,4,4635.02
2025-11-09,Azucar 1kg,Despensa,5,4814.46
2025-11-09,Bebida Energetica 250ml,Bebidas,4,4486.15
2025-11-09,Cafe Molido 250g,Despensa,3,8724.44
2025-11-09,Cerveza Sixpack,Bebidas,9,13742.2
2025-11-09,Chitos 40g,Snacks,5,2651.28
2025-11-09,Chocolate 250g,Despensa,3,8176.65
2025-11-09,Detergente 500g,Aseo,1,6567.83
2025-11-09,Frijol 500g,Granos,4,5191.71
2025-11-09,Galletas Chocolate,Snacks,3,3575.7
2025-11-09,Gaseosa Cola 400ml,Bebidas,12,2780.59
2025-11-09,Gaseosa Manzana 400ml,Bebidas,7,2821.18
2025-11-09,Huevos x30,Despensa,4,16084.66
2025-11-09,Jabon Barra,Aseo,2,3193.06
2025-11-09,Jugo Mango 300ml,Bebidas,6,3304.54
2025-11-09,Leche Entera 900ml,Lacteos,9,4192.18
2025-11-09,Lenteja 500g,Granos,3,5192.89
2025-11-09,Mani 50g,Snacks,7,2875.66
2025-11-09,Pan Blandito x5,Panaderia,6,3228.66
2025-11-09,Pan Tajado 500g,Panaderia,4,5342.45
2025-11-09,Papas 30g,Snacks,16,2758.32
2025-11-09,Papel Higienico x4,Aseo,1,9524.1
2025-11-09,Queso Campesino 250g,Lacteos,4,7441.52
2025-11-09,Sal 500g,Despensa,4,1893.42
2025-11-09,Yogurt Fresa 200ml,Lacteos,9,2687.74
2025-11-10,Aceite 1L,Despensa,2,15811.22
2025-11-10,Agua 600ml,Bebidas,6,2112.76
2025-11-10,Arroz 1kg,Despensa,4,4244.75
2025-11-10,Azucar 1kg,Despensa,1,4478.22
2025-11-10,Bebida Energetica 250ml,Bebidas,9,4107.57
2025-11-10,Cafe Molido 250g,Despensa,1,9431.06
2025-11-10,Cerveza Sixpack,Bebidas,3,15197.05
2025-11-10,Chitos 40g,Snacks,2,2673.97
2025-11-10,Detergente 500g,Aseo,4,6716.71
2025-11-10,Frijol 500g,Granos,4,5093.94
2025-11-10,Galletas Chocolate,Snacks,7,3637.41
2025-11-10,Gaseosa Cola 400ml,Bebidas,10,2935.63
2025-11-10,Gaseosa Manzana 400ml,Bebidas,8,2902.95
2025-11-10,Harina Trigo 1kg,Despensa,3,4362.97
2025-11-10,Huevos x30,Despensa,1,17208.46
2025-11-10,Jabon Barra,Aseo,1,2932.16
2025-11-10,Jugo Mango 300ml,Bebidas,6,3230.49
2025-11-10,Leche Entera 900ml,Lacteos,4,4287.82
2025-11-10,Lenteja 500g,Granos,5,4467.87
2025-11-10,Mani 50g,Snacks,2,3237.76
2025-11-10,Pan Blandito x5,Panaderia,7,3207.29
2025-11-10,Pan Tajado 500g,Panaderia,7,5831.85
2025-11-10,Papas 30g,Snacks,11,2544.26
2025-11-10,Papel Higienico x4,Aseo,2,9328.76
2025-11-10,Queso Campesino 250g,Lacteos,1,7963.95
2025-11-10,Sal 500g,Despensa,3,1903.98
2025-11-10,Yogurt Fresa 200ml,Lacteos,4,2796.31
2025-11-11,Aceite 1L,Despensa,2,16186.45
2025-11-11,Agua 600ml,Bebidas,10,2176.4
2025-11-11,Arroz 1kg,Despensa,4,4620.46
2025-11-11,Azucar 1kg,Despensa,4,5174.74
2025-11-11,Bebida Energetica 250ml,Bebidas,4,4474.92
2025-11-11,Cafe Molido 250g,Despensa,3,9088.59
2025-11-11,Chitos 40g,Snacks,1,2753.06
2025-11-11,Detergente 500g,Aseo,2,6802.13
2025-11-11,Frijol 500g,Granos,1,5114.1
2025-11-11,Galletas Chocolate,Snacks,6,3566.51
2025-11-11,Gaseosa Cola 400ml,Bebidas,12,2964.64
2025-11-11,Gaseosa Manzana 400ml,Bebidas,11,2915.77
2025-11-11,Harina Trigo 1kg,Despensa,3,4355.29
2025-11-11,Huevos x30,Despensa,2,17169.12
2025-11-11,Jabon Barra,Aseo,2,3110.07
2025-11-11,Jugo Mango 300ml,Bebidas,6,3233.16
2025-11-11,Leche Entera 900ml,Lacteos,13,4265.78
2025-11-11,Lenteja 500g,Granos,3,4665.39
2025-11-11,Mani 50g,Snacks,2,2834.96
2025-11-11,Pan Blandito x5,Panaderia,3,3191.18
2025-11-11,Pan Tajado 500g,Panaderia,6,5902.14
2025-11-11,Papas 30g,Snacks,8,2561.96
2025-11-11,Queso Campesino 250g,Lacteos,5,7858.56
2025-11-11,Sal 500g,Despensa,2,1911.28
2025-11-11,Yogurt Fresa 200ml,Lacteos,6,2541.04
2025-11-12,Aceite 1L,Despensa,3,16502.34
2025-11-12,Agua 600ml,Bebidas,5,2179.57
2025-11-12,Arroz 1kg,Despensa,5,4759.13
2025-11-12,Azucar 1kg,Despensa,7,4905.52
2025-11-12,Bebida Energetica 250ml,Bebidas,5,4538.44
2025-11-12,Cafe Molido 250g,Despensa,1,7008.8
2025-11-12,Chitos 40g,Snacks,6,2927.21
2025-11-12,Chocolate 250g,Despensa,2,8442.24
2025-11-12,Frijol 500g,Granos,3,5120.53
2025-11-12,Galletas Chocolate,Snacks,4,3517.31
2025-11-12,Gaseosa Cola 400ml,Bebidas,11,3126.34
2025-11-12,Gaseosa Manzana 400ml,Bebidas,13,2739.28
2025-11-12,Harina Trigo 1kg,Despensa,4,3837.27
2025-11-12,Huevos x30,Despensa,1,15867.26
2025-11-12,Jabon Barra,Aseo,2,3112.15
2025-11-12,Jugo Mango 300ml,Bebidas,2,3383.09
2025-11-12,Leche Entera 900ml,Lacteos,6,4078.04
2025-11-12,Lenteja 500g,Granos,1,4072.15
2025-11-12,Mani 50g,Snacks,5,3111.13
2025-11-12,Pan Blandito x5,Panaderia,2,3255.81
2025-11-12,Pan Tajado 500g,Panaderia,6,6357.33
2025-11-12,Papas 30g,Snacks,7,2673.26
2025-11-12,Papel Higienico x4,Aseo,4,9673.79
2025-11-12,Queso Campesino 250g,Lacteos,3,8256.55
2025-11-12,Sal 500g,Despensa,2,1990.93
2025-11-12,Yogurt Fresa 200ml,Lacteos,6,2555.67
2025-11-13,Aceite 1L,Despensa,2,15953.63
2025-11-13,Agua 600ml,Bebidas,8,2026.25
2025-11-13,Arroz 1kg,Despensa,5,4264.47
2025-11-13,Azucar 1kg,Despensa,3,4947.06
2025-11-13,Bebida Energetica 250ml,Bebidas,4,4238.73
2025-11-13,Cafe Molido 250g,Despensa,3,9182.24
2025-11-13,Cerveza Sixpack,Bebidas,10,14370.52
2025-11-13,Chitos 40g,Snacks,11,2431.06
2025-11-13,Detergente 500g,Aseo,4,5429.91
2025-11-13,Frijol 500g,Granos,1,5134.54
2025-11-13,Galletas Chocolate,Snacks,6,3521.55
2025-11-13,Gaseosa Cola 400ml,Bebidas,9,3099.47
2025-11-13,Gaseosa Manzana 400ml,Bebidas,9,2900.34
2025-11-13,Harina Trigo 1kg,Despensa,3,4110.08
2025-11-13,Huevos x30,Despensa,2,16467.93
2025-11-13,Jabon Barra,Aseo,3,3174.82
2025-11-13,Jugo Mango 300ml,Bebidas,1,3488.84
2025-11-13,Leche Entera 900ml,Lacteos,8,4138.54
2025-11-13,Lenteja 500g,Granos,4,5283.0
2025-11-13,Mani 50g,Snacks,5,2964.53
2025-11-13,Pan Blandito x5,Panaderia,4,3193.15
2025-11-13,Pan Tajado 500g,Panaderia,3,6110.81
2025-11-13,Papas 30g,Snacks,15,2654.7
2025-11-13,Papel Higienico x4,Aseo,4,9768.78
2025-11-13,Queso Campesino 250g,Lacteos,4,7780.85
2025-11-13,Sal 500g,Despensa,2,1922.27
2025-11-13,Yogurt Fresa 200ml,Lacteos,9,2706.16
2025-11-14,Agua 600ml,Bebidas,12,2114.29
2025-11-14,Arroz 1kg,Despensa,5,4717.21
2025-11-14,Azucar 1kg,Despensa,1,4977.56
2025-11-14,Bebida Energetica 250ml,Bebidas,6,4357.15
2025-11-14,Cafe Molido 250g,Despensa,7,9140.44
2025-11-14,Cerveza Sixpack,Bebidas,5,14702.36
2025-11-14,Chitos 40g,Snacks,6,2715.17
2025-11-14,Chocolate 250g,Despensa,1,8973.74
2025-11-14,Frijol 500g,Granos,2,5188.83
2025-11-14,Galletas Chocolate,Snacks,8,3734.82
2025-11-14,Gaseosa Cola 400ml,Bebidas,15,2739.93
2025-11-14,Gaseosa Manzana 400ml,Bebidas,15,2910.91
2025-11-14,Harina Trigo 1kg,Despensa,3,4143.95
2025-11-14,Huevos x30,Despensa,4,16935.79
2025-11-14,Jabon Barra,Aseo,2,3166.26
2025-11-14,Jugo Mango 300ml,Bebidas,7,3149.98
2025-11-14,Leche Entera 900ml,Lacteos,10,3778.65
2025-11-14,Lenteja 500g,Granos,3,4997.6
2025-11-14,Mani 50g,Snacks,3,3157.42
2025-11-14,Pan Blandito x5,Panaderia,5,3212.12
2025-11-14,Pan Tajado 500g,Panaderia,4,5810.1
2025-11-14,Papas 30g,Snacks,13,2607.69
2025-11-14,Papel Higienico x4,Aseo,1,9430.7
2025-11-14,Queso Campesino 250g,Lacteos,4,7478.69
2025-11-14,Yogurt Fresa 200ml,Lacteos,8,2587.34
2025-11-15,Aceite 1L,Despensa,2,15473.35
2025-11-15,Agua 600ml,Bebidas,7,2121.26
2025-11-15,Arroz 1kg,Despensa,8,4568.19
2025-11-15,Azucar 1kg,Despensa,5,4920.18
2025-11-15,Bebida Energetica 250ml,Bebidas,1,3953.52
2025-11-15,Cafe Molido 250g,Despensa,3,8433.51
2025-11-15,Cerveza Sixpack,Bebidas,5,15141.9
2025-11-15,Chitos 40g,Snacks,11,2707.66
2025-11-15,Chocolate 250g,Despensa,4,8241.59
2025-11-15,Detergente 500g,Aseo,1,6405.91
2025-11-15,Frijol 500g,Granos,3,5176.86
2025-11-15,Galletas Chocolate,Snacks,6,3737.14
2025-11-15,Gaseosa Cola 400ml,Bebidas,11,2932.94
2025-11-15,Gaseosa Manzana 400ml,Bebidas,11,2832.6
2025-11-15,Harina Trigo 1kg,Despensa,1,4203.78
2025-11-15,Huevos x30,Despensa,11,14852.01
2025-11-15,Jabon Barra,Aseo,2,2997.53
2025-11-15,Jugo Mango 300ml,Bebidas,7,3181.3
2025-11-15,Leche Entera 900ml,Lacteos,16,4172.95
2025-11-15,Lenteja 500g,Granos,4,4951.77
2025-11-15,Mani 50g,Snacks,10,3135.38
2025-11-15,Pan Blandito x5,Panaderia,5,3112.82
2025-11-15,Pan Tajado 500g,Panaderia,6,5846.01
2025-11-15,Papas 30g,Snacks,13,2879.16
2025-11-15,Papel Higienico x4,Aseo,1,9488.59
2025-11-15,Queso Campesino 250g,Lacteos,6,8013.98
2025-11-15,Sal 500g,Despensa,1,1776.68
2025-11-15,Yogurt Fresa 200ml,Lacteos,5,2603.33
2025-11-16,Aceite 1L,Despensa,3,14976.58
2025-11-16,Agua 600ml,Bebidas,15,1935.06
2025-11-16,Arroz 1kg,Despensa,2,4231.63
2025-11-16,Azucar 1kg,Despensa,2,4733.88
2025-11-16,Bebida Energetica 250ml,Bebidas,3,4684.17
2025-11-16,Cafe Molido 250g,Despensa,1,8937.89
2025-11-16,Cerveza Sixpack,Bebidas,4,15020.35
2025-11-16,Chitos 40g,Snacks,4,2641.02
2025-11-16,Chocolate 250g,Despensa,1,8271.25
2025-11-16,Detergente 500g,Aseo,3,7363.77
2025-11-16,Frijol 500g,Granos,3,5081.34
2025-11-16,Galletas Chocolate,Snacks,12,3656.57
2025-11-16,Gaseosa Cola 400ml,Bebidas,18,2781.19
2025-11-16,Gaseosa Manzana 400ml,Bebidas,6,2700.52
2025-11-16,Harina Trigo 1kg,Despensa,1,4153.15
2025-11-16,Huevos x30,Despensa,4,16361.87
2025-11-16,Jabon Barra,Aseo,1,3233.39
2025-11-16,Jugo Mango 300ml,Bebidas,7,3394.02
2025-11-16,Leche Entera 900ml,Lacteos,11,4220.35
2025-11-16,Lenteja 500g,Granos,2,5019.46
2025-11-16,Mani 50g,Snacks,6,2924.17
2025-11-16,Pan Blandito x5,Panaderia,3,3135.21
2025-11-16,Pan Tajado 500g,Panaderia,7,6321.38
2025-11-16,Papas 30g,Snacks,11,2676.86
2025-11-16,Papel Higienico x4,Aseo,2,9438.02
2025-11-16,Queso Campesino 250g,Lacteos,3,7555.03
2025-11-16,Sal 500g,Despensa,6,1943.65
2025-11-16,Yogurt Fresa 200ml,Lacteos,4,2548.66
2025-11-17,Agua 600ml,Bebidas,7,2126.1
2025-11-17,Arroz 1kg,Despensa,7,4670.0
2025-11-17,Azucar 1kg,Despensa,4,3993.61
2025-11-17,Bebida Energetica 250ml,Bebidas,2,4566.45
2025-11-17,Cafe Molido 250g,Despensa,3,9319.19
2025-11-17,Cerveza Sixpack,Bebidas,2,15403.78
2025-11-17,Chitos 40g,Snacks,8,2619.56
2025-11-17,Chocolate 250g,Despensa,3,8608.39
2025-11-17,Detergente 500g,Aseo,1,7040.96
2025-11-17,Galletas Chocolate,Snacks,4,3519.84
2025-11-17,Gaseosa Cola 400ml,Bebidas,4,2815.46
2025-11-17,Gaseosa Manzana 400ml,Bebidas,9,2766.88
2025-11-17,Harina Trigo 1kg,Despensa,3,4495.63
2025-11-17,Huevos x30,Despensa,2,16531.11
2025-11-17,Jabon Barra,Aseo,3,3276.12
2025-11-17,Jugo Mango 300ml,Bebidas,4,3246.66
2025-11-17,Leche Entera 900ml,Lacteos,5,4062.53
2025-11-17,Lenteja 500g,Granos,1,4661.22
2025-11-17,Mani 50g,Snacks,5,2917.54
2025-11-17,Pan Blandito x5,Panaderia,5,3307.13
2025-11-17,Pan Tajado 500g,Panaderia,2,5730.76
2025-11-17,Papas 30g,Snacks,8,2605.51
2025-11-17,Queso Campesino 250g,Lacteos,6,7868.39
2025-11-17,Sal 500g,Despensa,4,1886.64
2025-11-17,Yogurt Fresa 200ml,Lacteos,3,2410.2
2025-11-18,Aceite 1L,Despensa,1,15058.3
2025-11-18,Agua 600ml,Bebidas,7,1970.57
2025-11-18,Arroz 1kg,Despensa,6,4764.67
2025-11-18,Azucar 1kg,Despensa,3,4532.92
2025-11-18,Bebida Energetica 250ml,Bebidas,2,4440.72
2025-11-18,Cafe Molido 250g,Despensa,4,9725.16
2025-11-18,Cerveza Sixpack,Bebidas,4,13060.6
2025-11-18,Chitos 40g,Snacks,4,2669.48
2025-11-18,Chocolate 250g,Despensa,2,8789.88
2025-11-18,Detergente 500g,Aseo,2,6548.89
2025-11-18,Frijol 500g,Granos,3,5145.19
2025-11-18,Galletas Chocolate,Snacks,7,3630.32
2025-11-18,Gaseosa Cola 400ml,Bebidas,10,3024.97
2025-11-18,Gaseosa Manzana 400ml,Bebidas,5,2850.87
2025-11-18,Harina Trigo 1kg,Despensa,3,4174.0
2025-11-18,Huevos x30,Despensa,3,16933.93
2025-11-18,Jugo Mango 300ml,Bebidas,6,3323.87
2025-11-18,Leche Entera 900ml,Lacteos,8,4280.02
2025-11-18,Lenteja 500g,Granos,4,5041.7
2025-11-18,Mani 50g,Snacks,3,2933.82
2025-11-18,Pan Blandito x5,Panaderia,5,3271.69
2025-11-18,Pan Tajado 500g,Panaderia,4,5951.23
2025-11-18,Papas 30g,Snacks,19,2206.57
2025-11-18,Papel Higienico x4,Aseo,2,9551.41
2025-11-18,Queso Campesino 250g,Lacteos,6,8219.06
2025-11-18,Sal 500g,Despensa,2,1893.31
2025-11-18,Yogurt Fresa 200ml,Lacteos,6,2582.37
2025-11-19,Aceite 1L,Despensa,4,16085.91
2025-11-19,Agua 600ml,Bebidas,3,2079.97
2025-11-19,Arroz 1kg,Despensa,2,4374.41
2025-11-19,Azucar 1kg,Despensa,3,5265.85
2025-11-19,Bebida Energetica 250ml,Bebidas,3,4503.68
2025-11-19,Cafe Molido 250g,Despensa,1,9093.71
2025-11-19,Cerveza Sixpack,Bebidas,1,14933.64
2025-11-19,Chitos 40g,Snacks,9,2718.94
2025-11-19,Chocolate 250g,Despensa,2,8719.52
2025-11-19,Detergente 500g,Aseo,4,6789.98
2025-11-19,Frijol 500g,Granos,1,5239.44
2025-11-19,Galletas Chocolate,Snacks,6,3788.98
2025-11-19,Gaseosa Cola 400ml,Bebidas,15,2957.7
2025-11-19,Gaseosa Manzana 400ml,Bebidas,9,2795.53
2025-11-19,Harina Trigo 1kg,Despensa,3,4297.66
2025-11-19,Huevos x30,Despensa,6,16388.83
2025-11-19,Jabon Barra,Aseo,3,3441.99
2025-11-19,Jugo Mango 300ml,Bebidas,6,2705.95
2025-11-19,Leche Entera 900ml,Lacteos,12,3990.91
2025-11-19,Lenteja 500g,Granos,2,5155.64
2025-11-19,Mani 50g,Snacks,9,2861.22
2025-11-19,Pan Blandito x5,Panaderia,6,3182.07
2025-11-19,Pan Tajado 500g,Panaderia,4,5895.13
2025-11-19,Papas 30g,Snacks,9,2725.99
2025-11-19,Papel Higienico x4,Aseo,2,9509.27
2025-11-19,Queso Campesino 250g,Lacteos,5,6266.82
2025-11-19,Sal 500g,Despensa,2,2079.6
2025-11-19,Yogurt Fresa 200ml,Lacteos,7,2671.82
2025-11-20,Aceite 1L,Despensa,1,15795.53
2025-11-20,Agua 600ml,Bebidas,4,2133.89
2025-11-20,Arroz 1kg,Despensa,7,4842.46
2025-11-20,Azucar 1kg,Despensa,1,4819.68
2025-11-20,Bebida Energetica 250ml,Bebidas,3,4478.01
2025-11-20,Cafe Molido 250g,Despensa,3,8970.92
2025-11-20,Cerveza Sixpack,Bebidas,1,14311.77
2025-11-20,Chitos 40g,Snacks,4,2717.81
2025-11-20,Chocolate 250g,Despensa,1,8256.4
2025-11-20,Detergente 500g,Aseo,2,6564.09
2025-11-20,Frijol 500g,Granos,1,5184.53
2025-11-20,Galletas Chocolate,Snacks,5,3544.25
2025-11-20,Gaseosa Cola 400ml,Bebidas,10,2866.67
2025-11-20,Gaseosa Manzana 400ml,Bebidas,12,2821.95
2025-11-20,Huevos x30,Despensa,2,16411.08
2025-11-20,Jabon Barra,Aseo,2,3319.25
2025-11-20,Jugo Mango 300ml,Bebidas,2,3330.68
2025-11-20,Leche Entera 900ml,Lacteos,9,4141.79
2025-11-20,Lenteja 500g,Granos,2,4201.61
2025-11-20,Mani 50g,Snacks,4,3068.79
2025-11-20,Pan Blandito x5,Panaderia,6,3162.48
2025-11-20,Pan Tajado 500g,Panaderia,6,5552.5
2025-11-20,Papas 30g,Snacks,10,2463.81
2025-11-20,Papel Higienico x4,Aseo,1,9296.85
2025-11-20,Queso Campesino 250g,Lacteos,1,7455.6
2025-11-20,Sal 500g,Despensa,2,1922.0
2025-11-20,Yogurt Fresa 200ml,Lacteos,4,2543.02
2025-11-21,Aceite 1L,Despensa,1,15545.28
2025-11-21,Agua 600ml,Bebidas,8,2184.12
2025-11-21,Arroz 1kg,Despensa,1,4549.77
2025-11-21,Azucar 1kg,Despensa,4,4645.29
2025-11-21,Bebida Energetica 250ml,Bebidas,3,4446.33
2025-11-21,Cafe Molido 250g,Despensa,1,8823.35
2025-11-21,Cerveza Sixpack,Bebidas,4,14339.66
2025-11-21,Chitos 40g,Snacks,10,2633.68
2025-11-21,Chocolate 250g,Despensa,4,8592.85
2025-11-21,Detergente 500g,Aseo,6,5784.33
2025-11-21,Galletas Chocolate,Snacks,8,3405.77
2025-11-21,Gaseosa Cola 400ml,Bebidas,8,3067.5
2025-11-21,Gaseosa Manzana 400ml,Bebidas,17,2793.2
2025-11-21,Harina Trigo 1kg,Despensa,1,4220.24
2025-11-21,Huevos x30,Despensa,3,16408.28
2025-11-21,Jabon Barra,Aseo,1,3138.14
2025-11-21,Jugo Mango 300ml,Bebidas,5,2764.51
2025-11-21,Leche Entera 900ml,Lacteos,8,4316.03
2025-11-21,Lenteja 500g,Granos,1,4684.76
2025-11-21,Mani 50g,Snacks,16,2706.36
2025-11-21,Pan Blandito x5,Panaderia,2,3201.66
2025-11-21,Pan Tajado 500g,Panaderia,3,5964.75
2025-11-21,Papas 30g,Snacks,12,2588.06
2025-11-21,Papel Higienico x4,Aseo,1,9720.1
2025-11-21,Queso Campesino 250g,Lacteos,3,7612.01
2025-11-21,Sal 500g,Despensa,3,1865.27
2025-11-21,Yogurt Fresa 200ml,Lacteos,9,2524.03
2025-11-22,Agua 600ml,Bebidas,5,2060.83
2025-11-22,Arroz 1kg,Despensa,3,4914.78
2025-11-22,Azucar 1kg,Despensa,1,5006.0
2025-11-22,Bebida Energetica 250ml,Bebidas,3,4372.63
2025-11-22,Cafe Molido 250g,Despensa,3,8443.49
2025-11-22,Cerveza Sixpack,Bebidas,4,14094.88
2025-11-22,Chitos 40g,Snacks,5,2352.41
2025-11-22,Chocolate 250g,Despensa,2,8491.23
2025-11-22,Detergente 500g,Aseo,3,6726.37
2025-11-22,Frijol 500g,Granos,3,5345.87
2025-11-22,Galletas Chocolate,Snacks,2,3398.93
2025-11-22,Gaseosa Cola 400ml,Bebidas,4,2904.0
2025-11-22,Gaseosa Manzana 400ml,Bebidas,19,2653.73
2025-11-22,Harina Trigo 1kg,Despensa,1,4143.05
2025-11-22,Huevos x30,Despensa,6,16003.15
2025-11-22,Jabon Barra,Aseo,3,3200.97
2025-11-22,Jugo Mango 300ml,Bebidas,10,3320.01
2025-11-22,Leche Entera 900ml,Lacteos,11,4165.06
2025-11-22,Mani 50g,Snacks,4,3051.27
2025-11-22,Pan Blandito x5,Panaderia,4,3290.38
2025-11-22,Pan Tajado 500g,Panaderia,6,5933.68
2025-11-22,Papas 30g,Snacks,9,2759.92
2025-11-22,Papel Higienico x4,Aseo,1,9058.03
2025-11-22,Queso Campesino 250g,Lacteos,6,7896.61
2025-11-22,Sal 500g,Despensa,4,1867.02
2025-11-22,Yogurt Fresa 200ml,Lacteos,6,2539.72
2025-11-23,Aceite 1L,Despensa,2,15628.32
2025-11-23,Agua 600ml,Bebidas,7,2060.93
2025-11-23,Arroz 1kg,Despensa,2,4758.29
2025-11-23,Azucar 1kg,Despensa,2,4920.38
2025-11-23,Bebida Energetica 250ml,Bebidas,1,4707.57
2025-11-23,Cafe Molido 250g,Despensa,3,10095.41
2025-11-23,Cerveza Sixpack,Bebidas,1,14606.94
2025-11-23,Chitos 40g,Snacks,4,2890.28
2025-11-23,Chocolate 250g,Despensa,1,8347.55
2025-11-23,Detergente 500g,Aseo,2,5773.59
2025-11-23,Frijol 500g,Granos,2,4971.08
2025-11-23,Galletas Chocolate,Snacks,7,3805.56
2025-11-23,Gaseosa Cola 400ml,Bebidas,9,2903.2
2025-11-23,Gaseosa Manzana 400ml,Bebidas,8,2792.05
2025-11-23,Harina Trigo 1kg,Despensa,5,4149.5
2025-11-23,Huevos x30,Despensa,4,16265.4
2025-11-23,Jabon Barra,Aseo,3,3198.26
2025-11-23,Jugo Mango 300ml,Bebidas,14,3345.29
2025-11-23,Leche Entera 900ml,Lacteos,5,4127.77
2025-11-23,Lenteja 500g,Granos,2,5010.04
2025-11-23,Mani 50g,Snacks,7,2920.28
2025-11-23,Pan Blandito x5,Panaderia,5,2985.96
2025-11-23,Pan Tajado 500g,Panaderia,3,5676.51
2025-11-23,Papas 30g,Snacks,11,2622.41
2025-11-23,Papel Higienico x4,Aseo,2,8352.51
2025-11-23,Queso Campesino 250g,Lacteos,9,7986.57
2025-11-23,Sal 500g,Despensa,3,1893.96
2025-11-23,Yogurt Fresa 200ml,Lacteos,6,2609.15
2025-11-24,Aceite 1L,Despensa,2,15407.8
2025-11-24,Agua 600ml,Bebidas,3,2099.99
2025-11-24,Arroz 1kg,Despensa,5,4962.41
2025-11-24,Azucar 1kg,Despensa,4,4706.95
2025-11-24,Bebida Energetica 250ml,Bebidas,3,4697.56
2025-11-24,Cerveza Sixpack,Bebidas,3,14608.26
2025-11-24,Chitos 40g,Snacks,6,2719.8
2025-11-24,Chocolate 250g,Despensa,2,8363.12
2025-11-24,Galletas Chocolate,Snacks,9,3647.06
2025-11-24,Gaseosa Cola 400ml,Bebidas,7,2851.77
2025-11-24,Gaseosa Manzana 400ml,Bebidas,5,2646.43
2025-11-24,Harina Trigo 1kg,Despensa,2,3976.52
2025-11-24,Jabon Barra,Aseo,3,3318.81
2025-11-24,Jugo Mango 300ml,Bebidas,4,3318.75
2025-11-24,Leche Entera 900ml,Lacteos,6,4295.22
2025-11-24,Lenteja 500g,Granos,4,4663.46
2025-11-24,Mani 50g,Snacks,2,2847.92
2025-11-24,Pan Blandito x5,Panaderia,4,3119.42
2025-11-24,Pan Tajado 500g,Panaderia,5,6277.88
2025-11-24,Papas 30g,Snacks,10,2062.0
2025-11-24,Papel Higienico x4,Aseo,1,9847.89
2025-11-24,Queso Campesino 250g,Lacteos,3,7751.99
2025-11-24,Yogurt Fresa 200ml,Lacteos,7,2442.95
2025-11-25,Aceite 1L,Despensa,3,16296.18
2025-11-25,Agua 600ml,Bebidas,5,2194.96
2025-11-25,Arroz 1kg,Despensa,6,4944.86
2025-11-25,Azucar 1kg,Despensa,3,5003.77
2025-11-25,Bebida Energetica 250ml,Bebidas,7,4608.39
2025-11-25,Cafe Molido 250g,Despensa,4,9167.87
2025-11-25,Cerveza Sixpack,Bebidas,2,15300.81
2025-11-25,Chitos 40g,Snacks,6,2641.53
2025-11-25,Chocolate 250g,Despensa,3,8427.11
2025-11-25,Frijol 500g,Granos,2,5118.0
2025-11-25,Galletas Chocolate,Snacks,8,3476.92
2025-11-25,Gaseosa Cola 400ml,Bebidas,10,2938.54
2025-11-25,Gaseosa Manzana 400ml,Bebidas,8,2773.24
2025-11-25,Harina Trigo 1kg,Despensa,1,4143.93
2025-11-25,Huevos x30,Despensa,5,16955.62
2025-11-25,Jabon Barra,Aseo,5,3133.99
2025-11-25,Jugo Mango 300ml,Bebidas,8,2930.5
2025-11-25,Leche Entera 900ml,Lacteos,10,4267.95
2025-11-25,Lenteja 500g,Granos,3,4907.14
2025-11-25,Mani 50g,Snacks,3,2847.97
2025-11-25,Pan Blandito x5,Panaderia,5,3310.19
2025-11-25,Pan Tajado 500g,Panaderia,4,6122.76
2025-11-25,Papas 30g,Snacks,8,2595.9
2025-11-25,Papel Higienico x4,Aseo,2,9599.44
2025-11-25,Queso Campesino 250g,Lacteos,2,7850.76
2025-11-25,Sal 500g,Despensa,7,1849.64
2025-11-25,Yogurt Fresa 200ml,Lacteos,6,2671.32
2025-11-26,Aceite 1L,Despensa,2,15363.05
2025-11-26,Agua 600ml,Bebidas,10,2140.81
2025-11-26,Arroz 1kg,Despensa,4,4716.56
2025-11-26,Azucar 1kg,Despensa,3,5134.82
2025-11-26,Bebida Energetica 250ml,Bebidas,3,4685.5
2025-11-26,Cafe Molido 250g,Despensa,2,9023.84
2025-11-26,Cerveza Sixpack,Bebidas,2,15249.35
2025-11-26,Chitos 40g,Snacks,7,2705.65
2025-11-26,Chocolate 250g,Despensa,5,8780.87
2025-11-26,Detergente 500g,Aseo,1,6141.2
2025-11-26,Frijol 500g,Granos,3,5381.47
2025-11-26,Galletas Chocolate,Snacks,3,3601.62
2025-11-26,Gaseosa Cola 400ml,Bebidas,10,2853.95
2025-11-26,Gaseosa Manzana 400ml,Bebidas,12,2676.43
2025-11-26,Harina Trigo 1kg,Despensa,2,4158.67
2025-11-26,Huevos x30,Despensa,4,16365.69
2025-11-26,Jabon Barra,Aseo,1,3295.3
2025-11-26,Jugo Mango 300ml,Bebidas,6,3442.7
2025-11-26,Leche Entera 900ml,Lacteos,7,3999.71
2025-11-26,Lenteja 500g,Granos,1,4594.95
2025-11-26,Mani 50g,Snacks,5,3057.62
2025-11-26,Pan Blandito x5,Panaderia,4,3294.65
2025-11-26,Pan Tajado 500g,Panaderia,3,6054.49
2025-11-26,Papas 30g,Snacks,9,2597.93
2025-11-26,Queso Campesino 250g,Lacteos,5,7580.62
2025-11-26,Sal 500g,Despensa,2,1565.52
2025-11-26,Yogurt Fresa 200ml,Lacteos,7,2343.59
2025-11-27,Aceite 1L,Despensa,1,16115.2
2025-11-27,Agua 600ml,Bebidas,8,2032.56
2025-11-27,Azucar 1kg,Despensa,4,4746.64
2025-11-27,Bebida Energetica 250ml,Bebidas,5,4341.34
2025-11-27,Cafe Molido 250g,Despensa,1,8947.62
2025-11-27,Cerveza Sixpack,Bebidas,1,15240.82
2025-11-27,Chitos 40g,Snacks,9,2767.3
2025-11-27,Chocolate 250g,Despensa,1,8471.72
2025-11-27,Frijol 500g,Granos,2,4524.56
2025-11-27,Galletas Chocolate,Snacks,4,3740.78
2025-11-27,Gaseosa Cola 400ml,Bebidas,7,2926.98
2025-11-27,Gaseosa Manzana 400ml,Bebidas,13,2841.55
2025-11-27,Huevos x30,Despensa,4,16461.74
2025-11-27,Jabon Barra,Aseo,1,2925.29
2025-11-27,Jugo Mango 300ml,Bebidas,2,2877.34
2025-11-27,Leche Entera 900ml,Lacteos,9,4195.49
2025-11-27,Lenteja 500g,Granos,1,4894.12
2025-11-27,Mani 50g,Snacks,4,2970.11
2025-11-27,Pan Blandito x5,Panaderia,7,3188.19
2025-11-27,Pan Tajado 500g,Panaderia,3,5200.29
2025-11-27,Papas 30g,Snacks,15,2111.66
2025-11-27,Papel Higienico x4,Aseo,4,9234.18
2025-11-27,Yogurt Fresa 200ml,Lacteos,12,2699.27
2025-11-28,Aceite 1L,Despensa,2,15268.13
2025-11-28,Agua 600ml,Bebidas,6,2088.23
2025-11-28,Arroz 1kg,Despensa,4,4695.32
2025-11-28,Azucar 1kg,Despensa,4,4858.54
2025-11-28,Bebida Energetica 250ml,Bebidas,3,4653.82
2025-11-28,Cafe Molido 250g,Despensa,2,9141.68
2025-11-28,Cerveza Sixpack,Bebidas,4,14622.56
2025-11-28,Chitos 40g,Snacks,4,2712.89
2025-11-28,Chocolate 250g,Despensa,4,8118.17
2025-11-28,Detergente 500g,Aseo,2,6683.24
2025-11-28,Frijol 500g,Granos,4,5185.61
2025-11-28,Galletas Chocolate,Snacks,9,3645.7
2025-11-28,Gaseosa Cola 400ml,Bebidas,11,2893.84
2025-11-28,Gaseosa Manzana 400ml,Bebidas,8,2744.97
2025-11-28,Harina Trigo 1kg,Despensa,2,4231.22
2025-11-28,Huevos x30,Despensa,2,15996.44
2025-11-28,Jabon Barra,Aseo,1,3315.24
2025-11-28,Jugo Mango 300ml,Bebidas,9,2750.07
2025-11-28,Leche Entera 900ml,Lacteos,6,4211.06
2025-11-28,Lenteja 500g,Granos,4,4863.54
2025-11-28,Mani 50g,Snacks,5,3030.32
2025-11-28,Pan Blandito x5,Panaderia,8,3059.27
2025-11-28,Pan Tajado 500g,Panaderia,8,6040.69
2025-11-28,Papas 30g,Snacks,12,2715.3
2025-11-28,Papel Higienico x4,Aseo,1,9393.6
2025-11-28,Queso Campesino 250g,Lacteos,5,7731.26
2025-11-28,Sal 500g,Despensa,3,1933.06
2025-11-28,Yogurt Fresa 200ml,Lacteos,5,2562.65
2025-11-29,Aceite 1L,Despensa,4,15445.05
2025-11-29,Agua 600ml,Bebidas,5,2104.1
2025-11-29,Arroz 1kg,Despensa,5,4698.78
2025-11-29,Azucar 1kg,Despensa,1,4682.24
2025-11-29,Bebida Energetica 250ml,Bebidas,4,4476.89
2025-11-29,Cafe Molido 250g,Despensa,3,8574.53
2025-11-29,Cerveza Sixpack,Bebidas,3,14496.87
2025-11-29,Chitos 40g,Snacks,6,2601.71
2025-11-29,Chocolate 250g,Despensa,1,8279.28
2025-11-29,Detergente 500g,Aseo,2,6533.9
2025-11-29,Frijol 500g,Granos,2,5249.86
2025-11-29,Galletas Chocolate,Snacks,10,3087.02
2025-11-29,Gaseosa Cola 400ml,Bebidas,22,2674.94
2025-11-29,Gaseosa Manzana 400ml,Bebidas,16,2845.88
2025-11-29,Harina Trigo 1kg,Despensa,4,4145.85
2025-11-29,Huevos x30,Despensa,6,16582.14
2025-11-29,Jabon Barra,Aseo,3,3056.05
2025-11-29,Jugo Mango 300ml,Bebidas,7,3382.35
2025-11-29,Leche Entera 900ml,Lacteos,12,3874.2
2025-11-29,Lenteja 500g,Granos,4,4966.74
2025-11-29,Mani 50g,Snacks,7,2901.22
2025-11-29,Pan Blandito x5,Panaderia,4,2994.89
2025-11-29,Pan Tajado 500g,Panaderia,7,5742.28
2025-11-29,Papas 30g,Snacks,15,2591.86
2025-11-29,Queso Campesino 250g,Lacteos,5,7873.9
2025-11-29,Sal 500g,Despensa,2,1854.37
2025-11-29,Yogurt Fresa 200ml,Lacteos,10,2649.55
2025-11-30,Aceite 1L,Despensa,4,15691.38
2025-11-30,Agua 600ml,Bebidas,15,2174.0
2025-11-30,Arroz 1kg,Despensa,5,4796.14
2025-11-30,Azucar 1kg,Despensa,4,4654.76
2025-11-30,Bebida Energetica 250ml,Bebidas,3,4548.87
2025-11-30,Cafe Molido 250g,Despensa,2,8947.09
2025-11-30,Cerveza Sixpack,Bebidas,2,14752.87
2025-11-30,Chitos 40g,Snacks,6,2512.72
2025-11-30,Chocolate 250g,Despensa,2,8885.59
2025-11-30,Detergente 500g,Aseo,1,6701.22
2025-11-30,Frijol 500g,Granos,2,5379.14
2025-11-30,Galletas Chocolate,Snacks,9,3574.89
2025-11-30,Gaseosa Cola 400ml,Bebidas,13,2915.34
2025-11-30,Gaseosa Manzana 400ml,Bebidas,12,2898.03
2025-11-30,Harina Trigo 1kg,Despensa,4,4298.95
2025-11-30,Huevos x30,Despensa,2,16922.02
2025-11-30,Jabon Barra,Aseo,2,3248.78
2025-11-30,Jugo Mango 300ml,Bebidas,4,3396.16
2025-11-30,Leche Entera 900ml,Lacteos,14,4108.01
2025-11-30,Lenteja 500g,Granos,1,4838.88
2025-11-30,Mani 50g,Snacks,3,2993.75
2025-11-30,Pan Blandito x5,Panaderia,17,3123.45
2025-11-30,Pan Tajado 500g,Panaderia,4,5902.13
2025-11-30,Papas 30g,Snacks,9,2539.38
2025-11-30,Papel Higienico x4,Aseo,1,9456.85
2025-11-30,Queso Campesino 250g,Lacteos,3,7358.23
2025-11-30,Sal 500g,Despensa,2,1860.71
2025-11-30,Yogurt Fresa 200ml,Lacteos,11,2586.17
2025-12-01,Aceite 1L,Despensa,1,16942.9
2025-12-01,Agua 600ml,Bebidas,6,2089.79
2025-12-01,Arroz 1kg,Despensa,1,4553.88
2025-12-01,Azucar 1kg,Despensa,6,5272.01
2025-12-01,Bebida Energetica 250ml,Bebidas,6,4535.88
2025-12-01,Cafe Molido 250g,Despensa,1,8989.18
2025-12-01,Cerveza Sixpack,Bebidas,3,15317.04
2025-12-01,Chitos 40g,Snacks,7,2554.86
2025-12-01,Chocolate 250g,Despensa,3,8301.52
2025-12-01,Galletas Chocolate,Snacks,8,3337.53
2025-12-01,Gaseosa Cola 400ml,Bebidas,18,2989.2
2025-12-01,Gaseosa Manzana 400ml,Bebidas,8,2637.77
2025-12-01,Huevos x30,Despensa,7,17552.58
2025-12-01,Jabon Barra,Aseo,3,3317.76
2025-12-01,Jugo Mango 300ml,Bebidas,7,3255.96
2025-12-01,Leche Entera 900ml,Lacteos,10,4239.91
2025-12-01,Lenteja 500g,Granos,3,5038.35
2025-12-01,Mani 50g,Snacks,7,3026.57
2025-12-01,Pan Blandito x5,Panaderia,6,2967.14
2025-12-01,Pan Tajado 500g,Panaderia,3,6183.44
2025-12-01,Papas 30g,Snacks,14,2626.65
2025-12-01,Papel Higienico x4,Aseo,1,9558.0
2025-12-01,Queso Campesino 250g,Lacteos,3,8318.43
2025-12-01,Sal 500g,Despensa,1,1979.18
2025-12-01,Yogurt Fresa 200ml,Lacteos,9,2412.29
2025-12-02,Aceite 1L,Despensa,6,16316.04
2025-12-02,Agua 600ml,Bebidas,8,2166.74
2025-12-02,Arroz 1kg,Despensa,4,5091.53
2025-12-02,Azucar 1kg,Despensa,5,4964.92
2025-12-02,Bebida Energetica 250ml,Bebidas,4,4435.53
2025-12-02,Cafe Molido 250g,Despensa,3,9190.06
2025-12-02,Cerveza Sixpack,Bebidas,5,16180.04
2025-12-02,Chitos 40g,Snacks,14,2688.3
2025-12-02,Chocolate 250g,Despensa,3,8468.85
2025-12-02,Detergente 500g,Aseo,4,6777.55
2025-12-02,Frijol 500g,Granos,2,5060.31
2025-12-02,Galletas Chocolate,Snacks,4,3579.23
2025-12-02,Gaseosa Cola 400ml,Bebidas,12,2849.74
2025-12-02,Gaseosa Manzana 400ml,Bebidas,10,2806.93
2025-12-02,Harina Trigo 1kg,Despensa,1,4172.36
2025-12-02,Huevos x30,Despensa,2,15547.7
2025-12-02,Jabon Barra,Aseo,3,3078.19
2025-12-02,Jugo Mango 300ml,Bebidas,8,3262.03
2025-12-02,Leche Entera 900ml,Lacteos,9,4338.63
2025-12-02,Mani 50g,Snacks,4,2951.32
2025-12-02,Pan Blandito x5,Panaderia,8,3297.62
2025-12-02,Pan Tajado 500g,Panaderia,5,5731.97
2025-12-02,Papas 30g,Snacks,12,2582.6
2025-12-02,Papel Higienico x4,Aseo,2,9296.54
2025-12-02,Queso Campesino 250g,Lacteos,3,7496.17
2025-12-02,Sal 500g,Despensa,2,1867.95
2025-12-02,Yogurt Fresa 200ml,Lacteos,12,2537.39
2025-12-03,Aceite 1L,Despensa,1,16847.62
2025-12-03,Agua 600ml,Bebidas,7,2207.88
2025-12-03,Arroz 1kg,Despensa,6,4404.53
2025-12-03,Azucar 1kg,Despensa,3,4886.44
2025-12-03,Bebida Energetica 250ml,Bebidas,6,4691.98
2025-12-03,Cerveza Sixpack,Bebidas,5,14041.24
2025-12-03,Chitos 40g,Snacks,6,2657.95
2025-12-03,Chocolate 250g,Despensa,1,8721.99
2025-12-03,Detergente 500g,Aseo,3,6900.58
2025-12-03,Frijol 500g,Granos,2,5198.32
2025-12-03,Galletas Chocolate,Snacks,7,3414.17
2025-12-03,Gaseosa Cola 400ml,Bebidas,11,2749.55
2025-12-03,Gaseosa Manzana 400ml,Bebidas,11,2689.38
2025-12-03,Huevos x30,Despensa,2,15964.28
2025-12-03,Jabon Barra,Aseo,2,3121.66
2025-12-03,Jugo Mango 300ml,Bebidas,5,3439.62
2025-12-03,Leche Entera 900ml,Lacteos,9,4203.6
2025-12-03,Lenteja 500g,Granos,4,4755.74
2025-12-03,Mani 50g,Snacks,4,2996.78
2025-12-03,Pan Blandito x5,Panaderia,1,3238.07
2025-12-03,Pan Tajado 500g,Panaderia,9,5856.97
2025-12-03,Papas 30g,Snacks,13,2555.97
2025-12-03,Papel Higienico x4,Aseo,2,9367.98
2025-12-03,Queso Campesino 250g,Lacteos,4,7172.05
2025-12-03,Sal 500g,Despensa,1,1943.22
2025-12-03,Yogurt Fresa 200ml,Lacteos,4,2588.44
2025-12-04,Aceite 1L,Despensa,2,16842.34
2025-12-04,Agua 600ml,Bebidas,15,2103.29
2025-12-04,Arroz 1kg,Despensa,2,4947.63
2025-12-04,Azucar 1kg,Despensa,5,4795.4
2025-12-04,Bebida Energetica 250ml,Bebidas,7,4402.24
2025-12-04,Cafe Molido 250g,Despensa,1,9261.01
2025-12-04,Cerveza Sixpack,Bebidas,5,15302.51
2025-12-04,Chitos 40g,Snacks,4,2801.64
2025-12-04,Detergente 500g,Aseo,2,6633.45
2025-12-04,Frijol 500g,Granos,3,4867.5
2025-12-04,Galletas Chocolate,Snacks,4,3554.11
2025-12-04,Gaseosa Cola 400ml,Bebidas,10,2811.6
2025-12-04,Gaseosa Manzana 400ml,Bebidas,12,2800.63
2025-12-04,Harina Trigo 1kg,Despensa,3,4268.61
2025-12-04,Huevos x30,Despensa,3,14168.46
2025-12-04,Jabon Barra,Aseo,2,3044.93
2025-12-04,Jugo Mango 300ml,Bebidas,6,2785.5
2025-12-04,Leche Entera 900ml,Lacteos,5,4302.13
2025-12-04,Lenteja 500g,Granos,3,4929.73
2025-12-04,Mani 50g,Snacks,1,3043.06
2025-12-04,Pan Blandito x5,Panaderia,3,3214.68
2025-12-04,Pan Tajado 500g,Panaderia,5,5511.3
2025-12-04,Papas 30g,Snacks,10,2506.48
2025-12-04,Queso Campesino 250g,Lacteos,3,7768.31
2025-12-04,Sal 500g,Despensa,1,2030.21
2025-12-04,Yogurt Fresa 200ml,Lacteos,8,2668.26
2025-12-05,Aceite 1L,Despensa,1,15530.91
2025-12-05,Agua 600ml,Bebidas,17,1885.07
2025-12-05,Arroz 1kg,Despensa,6,4797.1
2025-12-05,Azucar 1kg,Despensa,2,4685.11
2025-12-05,Bebida Energetica 250ml,Bebidas,4,4391.69
2025-12-05,Cafe Molido 250g,Despensa,3,8857.64
2025-12-05,Cerveza Sixpack,Bebidas,3,14295.36
2025-12-05,Chitos 40g,Snacks,7,2760.28
2025-12-05,Chocolate 250g,Despensa,5,8024.78
2025-12-05,Detergente 500g,Aseo,1,7213.35
2025-12-05,Galletas Chocolate,Snacks,8,3470.74
2025-12-05,Gaseosa Cola 400ml,Bebidas,11,2864.03
2025-12-05,Gaseosa Manzana 400ml,Bebidas,12,2737.07
2025-12-05,Harina Trigo 1kg,Despensa,8,4183.45
2025-12-05,Jabon Barra,Aseo,5,3191.39
2025-12-05,Jugo Mango 300ml,Bebidas,5,3316.38
2025-12-05,Leche Entera 900ml,Lacteos,10,4187.5
2025-12-05,Lenteja 500g,Granos,2,4750.98
2025-12-05,Mani 50g,Snacks,4,2826.4
2025-12-05,Pan Blandito x5,Panaderia,3,3132.0
2025-12-05,Pan Tajado 500g,Panaderia,6,5750.28
2025-12-05,Papas 30g,Snacks,19,2287.97
2025-12-05,Papel Higienico x4,Aseo,1,9732.46
2025-12-05,Queso Campesino 250g,Lacteos,4,7806.69
2025-12-05,Sal 500g,Despensa,1,1873.87
2025-12-05,Yogurt Fresa 200ml,Lacteos,7,2677.29
2025-12-06,Aceite 1L,Despensa,8,14118.77
2025-12-06,Agua 600ml,Bebidas,9,1998.02
2025-12-06,Arroz 1kg,Despensa,3,4617.79
2025-12-06,Bebida Energetica 250ml,Bebidas,7,4200.34
2025-12-06,Cafe Molido 250g,Despensa,3,8663.17
2025-12-06,Cerveza Sixpack,Bebidas,4,15226.49
2025-12-06,Chitos 40g,Snacks,5,2811.3
2025-12-06,Chocolate 250g,Despensa,3,8405.59
2025-12-06,Detergente 500g,Aseo,1,6896.86
2025-12-06,Frijol 500g,Granos,4,5166.15
2025-12-06,Galletas Chocolate,Snacks,8,3629.59
2025-12-06,Gaseosa Cola 400ml,Bebidas,10,2845.94
2025-12-06,Gaseosa Manzana 400ml,Bebidas,17,2845.05
2025-12-06,Harina Trigo 1kg,Despensa,1,4050.81
2025-12-06,Huevos x30,Despensa,2,16610.08
2025-12-06,Jabon Barra,Aseo,3,3157.33
2025-12-06,Jugo Mango 300ml,Bebidas,6,3342.72
2025-12-06,Leche Entera 900ml,Lacteos,7,4001.1
2025-12-06,Lenteja 500g,Granos,3,4808.74
2025-12-06,Mani 50g,Snacks,7,2884.62
2025-12-06,Pan Blandito x5,Panaderia,9,3395.29
2025-12-06,Pan Tajado 500g,Panaderia,2,5714.29
2025-12-06,Papas 30g,Snacks,24,2511.19
2025-12-06,Papel Higienico x4,Aseo,3,9665.82
2025-12-06,Queso Campesino 250g,Lacteos,6,7298.77
2025-12-06,Sal 500g,Despensa,3,1842.74
2025-12-06,Yogurt Fresa 200ml,Lacteos,8,2181.34
2025-12-07,Aceite 1L,Despensa,2,16015.22
2025-12-07,Agua 600ml,Bebidas,6,2104.97
2025-12-07,Arroz 1kg,Despensa,5,4764.0
2025-12-07,Azucar 1kg,Despensa,1,4639.94
2025-12-07,Bebida Energetica 250ml,Bebidas,5,4656.58
2025-12-07,Cafe Molido 250g,Despensa,3,8844.0
2025-12-07,Cerveza Sixpack,Bebidas,6,15694.83
2025-12-07,Chitos 40g,Snacks,5,2654.04
2025-12-07,Chocolate 250g,Despensa,1,8345.14
2025-12-07,Detergente 500g,Aseo,4,6765.34
2025-12-07,Frijol 500g,Granos,1,5025.21
2025-12-07,Galletas Chocolate,Snacks,5,3655.21
2025-12-07,Gaseosa Cola 400ml,Bebidas,19,2951.98
2025-12-07,Gaseosa Manzana 400ml,Bebidas,10,2951.88
2025-12-07,Harina Trigo 1kg,Despensa,2,3973.03
2025-12-07,Huevos x30,Despensa,4,15793.38
2025-12-07,Jabon Barra,Aseo,3,3200.35
2025-12-07,Jugo Mango 300ml,Bebidas,5,3197.27
2025-12-07,Leche Entera 900ml,Lacteos,4,3703.76
2025-12-07,Lenteja 500g,Granos,1,4816.55
2025-12-07,Mani 50g,Snacks,7,2963.43
2025-12-07,Pan Blandito x5,Panaderia,3,3102.41
2025-12-07,Pan Tajado 500g,Panaderia,13,5174.56
2025-12-07,Papas 30g,Snacks,20,2535.27
2025-12-07,Papel Higienico x4,Aseo,1,10270.3
2025-12-07,Queso Campesino 250g,Lacteos,5,7233.86
2025-12-07,Sal 500g,Despensa,1,1915.64
2025-12-07,Yogurt Fresa 200ml,Lacteos,8,2584.63
2025-12-08,Aceite 1L,Despensa,3,13633.57
2025-12-08,Agua 600ml,Bebidas,12,2082.77
2025-12-08,Arroz 1kg,Despensa,5,4704.77
2025-12-08,Azucar 1kg,Despensa,3,4749.54
2025-12-08,Bebida Energetica 250ml,Bebidas,6,4529.71
2025-12-08,Cafe Molido 250g,Despensa,3,8894.61
2025-12-08,Cerveza Sixpack,Bebidas,3,14709.01
2025-12-08,Chitos 40g,Snacks,9,2322.15
2025-12-08,Chocolate 250g,Despensa,1,8195.83
2025-12-08,Detergente 500g,Aseo,1,6980.97
2025-12-08,Frijol 500g,Granos,3,5014.32
2025-12-08,Galletas Chocolate,Snacks,6,3630.6
2025-12-08,Gaseosa Cola 400ml,Bebidas,18,2990.73
2025-12-08,Gaseosa Manzana 400ml,Bebidas,9,2654.82
2025-12-08,Harina Trigo 1kg,Despensa,3,3871.49
2025-12-08,Huevos x30,Despensa,7,15301.38
2025-12-08,Jabon Barra,Aseo,1,3267.51
2025-12-08,Jugo Mango 300ml,Bebidas,5,3295.81
2025-12-08,Leche Entera 900ml,Lacteos,17,3915.48
2025-12-08,Lenteja 500g,Granos,2,4925.51
2025-12-08,Mani 50g,Snacks,5,3060.31
2025-12-08,Pan Blandito x5,Panaderia,7,3198.18
2025-12-08,Pan Tajado 500g,Panaderia,3,5801.29
2025-12-08,Papas 30g,Snacks,7,2576.78
2025-12-08,Papel Higienico x4,Aseo,5,8890.81
2025-12-08,Queso Campesino 250g,Lacteos,10,7867.52
2025-12-08,Yogurt Fresa 200ml,Lacteos,14,2632.68
2025-12-09,Aceite 1L,Despensa,3,16277.08
2025-12-09,Agua 600ml,Bebidas,9,2224.12
2025-12-09,Arroz 1kg,Despensa,5,4779.42
2025-12-09,Bebida Energetica 250ml,Bebidas,7,4615.72
2025-12-09,Cafe Molido 250g,Despensa,2,9428.03
2025-12-09,Cerveza Sixpack,Bebidas,3,15005.6
2025-12-09,Chitos 40g,Snacks,7,2748.86
2025-12-09,Chocolate 250g,Despensa,5,8421.41
2025-12-09,Detergente 500g,Aseo,1,6547.31
2025-12-09,Frijol 500g,Granos,4,5144.89
2025-12-09,Galletas Chocolate,Snacks,4,3666.27
2025-12-09,Gaseosa Cola 400ml,Bebidas,18,2867.71
2025-12-09,Gaseosa Manzana 400ml,Bebidas,10,2732.16
2025-12-09,Harina Trigo 1kg,Despensa,2,4366.14
2025-12-09,Huevos x30,Despensa,5,17046.69
2025-12-09,Jabon Barra,Aseo,1,3451.81
2025-12-09,Jugo Mango 300ml,Bebidas,11,3230.73
2025-12-09,Leche Entera 900ml,Lacteos,11,4098.5
2025-12-09,Lenteja 500g,Granos,2,4749.27
2025-12-09,Mani 50g,Snacks,7,3153.82
2025-12-09,Pan Blandito x5,Panaderia,9,3184.99
2025-12-09,Pan Tajado 500g,Panaderia,2,5888.68
2025-12-09,Papas 30g,Snacks,13,2681.41
2025-12-09,Queso Campesino 250g,Lacteos,5,7491.87
2025-12-09,Sal 500g,Despensa,1,1933.2
2025-12-09,Yogurt Fresa 200ml,Lacteos,5,2694.76
2025-12-10,Aceite 1L,Despensa,2,16150.78
2025-12-10,Agua 600ml,Bebidas,6,2205.59
2025-12-10,Arroz 1kg,Despensa,6,4693.61
2025-12-10,Azucar 1kg,Despensa,2,5000.06
2025-12-10,Bebida Energetica 250ml,Bebidas,10,4201.26
2025-12-10,Cafe Molido 250g,Despensa,3,8770.81
2025-12-10,Cerveza Sixpack,Bebidas,3,14823.65
2025-12-10,Chitos 40g,Snacks,4,2778.34
2025-12-10,Detergente 500g,Aseo,3,6389.75
2025-12-10,Frijol 500g,Granos,4,5185.12
2025-12-10,Galletas Chocolate,Snacks,3,3622.63
2025-12-10,Gaseosa Cola 400ml,Bebidas,10,2996.76
2025-12-10,Gaseosa Manzana 400ml,Bebidas,8,2746.06
2025-12-10,Harina Trigo 1kg,Despensa,2,4084.63
2025-12-10,Huevos x30,Despensa,2,16976.3
2025-12-10,Jabon Barra,Aseo,2,3203.65
2025-12-10,Jugo Mango 300ml,Bebidas,12,3232.98
2025-12-10,Leche Entera 900ml,Lacteos,9,4248.72
2025-12-10,Lenteja 500g,Granos,2,4887.97
2025-12-10,Mani 50g,Snacks,2,2881.65
2025-12-10,Pan Blandito x5,Panaderia,3,3307.8
2025-12-10,Pan Tajado 500g,Panaderia,3,5853.15
2025-12-10,Papas 30g,Snacks,12,2594.53
2025-12-10,Queso Campesino 250g,Lacteos,4,7919.2
2025-12-10,Sal 500g,Despensa,2,1867.3
2025-12-10,Yogurt Fresa 200ml,Lacteos,7,2656.83
2025-12-11,Aceite 1L,Despensa,3,15664.09
2025-12-11,Agua 600ml,Bebidas,13,2072.44
2025-12-11,Arroz 1kg,Despensa,4,4615.36
2025-12-11,Azucar 1kg,Despensa,4,4760.98
2025-12-11,Bebida Energetica 250ml,Bebidas,6,4653.19
2025-12-11,Cafe Molido 250g,Despensa,2,8991.11
2025-12-11,Cerveza Sixpack,Bebidas,4,14909.03
2025-12-11,Chitos 40g,Snacks,9,2640.01
2025-12-11,Chocolate 250g,Despensa,3,8580.03
2025-12-11,Galletas Chocolate,Snacks,8,3518.5
2025-12-11,Gaseosa Cola 400ml,Bebidas,11,2459.84
2025-12-11,Gaseosa Manzana 400ml,Bebidas,17,2810.98
2025-12-11,Harina Trigo 1kg,Despensa,2,4457.06
2025-12-11,Huevos x30,Despensa,5,15686.21
2025-12-11,Jabon Barra,Aseo,2,3265.38
2025-12-11,Jugo Mango 300ml,Bebidas,9,3324.8
2025-12-11,Leche Entera 900ml,Lacteos,8,4084.55
2025-12-11,Lenteja 500g,Granos,2,5076.91
2025-12-11,Mani 50g,Snacks,3,2978.98
2025-12-11,Pan Blandito x5,Panaderia,4,3207.27
2025-12-11,Pan Tajado 500g,Panaderia,4,5692.39
2025-12-11,Papas 30g,Snacks,12,2567.14
2025-12-11,Papel Higienico x4,Aseo,2,9133.52
2025-12-11,Queso Campesino 250g,Lacteos,4,8324.22
2025-12-11,Sal 500g,Despensa,3,1583.42
2025-12-11,Yogurt Fresa 200ml,Lacteos,15,2601.99
2025-12-12,Agua 600ml,Bebidas,6,1926.16
2025-12-12,Arroz 1kg,Despensa,1,4728.27
2025-12-12,Bebida Energetica 250ml,Bebidas,5,4754.76
2025-12-12,Cafe Molido 250g,Despensa,2,8813.0
2025-12-12,Cerveza Sixpack,Bebidas,4,14219.48
2025-12-12,Chitos 40g,Snacks,10,2643.79
2025-12-12,Chocolate 250g,Despensa,2,8049.29
2025-12-12,Detergente 500g,Aseo,1,6659.48
2025-12-12,Frijol 500g,Granos,6,5398.82
2025-12-12,Galletas Chocolate,Snacks,9,3097.85
2025-12-12,Gaseosa Cola 400ml,Bebidas,9,2791.25
2025-12-12,Gaseosa Manzana 400ml,Bebidas,18,2595.29
2025-12-12,Jabon Barra,Aseo,2,3153.69
2025-12-12,Jugo Mango 300ml,Bebidas,10,3158.98
2025-12-12,Leche Entera 900ml,Lacteos,11,4239.44
2025-12-12,Lenteja 500g,Granos,1,4915.97
2025-12-12,Mani 50g,Snacks,3,2988.53
2025-12-12,Pan Blandito x5,Panaderia,3,3212.41
2025-12-12,Pan Tajado 500g,Panaderia,6,5716.23
2025-12-12,Papas 30g,Snacks,11,2596.49
2025-12-12,Queso Campesino 250g,Lacteos,4,7371.44
2025-12-12,Sal 500g,Despensa,3,1972.54
2025-12-12,Yogurt Fresa 200ml,Lacteos,5,2597.64
2025-12-13,Aceite 1L,Despensa,1,15778.63
2025-12-13,Agua 600ml,Bebidas,9,2107.69
2025-12-13,Arroz 1kg,Despensa,5,3757.94
2025-12-13,Azucar 1kg,Despensa,3,4966.3
2025-12-13,Bebida Energetica 250ml,Bebidas,2,4699.4
2025-12-13,Cafe Molido 250g,Despensa,3,8787.76
2025-12-13,Cerveza Sixpack,Bebidas,7,14359.84
2025-12-13,Chitos 40g,Snacks,9,2729.71
2025-12-13,Chocolate 250g,Despensa,1,8172.56
2025-12-13,Detergente 500g,Aseo,2,6430.98
2025-12-13,Frijol 500g,Granos,2,5249.02
2025-12-13,Galletas Chocolate,Snacks,11,3469.96
2025-12-13,Gaseosa Cola 400ml,Bebidas,18,2519.1
2025-12-13,Gaseosa Manzana 400ml,Bebidas,16,2832.7
2025-12-13,Harina Trigo 1kg,Despensa,3,3651.03
2025-12-13,Huevos x30,Despensa,2,16705.23
2025-12-13,Jabon Barra,Aseo,2,3293.25
2025-12-13,Jugo Mango 300ml,Bebidas,4,3311.46
2025-12-13,Leche Entera 900ml,Lacteos,9,4141.45
2025-12-13,Lenteja 500g,Granos,1,5261.07
2025-12-13,Mani 50g,Snacks,9,3087.52
2025-12-13,Pan Blandito x5,Panaderia,4,2856.15
2025-12-13,Pan Tajado 500g,Panaderia,3,6018.34
2025-12-13,Papas 30g,Snacks,21,2493.44
2025-12-13,Papel Higienico x4,Aseo,1,9291.18
2025-12-13,Queso Campesino 250g,Lacteos,6,7756.32
2025-12-13,Yogurt Fresa 200ml,Lacteos,8,2656.1
2025-12-14,Aceite 1L,Despensa,3,16057.56
2025-12-14,Agua 600ml,Bebidas,12,2060.43
2025-12-14,Arroz 1kg,Despensa,9,4883.38
2025-12-14,Azucar 1kg,Despensa,3,4749.43
2025-12-14,Bebida Energetica 250ml,Bebidas,3,4591.52
2025-12-14,Cafe Molido 250g,Despensa,1,9537.28
2025-12-14,Cerveza Sixpack,Bebidas,2,15645.24
2025-12-14,Chitos 40g,Snacks,13,2180.07
2025-12-14,Chocolate 250g,Despensa,3,8381.88
2025-12-14,Frijol 500g,Granos,3,5000.23
2025-12-14,Galletas Chocolate,Snacks,6,3691.01
2025-12-14,Gaseosa Cola 400ml,Bebidas,19,2976.14
2025-12-14,Gaseosa Manzana 400ml,Bebidas,13,2821.59
2025-12-14,Harina Trigo 1kg,Despensa,2,4235.3
2025-12-14,Huevos x30,Despensa,3,16341.03
2025-12-14,Jabon Barra,Aseo,4,3099.98
2025-12-14,Jugo Mango 300ml,Bebidas,9,3294.91
2025-12-14,Leche Entera 900ml,Lacteos,6,4190.94
2025-12-14,Lenteja 500g,Granos,3,5004.77
2025-12-14,Mani 50g,Snacks,3,2995.17
2025-12-14,Pan Blandito x5,Panaderia,6,3397.73
2025-12-14,Pan Tajado 500g,Panaderia,6,5757.94
2025-12-14,Papas 30g,Snacks,16,2662.76
2025-12-14,Papel Higienico x4,Aseo,2,9116.4
2025-12-14,Queso Campesino 250g,Lacteos,2,7691.55
2025-12-14,Sal 500g,Despensa,1,1850.62
2025-12-14,Yogurt Fresa 200ml,Lacteos,6,2387.31
2025-12-15,Aceite 1L,Despensa,1,15156.0
2025-12-15,Agua 600ml,Bebidas,12,2047.71
2025-12-15,Arroz 1kg,Despensa,5,4980.42
2025-12-15,Azucar 1kg,Despensa,1,4600.02
2025-12-15,Bebida Energetica 250ml,Bebidas,4,4399.81
2025-12-15,Cafe Molido 250g,Despensa,2,9182.38
2025-12-15,Cerveza Sixpack,Bebidas,4,14961.54
2025-12-15,Chitos 40g,Snacks,5,2772.9
2025-12-15,Chocolate 250g,Despensa,2,7940.86
2025-12-15,Detergente 500g,Aseo,4,6555.02
2025-12-15,Galletas Chocolate,Snacks,5,3895.95
2025-12-15,Gaseosa Cola 400ml,Bebidas,13,2950.25
2025-12-15,Gaseosa Manzana 400ml,Bebidas,8,2829.62
2025-12-15,Harina Trigo 1kg,Despensa,3,4226.18
2025-12-15,Huevos x30,Despensa,3,17412.16
2025-12-15,Jabon Barra,Aseo,3,2974.02
2025-12-15,Jugo Mango 300ml,Bebidas,12,3391.97
2025-12-15,Leche Entera 900ml,Lacteos,6,4510.58
2025-12-15,Lenteja 500g,Granos,2,4834.17
2025-12-15,Mani 50g,Snacks,4,2979.45
2025-12-15,Pan Blandito x5,Panaderia,4,3119.12
2025-12-15,Pan Tajado 500g,Panaderia,2,5820.6
2025-12-15,Papas 30g,Snacks,17,2623.92
2025-12-15,Papel Higienico x4,Aseo,2,9174.42
2025-12-15,Queso Campesino 250g,Lacteos,5,7928.9
2025-12-15,Sal 500g,Despensa,4,1919.09
2025-12-15,Yogurt Fresa 200ml,Lacteos,12,2578.15
2025-12-16,Aceite 1L,Despensa,1,16039.86
2025-12-16,Agua 600ml,Bebidas,10,2139.79
2025-12-16,Arroz 1kg,Despensa,9,4819.98
2025-12-16,Azucar 1kg,Despensa,5,4900.0
2025-12-16,Bebida Energetica 250ml,Bebidas,3,4487.62
2025-12-16,Cafe Molido 250g,Despensa,4,8864.03
2025-12-16,Cerveza Sixpack,Bebidas,5,15010.03
2025-12-16,Chitos 40g,Snacks,8,2816.71
2025-12-16,Chocolate 250g,Despensa,1,8468.0
2025-12-16,Detergente 500g,Aseo,1,6780.52
2025-12-16,Frijol 500g,Granos,2,4983.22
2025-12-16,Galletas Chocolate,Snacks,7,3724.03
2025-12-16,Gaseosa Cola 400ml,Bebidas,7,2900.58
2025-12-16,Gaseosa Manzana 400ml,Bebidas,8,2772.25
2025-12-16,Huevos x30,Despensa,7,16761.09
2025-12-16,Jabon Barra,Aseo,4,3130.3
2025-12-16,Jugo Mango 300ml,Bebidas,5,3082.14
2025-12-16,Leche Entera 900ml,Lacteos,7,4290.93
2025-12-16,Lenteja 500g,Granos,3,5124.96
2025-12-16,Mani 50g,Snacks,15,2558.64
2025-12-16,Pan Blandito x5,Panaderia,2,3240.63
2025-12-16,Pan Tajado 500g,Panaderia,3,5727.96
2025-12-16,Papas 30g,Snacks,4,2627.75
2025-12-16,Papel Higienico x4,Aseo,2,9616.28
2025-12-16,Queso Campesino 250g,Lacteos,1,8735.99
2025-12-16,Sal 500g,Despensa,3,1978.03
2025-12-16,Yogurt Fresa 200ml,Lacteos,6,2547.56
2025-12-17,Aceite 1L,Despensa,4,16070.7
2025-12-17,Agua 600ml,Bebidas,8,2155.55
2025-12-17,Arroz 1kg,Despensa,1,4555.99
2025-12-17,Azucar 1kg,Despensa,4,5122.52
2025-12-17,Bebida Energetica 250ml,Bebidas,3,4436.61
2025-12-17,Cafe Molido 250g,Despensa,3,9219.64
2025-12-17,Cerveza Sixpack,Bebidas,5,14588.27
2025-12-17,Chitos 40g,Snacks,9,2679.61
2025-12-17,Chocolate 250g,Despensa,4,7775.98
2025-12-17,Detergente 500g,Aseo,3,6426.47
2025-12-17,Frijol 500g,Granos,4,5043.03
2025-12-17,Galletas Chocolate,Snacks,7,3495.91
2025-12-17,Gaseosa Cola 400ml,Bebidas,6,3186.23
2025-12-17,Gaseosa Manzana 400ml,Bebidas,6,2845.2
2025-12-17,Harina Trigo 1kg,Despensa,3,3680.42
2025-12-17,Huevos x30,Despensa,6,14974.12
2025-12-17,Jabon Barra,Aseo,2,3247.78
2025-12-17,Jugo Mango 300ml,Bebidas,7,3440.6
2025-12-17,Leche Entera 900ml,Lacteos,4,3629.65
2025-12-17,Mani 50g,Snacks,1,2948.12
2025-12-17,Pan Blandito x5,Panaderia,4,3239.77
2025-12-17,Pan Tajado 500g,Panaderia,10,4788.27
2025-12-17,Papas 30g,Snacks,8,2552.04
2025-12-17,Papel Higienico x4,Aseo,1,9284.85
2025-12-17,Queso Campesino 250g,Lacteos,1,8080.43
2025-12-17,Sal 500g,Despensa,6,1900.5
2025-12-17,Yogurt Fresa 200ml,Lacteos,9,2573.97
2025-12-18,Aceite 1L,Despensa,4,14684.38
2025-12-18,Agua 600ml,Bebidas,11,2062.79
2025-12-18,Arroz 1kg,Despensa,7,4510.85
2025-12-18,Azucar 1kg,Despensa,2,4658.84
2025-12-18,Bebida Energetica 250ml,Bebidas,4,4241.13
2025-12-18,Cerveza Sixpack,Bebidas,4,14305.63
2025-12-18,Chitos 40g,Snacks,3,2713.28
2025-12-18,Chocolate 250g,Despensa,1,8275.76
2025-12-18,Detergente 500g,Aseo,4,6859.34
2025-12-18,Frijol 500g,Granos,2,5145.55
2025-12-18,Galletas Chocolate,Snacks,3,3497.36
2025-12-18,Gaseosa Cola 400ml,Bebidas,9,2934.72
2025-12-18,Gaseosa Manzana 400ml,Bebidas,9,2901.57
2025-12-18,Harina Trigo 1kg,Despensa,3,4277.6
2025-12-18,Huevos x30,Despensa,3,16952.4
2025-12-18,Jabon Barra,Aseo,2,3143.88
2025-12-18,Jugo Mango 300ml,Bebidas,2,3472.53
2025-12-18,Leche Entera 900ml,Lacteos,6,4297.1
2025-12-18,Lenteja 500g,Granos,3,4871.78
2025-12-18,Mani 50g,Snacks,5,2992.57
2025-12-18,Pan Blandito x5,Panaderia,4,3201.84
2025-12-18,Pan Tajado 500g,Panaderia,3,5901.16
2025-12-18,Papas 30g,Snacks,14,2702.04
2025-12-18,Papel Higienico x4,Aseo,1,9152.17
2025-12-18,Queso Campesino 250g,Lacteos,6,7549.26
2025-12-18,Sal 500g,Despensa,4,2030.19
2025-12-18,Yogurt Fresa 200ml,Lacteos,7,2628.62
2025-12-19,Aceite 1L,Despensa,2,15863.43
2025-12-19,Agua 600ml,Bebidas,8,2010.35
2025-12-19,Arroz 1kg,Despensa,2,4463.78
2025-12-19,Azucar 1kg,Despensa,4,4615.78
2025-12-19,Bebida Energetica 250ml,Bebidas,6,4447.06
2025-12-19,Cafe Molido 250g,Despensa,3,8786.9
2025-12-19,Cerveza Sixpack,Bebidas,4,15469.4
2025-12-19,Chitos 40g,Snacks,8,2870.02
2025-12-19,Chocolate 250g,Despensa,4,8398.78
2025-12-19,Detergente 500g,Aseo,1,6732.18
2025-12-19,Frijol 500g,Granos,3,5118.54
2025-12-19,Galletas Chocolate,Snacks,15,3456.42
2025-12-19,Gaseosa Cola 400ml,Bebidas,14,2730.05
2025-12-19,Gaseosa Manzana 400ml,Bebidas,17,2585.9
2025-12-19,Harina Trigo 1kg,Despensa,2,4187.48
2025-12-19,Huevos x30,Despensa,5,17039.97
2025-12-19,Jabon Barra,Aseo,2,3139.35
2025-12-19,Jugo Mango 300ml,Bebidas,7,3079.06
2025-12-19,Leche Entera 900ml,Lacteos,8,4229.12
2025-12-19,Lenteja 500g,Granos,2,4754.97
2025-12-19,Mani 50g,Snacks,5,3143.25
2025-12-19,Pan Blandito x5,Panaderia,4,3270.67
2025-12-19,Pan Tajado 500g,Panaderia,4,5827.4
2025-12-19,Papas 30g,Snacks,12,2658.0
2025-12-19,Queso Campesino 250g,Lacteos,3,6266.79
2025-12-19,Sal 500g,Despensa,3,1968.1
2025-12-19,Yogurt Fresa 200ml,Lacteos,3,2629.72
2025-12-20,Aceite 1L,Despensa,3,16062.19
2025-12-20,Agua 600ml,Bebidas,11,2174.37
2025-12-20,Arroz 1kg,Despensa,1,4945.93
2025-12-20,Azucar 1kg,Despensa,2,4709.84
2025-12-20,Bebida Energetica 250ml,Bebidas,5,4644.45
2025-12-20,Cafe Molido 250g,Despensa,1,9065.67
2025-12-20,Cerveza Sixpack,Bebidas,6,16157.98
2025-12-20,Chitos 40g,Snacks,10,2854.95
2025-12-20,Chocolate 250g,Despensa,1,8758.66
2025-12-20,Detergente 500g,Aseo,2,6532.65
2025-12-20,Frijol 500g,Granos,3,5224.87
2025-12-20,Galletas Chocolate,Snacks,6,3531.81
2025-12-20,Gaseosa Cola 400ml,Bebidas,8,3067.97
2025-12-20,Gaseosa Manzana 400ml,Bebidas,13,2835.93
2025-12-20,Harina Trigo 1kg,Despensa,1,4153.28
2025-12-20,Huevos x30,Despensa,6,17303.38
2025-12-20,Jabon Barra,Aseo,1,3134.44
2025-12-20,Jugo Mango 300ml,Bebidas,11,3411.45
2025-12-20,Leche Entera 900ml,Lacteos,8,4144.18
2025-12-20,Lenteja 500g,Granos,2,4013.74
2025-12-20,Mani 50g,Snacks,2,2949.13
2025-12-20,Pan Blandito x5,Panaderia,6,3097.15
2025-12-20,Pan Tajado 500g,Panaderia,2,5933.16
2025-12-20,Papas 30g,Snacks,19,2490.12
2025-12-20,Papel Higienico x4,Aseo,2,9278.73
2025-12-20,Queso Campesino 250g,Lacteos,3,7397.79
2025-12-20,Sal 500g,Despensa,1,1879.57
2025-12-20,Yogurt Fresa 200ml,Lacteos,9,2646.08
2025-12-21,Aceite 1L,Despensa,4,16071.3
2025-12-21,Agua 600ml,Bebidas,17,1885.63
2025-12-21,Arroz 1kg,Despensa,3,4608.51
2025-12-21,Azucar 1kg,Despensa,3,4750.61
2025-12-21,Bebida Energetica 250ml,Bebidas,11,4367.63
2025-12-21,Cafe Molido 250g,Despensa,1,9431.53
2025-12-21,Cerveza Sixpack,Bebidas,3,14498.89
2025-12-21,Chitos 40g,Snacks,9,2735.6
2025-12-21,Chocolate 250g,Despensa,6,7496.85
2025-12-21,Detergente 500g,Aseo,2,7278.39
2025-12-21,Frijol 500g,Granos,1,5249.14
2025-12-21,Galletas Chocolate,Snacks,11,3498.37
2025-12-21,Gaseosa Cola 400ml,Bebidas,17,2871.3
2025-12-21,Gaseosa Manzana 400ml,Bebidas,21,2220.08
2025-12-21,Harina Trigo 1kg,Despensa,2,4313.36
2025-12-21,Huevos x30,Despensa,3,16454.8
2025-12-21,Jabon Barra,Aseo,1,3185.05
2025-12-21,Jugo Mango 300ml,Bebidas,5,3247.79
2025-12-21,Leche Entera 900ml,Lacteos,9,4116.47
2025-12-21,Lenteja 500g,Granos,3,5189.88
2025-12-21,Mani 50g,Snacks,2,2983.61
2025-12-21,Pan Blandito x5,Panaderia,6,3105.85
2025-12-21,Pan Tajado 500g,Panaderia,9,5853.72
2025-12-21,Papas 30g,Snacks,14,2591.42
2025-12-21,Papel Higienico x4,Aseo,4,8618.89
2025-12-21,Queso Campesino 250g,Lacteos,5,7753.9
2025-12-21,Sal 500g,Despensa,2,2019.4
2025-12-21,Yogurt Fresa 200ml,Lacteos,5,2666.91
2025-12-22,Aceite 1L,Despensa,4,16420.58
2025-12-22,Agua 600ml,Bebidas,9,2116.45
2025-12-22,Arroz 1kg,Despensa,4,4739.27
2025-12-22,Azucar 1kg,Despensa,2,4807.41
2025-12-22,Bebida Energetica 250ml,Bebidas,4,4732.6
2025-12-22,Cafe Molido 250g,Despensa,1,9576.38
2025-12-22,Cerveza Sixpack,Bebidas,4,15156.6
2025-12-22,Chitos 40g,Snacks,5,2705.06
2025-12-22,Chocolate 250g,Despensa,2,8480.04
2025-12-22,Detergente 500g,Aseo,2,6310.46
2025-12-22,Frijol 500g,Granos,2,5419.88
2025-12-22,Galletas Chocolate,Snacks,6,3481.49
2025-12-22,Gaseosa Cola 400ml,Bebidas,16,2921.89
2025-12-22,Gaseosa Manzana 400ml,Bebidas,10,2266.59
2025-12-22,Huevos x30,Despensa,2,16161.18
2025-12-22,Jabon Barra,Aseo,2,3052.25
2025-12-22,Jugo Mango 300ml,Bebidas,5,3360.74
2025-12-22,Leche Entera 900ml,Lacteos,14,4307.78
2025-12-22,Mani 50g,Snacks,7,3050.25
2025-12-22,Pan Blandito x5,Panaderia,3,3261.25
2025-12-22,Pan Tajado 500g,Panaderia,6,5870.32
2025-12-22,Papas 30g,Snacks,9,2666.93
2025-12-22,Papel Higienico x4,Aseo,3,9038.54
2025-12-22,Queso Campesino 250g,Lacteos,3,7430.47
2025-12-22,Sal 500g,Despensa,4,1862.12
2025-12-22,Yogurt Fresa 200ml,Lacteos,3,2649.27
2025-12-23,Aceite 1L,Despensa,2,15156.11
2025-12-23,Agua 600ml,Bebidas,11,2167.65
2025-12-23,Arroz 1kg,Despensa,3,4565.05
2025-12-23,Azucar 1kg,Despensa,1,4798.22
2025-12-23,Bebida Energetica 250ml,Bebidas,3,4841.49
2025-12-23,Cafe Molido 250g,Despensa,4,9587.24
2025-12-23,Cerveza Sixpack,Bebidas,2,14887.56
2025-12-23,Chitos 40g,Snacks,5,2884.99
2025-12-23,Chocolate 250g,Despensa,1,8775.84
2025-12-23,Detergente 500g,Aseo,1,7099.28
2025-12-23,Frijol 500g,Granos,4,5319.52
2025-12-23,Galletas Chocolate,Snacks,9,3546.01
2025-12-23,Gaseosa Cola 400ml,Bebidas,16,2871.03
2025-12-23,Gaseosa Manzana 400ml,Bebidas,10,2618.56
2025-12-23,Harina Trigo 1kg,Despensa,3,4256.17
2025-12-23,Huevos x30,Despensa,4,16844.35
2025-12-23,Jabon Barra,Aseo,3,3306.72
2025-12-23,Jugo Mango 300ml,Bebidas,4,3346.37
2025-12-23,Leche Entera 900ml,Lacteos,4,4183.73
2025-12-23,Lenteja 500g,Granos,3,4858.61
2025-12-23,Mani 50g,Snacks,10,2617.76
2025-12-23,Pan Blandito x5,Panaderia,1,3373.62
2025-12-23,Pan Tajado 500g,Panaderia,1,6168.41
2025-12-23,Papas 30g,Snacks,15,2191.19
2025-12-23,Queso Campesino 250g,Lacteos,3,7282.82
2025-12-23,Sal 500g,Despensa,6,1813.16
2025-12-23,Yogurt Fresa 200ml,Lacteos,20,2383.42
2025-12-24,Aceite 1L,Despensa,1,16224.58
2025-12-24,Agua 600ml,Bebidas,8,2098.65
2025-12-24,Arroz 1kg,Despensa,4,4577.54
2025-12-24,Azucar 1kg,Despensa,1,4886.97
2025-12-24,Bebida Energetica 250ml,Bebidas,4,4407.11
2025-12-24,Cerveza Sixpack,Bebidas,2,14748.36
2025-12-24,Chitos 40g,Snacks,8,2814.9
2025-12-24,Chocolate 250g,Despensa,2,8522.31
2025-12-24,Detergente 500g,Aseo,2,7235.52
2025-12-24,Frijol 500g,Granos,1,5268.42
2025-12-24,Galletas Chocolate,Snacks,7,3047.0
2025-12-24,Gaseosa Cola 400ml,Bebidas,11,2922.03
2025-12-24,Gaseosa Manzana 400ml,Bebidas,10,3048.8
2025-12-24,Harina Trigo 1kg,Despensa,2,4257.83
2025-12-24,Huevos x30,Despensa,3,16503.7
2025-12-24,Jabon Barra,Aseo,1,3187.39
2025-12-24,Jugo Mango 300ml,Bebidas,7,3261.71
2025-12-24,Leche Entera 900ml,Lacteos,8,3834.66
2025-12-24,Lenteja 500g,Granos,2,4994.51
2025-12-24,Mani 50g,Snacks,3,2954.7
2025-12-24,Pan Blandito x5,Panaderia,4,3170.32
2025-12-24,Pan Tajado 500g,Panaderia,5,6024.58
2025-12-24,Papas 30g,Snacks,5,2494.93
2025-12-24,Papel Higienico x4,Aseo,2,8617.42
2025-12-24,Queso Campesino 250g,Lacteos,4,7813.9
2025-12-24,Sal 500g,Despensa,2,1926.56
2025-12-24,Yogurt Fresa 200ml,Lacteos,4,2601.71
2025-12-25,Aceite 1L,Despensa,2,15233.72
2025-12-25,Agua 600ml,Bebidas,11,2033.07
2025-12-25,Arroz 1kg,Despensa,6,4932.01
2025-12-25,Azucar 1kg,Despensa,3,4876.39
2025-12-25,Bebida Energetica 250ml,Bebidas,5,3754.25
2025-12-25,Cafe Molido 250g,Despensa,2,8992.67
2025-12-25,Cerveza Sixpack,Bebidas,1,15549.14
2025-12-25,Chitos 40g,Snacks,6,2650.69
2025-12-25,Chocolate 250g,Despensa,2,8509.13
2025-12-25,Galletas Chocolate,Snacks,4,3478.16
2025-12-25,Gaseosa Cola 400ml,Bebidas,9,3024.51
2025-12-25,Gaseosa Manzana 400ml,Bebidas,12,2730.51
2025-12-25,Harina Trigo 1kg,Despensa,1,4403.05
2025-12-25,Huevos x30,Despensa,3,15914.68
2025-12-25,Jabon Barra,Aseo,1,3290.54
2025-12-25,Jugo Mango 300ml,Bebidas,5,3380.41
2025-12-25,Leche Entera 900ml,Lacteos,5,4285.85
2025-12-25,Lenteja 500g,Granos,2,4546.82
2025-12-25,Mani 50g,Snacks,4,3016.64
2025-12-25,Pan Blandito x5,Panaderia,5,3178.83
2025-12-25,Pan Tajado 500g,Panaderia,2,5981.91
2025-12-25,Papas 30g,Snacks,12,2528.52
2025-12-25,Papel Higienico x4,Aseo,1,8710.7
2025-12-25,Queso Campesino 250g,Lacteos,7,8005.12
2025-12-25,Sal 500g,Despensa,2,1808.3
2025-12-25,Yogurt Fresa 200ml,Lacteos,8,2695.01
2025-12-26,Aceite 1L,Despensa,2,15882.89
2025-12-26,Agua 600ml,Bebidas,12,2173.29
2025-12-26,Arroz 1kg,Despensa,3,4969.0
2025-12-26,Azucar 1kg,Despensa,3,4841.84
2025-12-26,Bebida Energetica 250ml,Bebidas,4,4631.17
2025-12-26,Cafe Molido 250g,Despensa,3,8765.63
2025-12-26,Cerveza Sixpack,Bebidas,5,15558.26
2025-12-26,Chitos 40g,Snacks,6,2634.66
2025-12-26,Chocolate 250g,Despensa,4,8521.97
2025-12-26,Detergente 500g,Aseo,1,6446.27
2025-12-26,Galletas Chocolate,Snacks,6,3718.92
2025-12-26,Gaseosa Cola 400ml,Bebidas,24,2343.88
2025-12-26,Gaseosa Manzana 400ml,Bebidas,10,2722.52
2025-12-26,Harina Trigo 1kg,Despensa,1,4040.84
2025-12-26,Huevos x30,Despensa,1,16217.21
2025-12-26,Jabon Barra,Aseo,11,2673.75
2025-12-26,Jugo Mango 300ml,Bebidas,8,3404.71
2025-12-26,Leche Entera 900ml,Lacteos,10,4216.91
2025-12-26,Lenteja 500g,Granos,2,4854.46
2025-12-26,Mani 50g,Snacks,2,3020.62
2025-12-26,Pan Blandito x5,Panaderia,7,2729.21
2025-12-26,Pan Tajado 500g,Panaderia,4,6008.89
2025-12-26,Papas 30g,Snacks,13,2621.82
2025-12-26,Papel Higienico x4,Aseo,3,8715.39
2025-12-26,Queso Campesino 250g,Lacteos,3,7290.21
2025-12-26,Yogurt Fresa 200ml,Lacteos,10,2638.83
2025-12-27,Aceite 1L,Despensa,4,15988.93
2025-12-27,Agua 600ml,Bebidas,12,2015.62
2025-12-27,Arroz 1kg,Despensa,5,4730.9
2025-12-27,Azucar 1kg,Despensa,2,4489.64
2025-12-27,Bebida Energetica 250ml,Bebidas,5,4517.37
2025-12-27,Cafe Molido 250g,Despensa,2,9214.79
2025-12-27,Cerveza Sixpack,Bebidas,8,14197.8
2025-12-27,Chitos 40g,Snacks,10,2469.02
2025-12-27,Chocolate 250g,Despensa,3,8212.25
2025-12-27,Detergente 500g,Aseo,1,5516.61
2025-12-27,Frijol 500g,Granos,2,5194.45
2025-12-27,Galletas Chocolate,Snacks,9,3571.38
2025-12-27,Gaseosa Cola 400ml,Bebidas,22,2971.51
2025-12-27,Gaseosa Manzana 400ml,Bebidas,14,2844.58
2025-12-27,Harina Trigo 1kg,Despensa,2,4296.74
2025-12-27,Huevos x30,Despensa,7,17274.91
2025-12-27,Jabon Barra,Aseo,5,2651.07
2025-12-27,Jugo Mango 300ml,Bebidas,4,3159.39
2025-12-27,Leche Entera 900ml,Lacteos,10,4150.41
2025-12-27,Lenteja 500g,Granos,3,5102.01
2025-12-27,Mani 50g,Snacks,12,2988.75
2025-12-27,Pan Blandito x5,Panaderia,2,3257.88
2025-12-27,Pan Tajado 500g,Panaderia,5,5854.77
2025-12-27,Papas 30g,Snacks,18,2670.81
2025-12-27,Papel Higienico x4,Aseo,1,9628.53
2025-12-27,Queso Campesino 250g,Lacteos,2,7815.51
2025-12-27,Sal 500g,Despensa,3,1867.31
2025-12-27,Yogurt Fresa 200ml,Lacteos,6,2511.27
2025-12-28,Aceite 1L,Despensa,1,15886.99
2025-12-28,Agua 600ml,Bebidas,12,1987.8
2025-12-28,Arroz 1kg,Despensa,4,4852.64
2025-12-28,Azucar 1kg,Despensa,3,4162.47
2025-12-28,Bebida Energetica 250ml,Bebidas,4,4555.21
2025-12-28,Cafe Molido 250g,Despensa,2,9390.25
2025-12-28,Cerveza Sixpack,Bebidas,5,14862.25
2025-12-28,Chitos 40g,Snacks,5,2812.55
2025-12-28,Chocolate 250g,Despensa,3,8455.38
2025-12-28,Detergente 500g,Aseo,1,6982.61
2025-12-28,Frijol 500g,Granos,2,4351.88
2025-12-28,Galletas Chocolate,Snacks,10,3759.96
2025-12-28,Gaseosa Cola 400ml,Bebidas,14,2935.71
2025-12-28,Gaseosa Manzana 400ml,Bebidas,7,2857.85
2025-12-28,Harina Trigo 1kg,Despensa,1,3680.34
2025-12-28,Huevos x30,Despensa,3,16301.76
2025-12-28,Jabon Barra,Aseo,1,3171.35
2025-12-28,Jugo Mango 300ml,Bebidas,5,3154.31
2025-12-28,Leche Entera 900ml,Lacteos,7,4071.92
2025-12-28,Lenteja 500g,Granos,1,4750.86
2025-12-28,Mani 50g,Snacks,5,2917.68
2025-12-28,Pan Blandito x5,Panaderia,4,3254.93
2025-12-28,Pan Tajado 500g,Panaderia,5,6015.72
2025-12-28,Papas 30g,Snacks,5,2531.59
2025-12-28,Papel Higienico x4,Aseo,2,9568.93
2025-12-28,Queso Campesino 250g,Lacteos,4,7233.24
2025-12-28,Sal 500g,Despensa,5,1955.65
2025-12-28,Yogurt Fresa 200ml,Lacteos,9,2629.93
2025-12-29,Aceite 1L,Despensa,2,16132.5
2025-12-29,Agua 600ml,Bebidas,7,1911.58
2025-12-29,Arroz 1kg,Despensa,12,4628.28
2025-12-29,Azucar 1kg,Despensa,5,4991.5
2025-12-29,Bebida Energetica 250ml,Bebidas,6,4559.21
2025-12-29,Cafe Molido 250g,Despensa,2,9269.85
2025-12-29,Cerveza Sixpack,Bebidas,2,15762.56
2025-12-29,Chitos 40g,Snacks,9,2624.74
2025-12-29,Chocolate 250g,Despensa,3,8493.51
2025-12-29,Detergente 500g,Aseo,1,6557.58
2025-12-29,Frijol 500g,Granos,1,4863.06
2025-12-29,Galletas Chocolate,Snacks,7,3473.98
2025-12-29,Gaseosa Cola 400ml,Bebidas,10,2947.48
2025-12-29,Gaseosa Manzana 400ml,Bebidas,9,2629.0
2025-12-29,Harina Trigo 1kg,Despensa,2,4203.65
2025-12-29,Huevos x30,Despensa,1,17390.96
2025-12-29,Jabon Barra,Aseo,3,3303.63
2025-12-29,Jugo Mango 300ml,Bebidas,7,3420.17
2025-12-29,Leche Entera 900ml,Lacteos,3,4222.26
2025-12-29,Lenteja 500g,Granos,3,4836.41
2025-12-29,Mani 50g,Snacks,8,3003.41
2025-12-29,Pan Blandito x5,Panaderia,3,3015.48
2025-12-29,Pan Tajado 500g,Panaderia,6,5939.46
2025-12-29,Papas 30g,Snacks,10,2605.58
2025-12-29,Papel Higienico x4,Aseo,2,9197.72
2025-12-29,Queso Campesino 250g,Lacteos,5,8051.92
2025-12-29,Sal 500g,Despensa,1,1918.18
2025-12-29,Yogurt Fresa 200ml,Lacteos,11,2651.96
2025-12-30,Aceite 1L,Despensa,5,15954.96
2025-12-30,Agua 600ml,Bebidas,9,2074.94
2025-12-30,Arroz 1kg,Despensa,8,4624.41
2025-12-30,Azucar 1kg,Despensa,4,4664.19
2025-12-30,Bebida Energetica 250ml,Bebidas,6,4369.79
2025-12-30,Cafe Molido 250g,Despensa,3,8943.8
2025-12-30,Cerveza Sixpack,Bebidas,9,12726.58
2025-12-30,Chitos 40g,Snacks,10,2727.16
2025-12-30,Chocolate 250g,Despensa,6,8512.55
2025-12-30,Detergente 500g,Aseo,2,6585.26
2025-12-30,Frijol 500g,Granos,2,5284.8
2025-12-30,Galletas Chocolate,Snacks,8,3440.29
2025-12-30,Gaseosa Cola 400ml,Bebidas,24,2660.22
2025-12-30,Gaseosa Manzana 400ml,Bebidas,7,2814.98
2025-12-30,Harina Trigo 1kg,Despensa,3,4245.46
2025-12-30,Huevos x30,Despensa,4,15646.46
2025-12-30,Jugo Mango 300ml,Bebidas,14,3293.26
2025-12-30,Leche Entera 900ml,Lacteos,6,4262.55
2025-12-30,Lenteja 500g,Granos,2,4819.07
2025-12-30,Mani 50g,Snacks,3,2981.07
2025-12-30,Pan Blandito x5,Panaderia,7,3237.82
2025-12-30,Pan Tajado 500g,Panaderia,2,5810.65
2025-12-30,Papas 30g,Snacks,11,2659.5
2025-12-30,Papel Higienico x4,Aseo,2,8960.87
2025-12-30,Queso Campesino 250g,Lacteos,3,7737.37
2025-12-30,Yogurt Fresa 200ml,Lacteos,10,2325.45
2025-12-31,Aceite 1L,Despensa,1,15326.85
2025-12-31,Agua 600ml,Bebidas,9,2092.84
2025-12-31,Arroz 1kg,Despensa,10,4770.29
2025-12-31,Azucar 1kg,Despensa,2,4615.96
2025-12-31,Bebida Energetica 250ml,Bebidas,6,4741.8
2025-12-31,Cerveza Sixpack,Bebidas,7,15056.68
2025-12-31,Chitos 40g,Snacks,5,2734.09
2025-12-31,Chocolate 250g,Despensa,1,8923.42
2025-12-31,Detergente 500g,Aseo,2,6683.2
2025-12-31,Frijol 500g,Granos,5,5045.57
2025-12-31,Galletas Chocolate,Snacks,5,3664.19
2025-12-31,Gaseosa Cola 400ml,Bebidas,13,2919.05
2025-12-31,Gaseosa Manzana 400ml,Bebidas,9,2787.5
2025-12-31,Harina Trigo 1kg,Despensa,2,4212.06
2025-12-31,Huevos x30,Despensa,1,16673.13
2025-12-31,Jabon Barra,Aseo,2,3259.35
2025-12-31,Jugo Mango 300ml,Bebidas,9,3207.42
2025-12-31,Leche Entera 900ml,Lacteos,10,4121.43
2025-12-31,Lenteja 500g,Granos,2,5141.29
2025-12-31,Mani 50g,Snacks,5,2834.45
2025-12-31,Pan Blandito x5,Panaderia,14,3060.97
2025-12-31,Pan Tajado 500g,Panaderia,4,6128.81
2025-12-31,Papas 30g,Snacks,23,2452.55
2025-12-31,Papel Higienico x4,Aseo,4,8629.52
2025-12-31,Sal 500g,Despensa,2,1682.04
2025-12-31,Yogurt Fresa 200ml,Lacteos,10,2559.62
2026-01-01,Aceite 1L,Despensa,5,15781.61
2026-01-01,Agua 600ml,Bebidas,7,2110.44
2026-01-01,Arroz 1kg,Despensa,5,4802.48
2026-01-01,Azucar 1kg,Despensa,2,4666.84
2026-01-01,Bebida Energetica 250ml,Bebidas,7,4797.53
2026-01-01,Cafe Molido 250g,Despensa,2,8685.24
2026-01-01,Cerveza Sixpack,Bebidas,3,15177.76
2026-01-01,Chitos 40g,Snacks,5,2744.61
2026-01-01,Detergente 500g,Aseo,2,6454.22
2026-01-01,Galletas Chocolate,Snacks,8,3350.41
2026-01-01,Gaseosa Cola 400ml,Bebidas,15,2889.29
2026-01-01,Gaseosa Manzana 400ml,Bebidas,22,2846.15
2026-01-01,Harina Trigo 1kg,Despensa,2,4107.75
2026-01-01,Huevos x30,Despensa,1,17126.81
2026-01-01,Jabon Barra,Aseo,3,3347.32
2026-01-01,Jugo Mango 300ml,Bebidas,9,3273.27
2026-01-01,Leche Entera 900ml,Lacteos,12,4319.87
2026-01-01,Lenteja 500g,Granos,2,4914.46
2026-01-01,Mani 50g,Snacks,4,2914.32
2026-01-01,Pan Blandito x5,Panaderia,5,3239.46
2026-01-01,Pan Tajado 500g,Panaderia,1,5908.47
2026-01-01,Papas 30g,Snacks,11,2621.55
2026-01-01,Papel Higienico x4,Aseo,1,9063.94
2026-01-01,Queso Campesino 250g,Lacteos,4,7859.54
2026-01-01,Sal 500g,Despensa,4,1853.4
2026-01-01,Yogurt Fresa 200ml,Lacteos,9,2627.05
2026-01-02,Aceite 1L,Despensa,1,15893.36
2026-01-02,Agua 600ml,Bebidas,18,1696.87
2026-01-02,Arroz 1kg,Despensa,7,4832.76
2026-01-02,Azucar 1kg,Despensa,2,4567.44
2026-01-02,Bebida Energetica 250ml,Bebidas,3,4493.41
2026-01-02,Cafe Molido 250g,Despensa,1,9014.3
2026-01-02,Cerveza Sixpack,Bebidas,4,15069.78
2026-01-02,Chitos 40g,Snacks,6,2662.82
2026-01-02,Chocolate 250g,Despensa,2,8652.41
2026-01-02,Detergente 500g,Aseo,1,7035.31
2026-01-02,Frijol 500g,Granos,2,5214.42
2026-01-02,Galletas Chocolate,Snacks,12,3644.24
2026-01-02,Gaseosa Cola 400ml,Bebidas,8,2932.13
2026-01-02,Gaseosa Manzana 400ml,Bebidas,11,2372.06
2026-01-02,Harina Trigo 1kg,Despensa,2,4280.01
2026-01-02,Huevos x30,Despensa,4,16781.32
2026-01-02,Jugo Mango 300ml,Bebidas,8,3228.59
2026-01-02,Leche Entera 900ml,Lacteos,6,4121.2
2026-01-02,Lenteja 500g,Granos,2,5151.02
2026-01-02,Mani 50g,Snacks,5,2995.56
2026-01-02,Pan Blandito x5,Panaderia,3,3053.59
2026-01-02,Pan Tajado 500g,Panaderia,9,5027.83
2026-01-02,Papas 30g,Snacks,17,2613.83
2026-01-02,Papel Higienico x4,Aseo,3,8734.99
2026-01-02,Queso Campesino 250g,Lacteos,3,7640.86
2026-01-02,Sal 500g,Despensa,3,1868.43
2026-01-02,Yogurt Fresa 200ml,Lacteos,8,2578.55
2026-01-03,Agua 600ml,Bebidas,9,2121.48
2026-01-03,Arroz 1kg,Despensa,8,4805.18
2026-01-03,Azucar 1kg,Despensa,3,5007.69
2026-01-03,Bebida Energetica 250ml,Bebidas,6,4670.72
2026-01-03,Cafe Molido 250g,Despensa,4,9060.67
2026-01-03,Cerveza Sixpack,Bebidas,6,15785.36
2026-01-03,Chitos 40g,Snacks,2,2623.25
2026-01-03,Chocolate 250g,Despensa,2,8634.6
2026-01-03,Detergente 500g,Aseo,1,7295.62
2026-01-03,Frijol 500g,Granos,2,5460.15
2026-01-03,Galletas Chocolate,Snacks,7,3365.4
2026-01-03,Gaseosa Cola 400ml,Bebidas,7,2867.56
2026-01-03,Gaseosa Manzana 400ml,Bebidas,13,2770.15
2026-01-03,Harina Trigo 1kg,Despensa,1,4548.17
2026-01-03,Huevos x30,Despensa,2,16570.46
2026-01-03,Jabon Barra,Aseo,2,3214.3
2026-01-03,Jugo Mango 300ml,Bebidas,10,3323.29
2026-01-03,Leche Entera 900ml,Lacteos,10,4260.15
2026-01-03,Mani 50g,Snacks,5,3131.29
2026-01-03,Pan Blandito x5,Panaderia,3,3539.09
2026-01-03,Pan Tajado 500g,Panaderia,2,5831.09
2026-01-03,Papas 30g,Snacks,8,2530.1
2026-01-03,Queso Campesino 250g,Lacteos,3,8352.0
2026-01-03,Yogurt Fresa 200ml,Lacteos,10,2492.98
2026-01-04,Aceite 1L,Despensa,6,16267.72
2026-01-04,Agua 600ml,Bebidas,6,2079.49
2026-01-04,Arroz 1kg,Despensa,5,4576.1
2026-01-04,Azucar 1kg,Despensa,4,4917.64
2026-01-04,Bebida Energetica 250ml,Bebidas,2,4458.67
2026-01-04,Cafe Molido 250g,Despensa,2,9215.44
2026-01-04,Cerveza Sixpack,Bebidas,2,15492.21
2026-01-04,Chitos 40g,Snacks,3,2824.14
2026-01-04,Chocolate 250g,Despensa,1,6930.07
2026-01-04,Detergente 500g,Aseo,1,6600.07
2026-01-04,Frijol 500g,Granos,1,5208.76
2026-01-04,Galletas Chocolate,Snacks,7,3805.68
2026-01-04,Gaseosa Cola 400ml,Bebidas,17,2879.15
2026-01-04,Gaseosa Manzana 400ml,Bebidas,17,2859.43
2026-01-04,Harina Trigo 1kg,Despensa,1,4250.0
2026-01-04,Huevos x30,Despensa,7,15119.03
2026-01-04,Jabon Barra,Aseo,2,3215.66
2026-01-04,Jugo Mango 300ml,Bebidas,6,2968.2
2026-01-04,Leche Entera 900ml,Lacteos,5,4209.42
2026-01-04,Lenteja 500g,Granos,1,4717.32
2026-01-04,Mani 50g,Snacks,3,2996.74
2026-01-04,Pan Blandito x5,Panaderia,8,3047.77
2026-01-04,Pan Tajado 500g,Panaderia,5,6165.52
2026-01-04,Papas 30g,Snacks,15,2522.6
2026-01-04,Papel Higienico x4,Aseo,2,9141.47
2026-01-04,Queso Campesino 250g,Lacteos,3,7803.37
2026-01-04,Sal 500g,Despensa,2,1889.27
2026-01-04,Yogurt Fresa 200ml,Lacteos,8,2583.82
2026-01-05,Aceite 1L,Despensa,2,13910.59
2026-01-05,Agua 600ml,Bebidas,8,2066.22
2026-01-05,Arroz 1kg,Despensa,3,4565.55
2026-01-05,Azucar 1kg,Despensa,1,4608.73
2026-01-05,Bebida Energetica 250ml,Bebidas,3,4689.99
2026-01-05,Cafe Molido 250g,Despensa,6,8412.1
2026-01-05,Cerveza Sixpack,Bebidas,5,13504.92
2026-01-05,Chitos 40g,Snacks,1,2779.67
2026-01-05,Detergente 500g,Aseo,5,6862.49
2026-01-05,Frijol 500g,Granos,2,4793.77
2026-01-05,Galletas Chocolate,Snacks,6,3736.99
2026-01-05,Gaseosa Cola 400ml,Bebidas,12,2814.12
2026-01-05,Gaseosa Manzana 400ml,Bebidas,7,2815.13
2026-01-05,Harina Trigo 1kg,Despensa,2,4258.71
2026-01-05,Huevos x30,Despensa,3,15929.25
2026-01-05,Jabon Barra,Aseo,2,3061.77
2026-01-05,Jugo Mango 300ml,Bebidas,8,3357.96
2026-01-05,Leche Entera 900ml,Lacteos,6,4132.73
2026-01-05,Lenteja 500g,Granos,5,4705.17
2026-01-05,Mani 50g,Snacks,3,2887.75
2026-01-05,Pan Blandito x5,Panaderia,5,3219.68
2026-01-05,Pan Tajado 500g,Panaderia,2,6173.58
2026-01-05,Papas 30g,Snacks,6,2716.04
2026-01-05,Papel Higienico x4,Aseo,1,8727.89
2026-01-05,Queso Campesino 250g,Lacteos,2,7626.59
2026-01-05,Sal 500g,Despensa,1,1852.19
2026-01-05,Yogurt Fresa 200ml,Lacteos,18,2227.39
2026-01-06,Aceite 1L,Despensa,2,15680.54
2026-01-06,Agua 600ml,Bebidas,13,2032.38
2026-01-06,Arroz 1kg,Despensa,4,4730.48
2026-01-06,Azucar 1kg,Despensa,2,4837.05
2026-01-06,Bebida Energetica 250ml,Bebidas,5,4474.08
2026-01-06,Cafe Molido 250g,Despensa,2,9084.23
2026-01-06,Cerveza Sixpack,Bebidas,6,14865.33
2026-01-06,Chitos 40g,Snacks,5,2431.73
2026-01-06,Chocolate 250g,Despensa,3,7917.12
2026-01-06,Detergente 500g,Aseo,2,5387.38
2026-01-06,Frijol 500g,Granos,1,5176.08
2026-01-06,Galletas Chocolate,Snacks,11,3658.92
2026-01-06,Gaseosa Cola 400ml,Bebidas,13,2906.24
2026-01-06,Gaseosa Manzana 400ml,Bebidas,9,3030.01
2026-01-06,Harina Trigo 1kg,Despensa,5,3661.22
2026-01-06,Huevos x30,Despensa,3,17104.58
2026-01-06,Jabon Barra,Aseo,1,3115.26
2026-01-06,Jugo Mango 300ml,Bebidas,5,3383.45
2026-01-06,Leche Entera 900ml,Lacteos,5,4284.2
2026-01-06,Lenteja 500g,Granos,2,4775.55
2026-01-06,Mani 50g,Snacks,5,3000.88
2026-01-06,Pan Blandito x5,Panaderia,6,3032.48
2026-01-06,Pan Tajado 500g,Panaderia,1,6069.14
2026-01-06,Papas 30g,Snacks,8,2501.74
2026-01-06,Papel Higienico x4,Aseo,3,9547.45
2026-01-06,Queso Campesino 250g,Lacteos,2,7952.59
2026-01-06,Sal 500g,Despensa,2,1873.37
2026-01-06,Yogurt Fresa 200ml,Lacteos,7,2515.23
2026-01-07,Aceite 1L,Despensa,2,14753.15
2026-01-07,Agua 600ml,Bebidas,3,2249.74
2026-01-07,Arroz 1kg,Despensa,4,4807.67
2026-01-07,Azucar 1kg,Despensa,6,4854.91
2026-01-07,Bebida Energetica 250ml,Bebidas,6,4438.07
2026-01-07,Cafe Molido 250g,Despensa,2,9106.48
2026-01-07,Cerveza Sixpack,Bebidas,5,13441.94
2026-01-07,Chitos 40g,Snacks,4,2808.09
2026-01-07,Chocolate 250g,Despensa,3,8492.45
2026-01-07,Detergente 500g,Aseo,1,6707.6
2026-01-07,Frijol 500g,Granos,1,5259.56
2026-01-07,Galletas Chocolate,Snacks,6,3574.18
2026-01-07,Gaseosa Cola 400ml,Bebidas,21,2887.35
2026-01-07,Gaseosa Manzana 400ml,Bebidas,17,2749.84
2026-01-07,Harina Trigo 1kg,Despensa,5,3273.79
2026-01-07,Huevos x30,Despensa,2,16525.3
2026-01-07,Jabon Barra,Aseo,5,3091.84
2026-01-07,Jugo Mango 300ml,Bebidas,8,3301.25
2026-01-07,Leche Entera 900ml,Lacteos,2,4229.16
2026-01-07,Lenteja 500g,Granos,1,4909.97
2026-01-07,Mani 50g,Snacks,2,2890.68
2026-01-07,Pan Blandito x5,Panaderia,7,3106.85
2026-01-07,Pan Tajado 500g,Panaderia,4,5888.75
2026-01-07,Papas 30g,Snacks,18,2386.32
2026-01-07,Queso Campesino 250g,Lacteos,4,8328.96
2026-01-07,Sal 500g,Despensa,2,1924.48
2026-01-07,Yogurt Fresa 200ml,Lacteos,5,2673.35
2026-01-08,Aceite 1L,Despensa,2,15122.0
2026-01-08,Agua 600ml,Bebidas,12,2140.4
2026-01-08,Arroz 1kg,Despensa,4,4480.03
2026-01-08,Azucar 1kg,Despensa,1,4763.56
2026-01-08,Bebida Energetica 250ml,Bebidas,2,4468.03
2026-01-08,Cafe Molido 250g,Despensa,2,9042.41
2026-01-08,Cerveza Sixpack,Bebidas,3,15374.06
2026-01-08,Chitos 40g,Snacks,5,2775.59
2026-01-08,Chocolate 250g,Despensa,2,7600.37
2026-01-08,Detergente 500g,Aseo,1,6467.89
2026-01-08,Frijol 500g,Granos,5,5241.6
2026-01-08,Galletas Chocolate,Snacks,1,3589.32
2026-01-08,Gaseosa Cola 400ml,Bebidas,11,2696.03
2026-01-08,Gaseosa Manzana 400ml,Bebidas,5,2862.59
2026-01-08,Harina Trigo 1kg,Despensa,2,4264.43
2026-01-08,Huevos x30,Despensa,9,13518.69
2026-01-08,Jabon Barra,Aseo,2,3119.67
2026-01-08,Jugo Mango 300ml,Bebidas,6,3173.03
2026-01-08,Leche Entera 900ml,Lacteos,9,4058.62
2026-01-08,Lenteja 500g,Granos,2,5026.5
2026-01-08,Mani 50g,Snacks,4,3038.85
2026-01-08,Pan Blandito x5,Panaderia,3,3267.39
2026-01-08,Pan Tajado 500g,Panaderia,3,5579.94
2026-01-08,Papas 30g,Snacks,7,2614.74
2026-01-08,Papel Higienico x4,Aseo,1,9764.23
2026-01-08,Queso Campesino 250g,Lacteos,4,7593.01
2026-01-08,Sal 500g,Despensa,2,1856.75
2026-01-08,Yogurt Fresa 200ml,Lacteos,6,2522.52
2026-01-09,Aceite 1L,Despensa,4,14193.33
2026-01-09,Agua 600ml,Bebidas,7,2144.73
2026-01-09,Arroz 1kg,Despensa,6,4652.05
2026-01-09,Azucar 1kg,Despensa,1,4747.98
2026-01-09,Bebida Energetica 250ml,Bebidas,2,4435.51
2026-01-09,Cerveza Sixpack,Bebidas,4,15025.11
2026-01-09,Chitos 40g,Snacks,8,2698.75
2026-01-09,Chocolate 250g,Despensa,2,8360.82
2026-01-09,Detergente 500g,Aseo,3,6776.61
2026-01-09,Frijol 500g,Granos,2,5470.97
2026-01-09,Galletas Chocolate,Snacks,9,3446.2
2026-01-09,Gaseosa Cola 400ml,Bebidas,22,2878.32
2026-01-09,Gaseosa Manzana 400ml,Bebidas,14,2841.49
2026-01-09,Harina Trigo 1kg,Despensa,4,4472.57
2026-01-09,Huevos x30,Despensa,8,14637.31
2026-01-09,Jabon Barra,Aseo,2,3211.43
2026-01-09,Jugo Mango 300ml,Bebidas,14,3092.11
2026-01-09,Leche Entera 900ml,Lacteos,11,4390.66
2026-01-09,Lenteja 500g,Granos,2,5023.35
2026-01-09,Mani 50g,Snacks,3,3003.12
2026-01-09,Pan Blandito x5,Panaderia,5,3288.83
2026-01-09,Pan Tajado 500g,Panaderia,5,5648.06
2026-01-09,Papas 30g,Snacks,14,2443.96
2026-01-09,Papel Higienico x4,Aseo,3,8974.85
2026-01-09,Queso Campesino 250g,Lacteos,4,7806.61
2026-01-09,Sal 500g,Despensa,5,1902.93
2026-01-09,Yogurt Fresa 200ml,Lacteos,9,2630.62
2026-01-10,Aceite 1L,Despensa,3,16337.29
2026-01-10,Agua 600ml,Bebidas,9,1696.82
2026-01-10,Azucar 1kg,Despensa,3,4820.47
2026-01-10,Bebida Energetica 250ml,Bebidas,3,4362.63
2026-01-10,Cafe Molido 250g,Despensa,2,9156.96
2026-01-10,Cerveza Sixpack,Bebidas,7,14466.09
2026-01-10,Chitos 40g,Snacks,4,2830.3
2026-01-10,Chocolate 250g,Despensa,4,8560.25
2026-01-10,Detergente 500g,Aseo,3,6744.27
2026-01-10,Frijol 500g,Granos,3,5467.59
2026-01-10,Galletas Chocolate,Snacks,6,3628.27
2026-01-10,Gaseosa Cola 400ml,Bebidas,17,2895.4
2026-01-10,Gaseosa Manzana 400ml,Bebidas,12,2921.21
2026-01-10,Harina Trigo 1kg,Despensa,4,3684.54
2026-01-10,Huevos x30,Despensa,2,16471.36
2026-01-10,Jabon Barra,Aseo,1,3066.13
2026-01-10,Jugo Mango 300ml,Bebidas,7,3335.44
2026-01-10,Leche Entera 900ml,Lacteos,13,4129.57
2026-01-10,Lenteja 500g,Granos,1,4816.82
2026-01-10,Mani 50g,Snacks,6,3147.55
2026-01-10,Pan Blandito x5,Panaderia,7,3265.73
2026-01-10,Pan Tajado 500g,Panaderia,3,6106.28
2026-01-10,Papas 30g,Snacks,12,2609.94
2026-01-10,Papel Higienico x4,Aseo,1,9392.27
2026-01-10,Queso Campesino 250g,Lacteos,2,7656.65
2026-01-10,Yogurt Fresa 200ml,Lacteos,7,2772.64
2026-01-11,Aceite 1L,Despensa,3,16081.22
2026-01-11,Agua 600ml,Bebidas,9,2090.3
2026-01-11,Arroz 1kg,Despensa,3,4462.65
2026-01-11,Azucar 1kg,Despensa,3,4830.52
2026-01-11,Bebida Energetica 250ml,Bebidas,5,4738.37
2026-01-11,Cafe Molido 250g,Despensa,2,8946.04
2026-01-11,Cerveza Sixpack,Bebidas,6,15284.63
2026-01-11,Chitos 40g,Snacks,7,2784.26
2026-01-11,Galletas Chocolate,Snacks,8,3497.31
2026-01-11,Gaseosa Cola 400ml,Bebidas,16,2497.18
2026-01-11,Gaseosa Manzana 400ml,Bebidas,17,2905.35
2026-01-11,Harina Trigo 1kg,Despensa,3,4369.88
2026-01-11,Huevos x30,Despensa,1,15741.2
2026-01-11,Jugo Mango 300ml,Bebidas,6,3241.09
2026-01-11,Leche Entera 900ml,Lacteos,9,3757.76
2026-01-11,Lenteja 500g,Granos,2,5083.23
2026-01-11,Mani 50g,Snacks,2,2910.08
2026-01-11,Pan Blandito x5,Panaderia,3,3278.57
2026-01-11,Pan Tajado 500g,Panaderia,3,5537.77
2026-01-11,Papas 30g,Snacks,10,2610.26
2026-01-11,Papel Higienico x4,Aseo,1,9389.18
2026-01-11,Queso Campesino 250g,Lacteos,3,8001.32
2026-01-11,Yogurt Fresa 200ml,Lacteos,4,2451.92
2026-01-12,Aceite 1L,Despensa,6,15118.88
2026-01-12,Agua 600ml,Bebidas,6,2062.07
2026-01-12,Arroz 1kg,Despensa,3,4633.38
2026-01-12,Azucar 1kg,Despensa,1,5037.47
2026-01-12,Bebida Energetica 250ml,Bebidas,4,4299.33
2026-01-12,Cafe Molido 250g,Despensa,4,9123.34
2026-01-12,Cerveza Sixpack,Bebidas,4,15074.41
2026-01-12,Chitos 40g,Snacks,8,2770.57
2026-01-12,Chocolate 250g,Despensa,2,8526.52
2026-01-12,Detergente 500g,Aseo,2,6478.63
2026-01-12,Frijol 500g,Granos,1,4990.88
2026-01-12,Galletas Chocolate,Snacks,5,3639.88
2026-01-12,Gaseosa Cola 400ml,Bebidas,11,2763.15
2026-01-12,Gaseosa Manzana 400ml,Bebidas,14,2719.32
2026-01-12,Harina Trigo 1kg,Despensa,2,4240.85
2026-01-12,Huevos x30,Despensa,4,17076.18
2026-01-12,Jabon Barra,Aseo,5,2794.99
2026-01-12,Jugo Mango 300ml,Bebidas,4,3392.51
2026-01-12,Leche Entera 900ml,Lacteos,9,4165.16
2026-01-12,Lenteja 500g,Granos,3,4938.09
2026-01-12,Mani 50g,Snacks,6,3212.7
2026-01-12,Pan Blandito x5,Panaderia,5,3349.54
2026-01-12,Pan Tajado 500g,Panaderia,6,6365.38
2026-01-12,Papas 30g,Snacks,7,2603.67
2026-01-12,Queso Campesino 250g,Lacteos,4,8193.45
2026-01-12,Sal 500g,Despensa,5,1856.41
2026-01-12,Yogurt Fresa 200ml,Lacteos,7,2708.92
2026-01-13,Aceite 1L,Despensa,2,15944.25
2026-01-13,Agua 600ml,Bebidas,10,1935.26
2026-01-13,Arroz 1kg,Despensa,9,4533.24
2026-01-13,Azucar 1kg,Despensa,1,4765.3
2026-01-13,Bebida Energetica 250ml,Bebidas,7,4505.8
2026-01-13,Cafe Molido 250g,Despensa,2,9341.19
2026-01-13,Cerveza Sixpack,Bebidas,2,15067.9
2026-01-13,Chitos 40g,Snacks,6,2435.51
2026-01-13,Chocolate 250g,Despensa,3,8787.63
2026-01-13,Frijol 500g,Granos,2,5503.29
2026-01-13,Galletas Chocolate,Snacks,7,3449.43
2026-01-13,Gaseosa Cola 400ml,Bebidas,16,2775.17
2026-01-13,Gaseosa Manzana 400ml,Bebidas,5,2917.64
2026-01-13,Harina Trigo 1kg,Despensa,3,4364.09
2026-01-13,Huevos x30,Despensa,3,17718.2
2026-01-13,Jugo Mango 300ml,Bebidas,5,3172.95
2026-01-13,Leche Entera 900ml,Lacteos,9,4205.27
2026-01-13,Lenteja 500g,Granos,3,5066.95
2026-01-13,Mani 50g,Snacks,6,2918.13
2026-01-13,Pan Blandito x5,Panaderia,5,3249.61
2026-01-13,Pan Tajado 500g,Panaderia,6,5850.48
2026-01-13,Papas 30g,Snacks,8,2641.82
2026-01-13,Papel Higienico x4,Aseo,5,9754.04
2026-01-13,Queso Campesino 250g,Lacteos,5,8006.3
2026-01-13,Sal 500g,Despensa,1,1813.15
2026-01-13,Yogurt Fresa 200ml,Lacteos,15,2341.39
2026-01-14,Aceite 1L,Despensa,2,15872.47
2026-01-14,Agua 600ml,Bebidas,9,1990.82
2026-01-14,Arroz 1kg,Despensa,9,4935.22
2026-01-14,Azucar 1kg,Despensa,4,4995.86
2026-01-14,Bebida Energetica 250ml,Bebidas,10,4452.18
2026-01-14,Cafe Molido 250g,Despensa,2,9166.69
2026-01-14,Cerveza Sixpack,Bebidas,12,13067.47
2026-01-14,Chitos 40g,Snacks,4,2432.4
2026-01-14,Chocolate 250g,Despensa,1,8208.08
2026-01-14,Detergente 500g,Aseo,2,6798.24
2026-01-14,Galletas Chocolate,Snacks,8,3326.39
2026-01-14,Gaseosa Cola 400ml,Bebidas,17,3024.61
2026-01-14,Gaseosa Manzana 400ml,Bebidas,15,2832.74
2026-01-14,Harina Trigo 1kg,Despensa,3,4129.58
2026-01-14,Huevos x30,Despensa,4,17396.8
2026-01-14,Jabon Barra,Aseo,4,3264.31
2026-01-14,Jugo Mango 300ml,Bebidas,10,3413.72
2026-01-14,Leche Entera 900ml,Lacteos,16,3610.84
2026-01-14,Lenteja 500g,Granos,2,4827.56
2026-01-14,Mani 50g,Snacks,3,2877.63
2026-01-14,Pan Blandito x5,Panaderia,6,3142.57
2026-01-14,Pan Tajado 500g,Panaderia,6,5690.05
2026-01-14,Papas 30g,Snacks,12,2161.1
2026-01-14,Papel Higienico x4,Aseo,3,8542.28
2026-01-14,Queso Campesino 250g,Lacteos,5,7661.4
2026-01-14,Sal 500g,Despensa,1,1909.4
2026-01-14,Yogurt Fresa 200ml,Lacteos,9,2527.24
2026-01-15,Agua 600ml,Bebidas,12,2135.7
2026-01-15,Arroz 1kg,Despensa,2,4838.59
2026-01-15,Azucar 1kg,Despensa,5,4744.36
2026-01-15,Bebida Energetica 250ml,Bebidas,7,3705.35
2026-01-15,Cafe Molido 250g,Despensa,2,8956.92
2026-01-15,Cerveza Sixpack,Bebidas,8,12720.91
2026-01-15,Chitos 40g,Snacks,5,2928.99
2026-01-15,Chocolate 250g,Despensa,2,8779.34
2026-01-15,Detergente 500g,Aseo,1,6581.5
2026-01-15,Frijol 500g,Granos,4,5152.0
2026-01-15,Galletas Chocolate,Snacks,9,3375.94
2026-01-15,Gaseosa Cola 400ml,Bebidas,14,2825.97
2026-01-15,Gaseosa Manzana 400ml,Bebidas,12,2847.35
2026-01-15,Harina Trigo 1kg,Despensa,1,4371.59
2026-01-15,Huevos x30,Despensa,7,13570.48
2026-01-15,Jabon Barra,Aseo,3,3302.0
2026-01-15,Jugo Mango 300ml,Bebidas,6,3185.6
2026-01-15,Leche Entera 900ml,Lacteos,12,4155.28
2026-01-15,Lenteja 500g,Granos,1,4610.14
2026-01-15,Mani 50g,Snacks,4,2927.67
2026-01-15,Pan Blandito x5,Panaderia,1,3014.06
2026-01-15,Pan Tajado 500g,Panaderia,3,5702.09
2026-01-15,Papas 30g,Snacks,9,2501.38
2026-01-15,Papel Higienico x4,Aseo,4,9405.39
2026-01-15,Queso Campesino 250g,Lacteos,5,7855.01
2026-01-15,Sal 500g,Despensa,1,1907.72
2026-01-15,Yogurt Fresa 200ml,Lacteos,4,2633.29
2026-01-16,Agua 600ml,Bebidas,15,2037.39
2026-01-16,Arroz 1kg,Despensa,5,4557.46
2026-01-16,Azucar 1kg,Despensa,1,4792.03
2026-01-16,Bebida Energetica 250ml,Bebidas,3,4515.68
2026-01-16,Cafe Molido 250g,Despensa,2,9033.33
2026-01-16,Cerveza Sixpack,Bebidas,4,14916.61
2026-01-16,Chitos 40g,Snacks,4,2666.26
2026-01-16,Detergente 500g,Aseo,3,6724.67
2026-01-16,Frijol 500g,Granos,2,5135.74
2026-01-16,Galletas Chocolate,Snacks,9,3751.88
2026-01-16,Gaseosa Cola 400ml,Bebidas,21,2968.32
2026-01-16,Gaseosa Manzana 400ml,Bebidas,20,2617.47
2026-01-16,Harina Trigo 1kg,Despensa,1,4147.05
2026-01-16,Huevos x30,Despensa,6,16347.02
2026-01-16,Jabon Barra,Aseo,2,3313.57
2026-01-16,Jugo Mango 300ml,Bebidas,17,3413.0
2026-01-16,Leche Entera 900ml,Lacteos,9,4060.11
2026-01-16,Lenteja 500g,Granos,6,5076.87
2026-01-16,Mani 50g,Snacks,6,3223.18
2026-01-16,Pan Blandito x5,Panaderia,8,3262.01
2026-01-16,Pan Tajado 500g,Panaderia,6,5816.79
2026-01-16,Papas 30g,Snacks,6,2575.83
2026-01-16,Papel Higienico x4,Aseo,1,9312.69
2026-01-16,Queso Campesino 250g,Lacteos,3,7664.03
2026-01-16,Sal 500g,Despensa,1,1974.62
2026-01-16,Yogurt Fresa 200ml,Lacteos,8,2642.35
2026-01-17,Aceite 1L,Despensa,2,15457.21
2026-01-17,Agua 600ml,Bebidas,10,2129.37
2026-01-17,Arroz 1kg,Despensa,4,4401.16
2026-01-17,Azucar 1kg,Despensa,2,4986.32
2026-01-17,Bebida Energetica 250ml,Bebidas,6,4364.99
2026-01-17,Cafe Molido 250g,Despensa,1,8902.59
2026-01-17,Cerveza Sixpack,Bebidas,5,14778.15
2026-01-17,Chitos 40g,Snacks,2,2899.47
2026-01-17,Chocolate 250g,Despensa,2,8617.74
2026-01-17,Frijol 500g,Granos,4,5282.97
2026-01-17,Galletas Chocolate,Snacks,10,3515.42
2026-01-17,Gaseosa Cola 400ml,Bebidas,17,2966.49
2026-01-17,Gaseosa Manzana 400ml,Bebidas,9,2820.09
2026-01-17,Harina Trigo 1kg,Despensa,8,3481.6
2026-01-17,Huevos x30,Despensa,1,15604.67
2026-01-17,Jabon Barra,Aseo,2,3289.43
2026-01-17,Jugo Mango 300ml,Bebidas,11,3203.07
2026-01-17,Leche Entera 900ml,Lacteos,14,3751.85
2026-01-17,Lenteja 500g,Granos,1,5194.08
2026-01-17,Mani 50g,Snacks,7,2851.82
2026-01-17,Pan Blandito x5,Panaderia,3,2964.27
2026-01-17,Pan Tajado 500g,Panaderia,6,6223.57
2026-01-17,Papas 30g,Snacks,8,2690.81
2026-01-17,Papel Higienico x4,Aseo,7,9514.24
2026-01-17,Queso Campesino 250g,Lacteos,4,7352.14
2026-01-17,Yogurt Fresa 200ml,Lacteos,7,2448.83
2026-01-18,Aceite 1L,Despensa,1,15669.58
2026-01-18,Agua 600ml,Bebidas,3,2076.62
2026-01-18,Arroz 1kg,Despensa,4,4796.75
2026-01-18,Azucar 1kg,Despensa,3,4665.38
2026-01-18,Bebida Energetica 250ml,Bebidas,4,4674.56
2026-01-18,Cafe Molido 250g,Despensa,1,9608.52
2026-01-18,Cerveza Sixpack,Bebidas,3,15132.74
2026-01-18,Chitos 40g,Snacks,9,2650.58
2026-01-18,Chocolate 250g,Despensa,1,8281.51
2026-01-18,Frijol 500g,Granos,2,5154.5
2026-01-18,Galletas Chocolate,Snacks,2,3596.86
2026-01-18,Gaseosa Cola 400ml,Bebidas,13,2917.67
2026-01-18,Gaseosa Manzana 400ml,Bebidas,6,2695.63
2026-01-18,Harina Trigo 1kg,Despensa,2,4176.37
2026-01-18,Huevos x30,Despensa,5,15570.14
2026-01-18,Jabon Barra,Aseo,1,3188.57
2026-01-18,Jugo Mango 300ml,Bebidas,6,3460.98
2026-01-18,Leche Entera 900ml,Lacteos,11,4044.27
2026-01-18,Lenteja 500g,Granos,4,5109.28
2026-01-18,Mani 50g,Snacks,3,3184.07
2026-01-18,Pan Blandito x5,Panaderia,7,2757.63
2026-01-18,Pan Tajado 500g,Panaderia,6,5270.53
2026-01-18,Papas 30g,Snacks,12,2592.17
2026-01-18,Queso Campesino 250g,Lacteos,5,7629.24
2026-01-18,Yogurt Fresa 200ml,Lacteos,4,2750.07
2026-01-19,Aceite 1L,Despensa,6,16999.29
2026-01-19,Agua 600ml,Bebidas,12,1924.99
2026-01-19,Arroz 1kg,Despensa,4,4869.79
2026-01-19,Azucar 1kg,Despensa,5,4776.53
2026-01-19,Bebida Energetica 250ml,Bebidas,6,4575.9
2026-01-19,Cafe Molido 250g,Despensa,3,9594.08
2026-01-19,Cerveza Sixpack,Bebidas,4,13846.19
2026-01-19,Chitos 40g,Snacks,9,2351.35
2026-01-19,Chocolate 250g,Despensa,2,8150.89
2026-01-19,Detergente 500g,Aseo,3,6632.92
2026-01-19,Frijol 500g,Granos,1,4972.11
2026-01-19,Galletas Chocolate,Snacks,7,3775.26
2026-01-19,Gaseosa Cola 400ml,Bebidas,8,2938.65
2026-01-19,Gaseosa Manzana 400ml,Bebidas,23,2407.75
2026-01-19,Harina Trigo 1kg,Despensa,3,4125.71
2026-01-19,Huevos x30,Despensa,3,15178.85
2026-01-19,Jabon Barra,Aseo,2,3190.69
2026-01-19,Jugo Mango 300ml,Bebidas,4,3308.92
2026-01-19,Leche Entera 900ml,Lacteos,10,4078.72
2026-01-19,Lenteja 500g,Granos,3,4709.95
2026-01-19,Mani 50g,Snacks,4,2945.04
2026-01-19,Pan Blandito x5,Panaderia,6,3052.5
2026-01-19,Pan Tajado 500g,Panaderia,3,6155.78
2026-01-19,Papas 30g,Snacks,6,2658.66
2026-01-19,Papel Higienico x4,Aseo,4,8962.71
2026-01-19,Queso Campesino 250g,Lacteos,3,7692.52
2026-01-19,Sal 500g,Despensa,4,1776.11
2026-01-19,Yogurt Fresa 200ml,Lacteos,10,2614.79
2026-01-20,Agua 600ml,Bebidas,8,2102.8
2026-01-20,Arroz 1kg,Despensa,2,4738.15
2026-01-20,Bebida Energetica 250ml,Bebidas,6,4251.33
2026-01-20,Cafe Molido 250g,Despensa,3,9444.85
2026-01-20,Cerveza Sixpack,Bebidas,4,14796.28
2026-01-20,Chitos 40g,Snacks,5,2800.1
2026-01-20,Frijol 500g,Granos,3,5140.51
2026-01-20,Galletas Chocolate,Snacks,8,3572.69
2026-01-20,Gaseosa Cola 400ml,Bebidas,12,3009.31
2026-01-20,Gaseosa Manzana 400ml,Bebidas,14,2645.25
2026-01-20,Harina Trigo 1kg,Despensa,5,4290.86
2026-01-20,Huevos x30,Despensa,4,15677.53
2026-01-20,Jabon Barra,Aseo,1,3297.85
2026-01-20,Jugo Mango 300ml,Bebidas,3,3309.14
2026-01-20,Leche Entera 900ml,Lacteos,4,4322.93
2026-01-20,Mani 50g,Snacks,8,3095.69
2026-01-20,Pan Blandito x5,Panaderia,6,2851.87
2026-01-20,Pan Tajado 500g,Panaderia,5,6020.2
2026-01-20,Papas 30g,Snacks,13,2473.91
2026-01-20,Papel Higienico x4,Aseo,2,7802.45
2026-01-20,Queso Campesino 250g,Lacteos,4,7388.24
2026-01-20,Sal 500g,Despensa,4,2011.87
2026-01-20,Yogurt Fresa 200ml,Lacteos,8,2682.13
2026-01-21,Aceite 1L,Despensa,3,13573.85
2026-01-21,Agua 600ml,Bebidas,12,2149.87
2026-01-21,Arroz 1kg,Despensa,5,4469.66
2026-01-21,Azucar 1kg,Despensa,1,3989.57
2026-01-21,Bebida Energetica 250ml,Bebidas,3,4668.15
2026-01-21,Cafe Molido 250g,Despensa,1,8765.33
2026-01-21,Cerveza Sixpack,Bebidas,5,14902.01
2026-01-21,Chitos 40g,Snacks,5,2659.06
2026-01-21,Chocolate 250g,Despensa,3,7743.59
2026-01-21,Detergente 500g,Aseo,4,6634.68
2026-01-21,Frijol 500g,Granos,1,4998.63
2026-01-21,Galletas Chocolate,Snacks,6,3546.6
2026-01-21,Gaseosa Cola 400ml,Bebidas,9,2877.33
2026-01-21,Gaseosa Manzana 400ml,Bebidas,11,2943.85
2026-01-21,Harina Trigo 1kg,Despensa,2,4345.93
2026-01-21,Huevos x30,Despensa,1,16338.55
2026-01-21,Jabon Barra,Aseo,2,3154.77
2026-01-21,Jugo Mango 300ml,Bebidas,7,3102.66
2026-01-21,Leche Entera 900ml,Lacteos,9,4333.41
2026-01-21,Lenteja 500g,Granos,2,4951.25
2026-01-21,Mani 50g,Snacks,3,3151.87
2026-01-21,Pan Blandito x5,Panaderia,3,2751.53
2026-01-21,Pan Tajado 500g,Panaderia,3,6270.71
2026-01-21,Papas 30g,Snacks,5,2586.39
2026-01-21,Queso Campesino 250g,Lacteos,2,8206.89
2026-01-21,Sal 500g,Despensa,1,1919.67
2026-01-21,Yogurt Fresa 200ml,Lacteos,3,2599.09
2026-01-22,Aceite 1L,Despensa,2,15645.82
2026-01-22,Agua 600ml,Bebidas,9,2098.61
2026-01-22,Arroz 1kg,Despensa,3,4634.69
2026-01-22,Azucar 1kg,Despensa,2,4509.99
2026-01-22,Bebida Energetica 250ml,Bebidas,6,4133.68
2026-01-22,Cafe Molido 250g,Despensa,1,9380.81
2026-01-22,Cerveza Sixpack,Bebidas,2,14800.18
2026-01-22,Chitos 40g,Snacks,2,2669.85
2026-01-22,Detergente 500g,Aseo,1,6659.7
2026-01-22,Frijol 500g,Granos,3,5660.28
2026-01-22,Galletas Chocolate,Snacks,1,3687.89
2026-01-22,Gaseosa Cola 400ml,Bebidas,14,3003.29
2026-01-22,Gaseosa Manzana 400ml,Bebidas,13,2675.28
2026-01-22,Harina Trigo 1kg,Despensa,1,4173.88
2026-01-22,Huevos x30,Despensa,3,16443.47
2026-01-22,Jabon Barra,Aseo,4,3184.47
2026-01-22,Jugo Mango 300ml,Bebidas,6,3264.13
2026-01-22,Leche Entera 900ml,Lacteos,3,4034.31
2026-01-22,Lenteja 500g,Granos,3,4753.98
2026-01-22,Mani 50g,Snacks,4,3081.71
2026-01-22,Pan Blandito x5,Panaderia,5,3258.65
2026-01-22,Pan Tajado 500g,Panaderia,1,5980.12
2026-01-22,Papas 30g,Snacks,12,2517.8
2026-01-22,Queso Campesino 250g,Lacteos,7,7980.29
2026-01-22,Sal 500g,Despensa,2,1890.06
2026-01-22,Yogurt Fresa 200ml,Lacteos,6,2500.55
2026-01-23,Aceite 1L,Despensa,2,15196.16
2026-01-23,Agua 600ml,Bebidas,7,1990.03
2026-01-23,Arroz 1kg,Despensa,3,4709.01
2026-01-23,Azucar 1kg,Despensa,1,4943.22
2026-01-23,Bebida Energetica 250ml,Bebidas,5,3921.26
2026-01-23,Cafe Molido 250g,Despensa,3,8641.29
2026-01-23,Cerveza Sixpack,Bebidas,10,12795.64
2026-01-23,Chitos 40g,Snacks,6,2695.63
2026-01-23,Chocolate 250g,Despensa,1,8450.43
2026-01-23,Detergente 500g,Aseo,2,6959.56
2026-01-23,Frijol 500g,Granos,2,5234.58
2026-01-23,Galletas Chocolate,Snacks,8,3648.5
2026-01-23,Gaseosa Cola 400ml,Bebidas,15,2883.01
2026-01-23,Gaseosa Manzana 400ml,Bebidas,12,2784.85
2026-01-23,Harina Trigo 1kg,Despensa,1,4296.83
2026-01-23,Huevos x30,Despensa,4,16727.37
2026-01-23,Jabon Barra,Aseo,2,3209.01
2026-01-23,Jugo Mango 300ml,Bebidas,10,3210.03
2026-01-23,Leche Entera 900ml,Lacteos,11,4304.16
2026-01-23,Lenteja 500g,Granos,6,4676.7
2026-01-23,Mani 50g,Snacks,7,2886.82
2026-01-23,Pan Blandito x5,Panaderia,2,3125.22
2026-01-23,Pan Tajado 500g,Panaderia,6,5963.58
2026-01-23,Papas 30g,Snacks,19,2797.55
2026-01-23,Queso Campesino 250g,Lacteos,2,7830.13
2026-01-23,Yogurt Fresa 200ml,Lacteos,7,2617.27
2026-01-24,Aceite 1L,Despensa,1,15795.1
2026-01-24,Agua 600ml,Bebidas,7,2110.88
2026-01-24,Arroz 1kg,Despensa,8,4753.23
2026-01-24,Azucar 1kg,Despensa,3,4894.66
2026-01-24,Bebida Energetica 250ml,Bebidas,3,4604.09
2026-01-24,Cafe Molido 250g,Despensa,4,9659.12
2026-01-24,Cerveza Sixpack,Bebidas,6,15117.9
2026-01-24,Chitos 40g,Snacks,6,2744.43
2026-01-24,Chocolate 250g,Despensa,1,8413.5
2026-01-24,Galletas Chocolate,Snacks,6,3560.51
2026-01-24,Gaseosa Cola 400ml,Bebidas,18,2979.87
2026-01-24,Gaseosa Manzana 400ml,Bebidas,17,2677.16
2026-01-24,Harina Trigo 1kg,Despensa,6,4311.47
2026-01-24,Huevos x30,Despensa,7,15383.98
2026-01-24,Jabon Barra,Aseo,4,3259.24
2026-01-24,Jugo Mango 300ml,Bebidas,6,3035.28
2026-01-24,Leche Entera 900ml,Lacteos,7,4243.52
2026-01-24,Lenteja 500g,Granos,1,5144.41
2026-01-24,Mani 50g,Snacks,4,3017.85
2026-01-24,Pan Blandito x5,Panaderia,4,3122.76
2026-01-24,Pan Tajado 500g,Panaderia,2,5815.43
2026-01-24,Papas 30g,Snacks,6,2558.86
2026-01-24,Queso Campesino 250g,Lacteos,4,7810.84
2026-01-24,Sal 500g,Despensa,1,1813.32
2026-01-24,Yogurt Fresa 200ml,Lacteos,7,2624.08
2026-01-25,Aceite 1L,Despensa,2,15556.43
2026-01-25,Agua 600ml,Bebidas,9,2099.07
2026-01-25,Arroz 1kg,Despensa,4,4680.07
2026-01-25,Azucar 1kg,Despensa,3,4759.98
2026-01-25,Bebida Energetica 250ml,Bebidas,4,4653.92
2026-01-25,Cafe Molido 250g,Despensa,3,9102.83
2026-01-25,Cerveza Sixpack,Bebidas,6,15045.48
2026-01-25,Chitos 40g,Snacks,13,2650.59
2026-01-25,Chocolate 250g,Despensa,1,8583.41
2026-01-25,Detergente 500g,Aseo,2,6676.38
2026-01-25,Frijol 500g,Granos,1,5140.68
2026-01-25,Galletas Chocolate,Snacks,11,3140.87
2026-01-25,Gaseosa Cola 400ml,Bebidas,17,2677.41
2026-01-25,Gaseosa Manzana 400ml,Bebidas,11,2687.5
2026-01-25,Harina Trigo 1kg,Despensa,1,4244.68
2026-01-25,Huevos x30,Despensa,2,16814.39
2026-01-25,Jabon Barra,Aseo,1,2802.92
2026-01-25,Jugo Mango 300ml,Bebidas,10,3257.25
2026-01-25,Leche Entera 900ml,Lacteos,6,4367.55
2026-01-25,Lenteja 500g,Granos,4,4899.82
2026-01-25,Mani 50g,Snacks,3,3087.21
2026-01-25,Pan Blandito x5,Panaderia,3,3046.41
2026-01-25,Pan Tajado 500g,Panaderia,2,6265.94
2026-01-25,Papas 30g,Snacks,11,2469.47
2026-01-25,Queso Campesino 250g,Lacteos,2,8201.76
2026-01-25,Sal 500g,Despensa,1,1916.91
2026-01-25,Yogurt Fresa 200ml,Lacteos,5,2774.45
2026-01-26,Aceite 1L,Despensa,1,15748.42
2026-01-26,Agua 600ml,Bebidas,7,2189.38
2026-01-26,Arroz 1kg,Despensa,3,4676.0
2026-01-26,Azucar 1kg,Despensa,6,4834.68
2026-01-26,Bebida Energetica 250ml,Bebidas,3,4316.88
2026-01-26,Cafe Molido 250g,Despensa,1,8798.91
2026-01-26,Cerveza Sixpack,Bebidas,5,15631.36
2026-01-26,Chitos 40g,Snacks,5,2616.32
2026-01-26,Chocolate 250g,Despensa,1,8128.6
2026-01-26,Detergente 500g,Aseo,3,6548.1
2026-01-26,Frijol 500g,Granos,1,5153.77
2026-01-26,Galletas Chocolate,Snacks,5,3703.43
2026-01-26,Gaseosa Cola 400ml,Bebidas,7,2969.44
2026-01-26,Gaseosa Manzana 400ml,Bebidas,28,2728.5
2026-01-26,Harina Trigo 1kg,Despensa,3,4070.93
2026-01-26,Huevos x30,Despensa,4,15960.99
2026-01-26,Jabon Barra,Aseo,3,3123.26
2026-01-26,Jugo Mango 300ml,Bebidas,3,3360.85
2026-01-26,Leche Entera 900ml,Lacteos,6,4050.46
2026-01-26,Lenteja 500g,Granos,2,5185.44
2026-01-26,Mani 50g,Snacks,5,3050.6
2026-01-26,Pan Blandito x5,Panaderia,3,3092.48
2026-01-26,Pan Tajado 500g,Panaderia,1,6107.23
2026-01-26,Papas 30g,Snacks,4,2581.57
2026-01-26,Papel Higienico x4,Aseo,1,8134.8
2026-01-26,Queso Campesino 250g,Lacteos,1,7662.96
2026-01-26,Sal 500g,Despensa,3,2091.22
2026-01-26,Yogurt Fresa 200ml,Lacteos,11,2631.94
2026-01-27,Aceite 1L,Despensa,2,15339.97
2026-01-27,Agua 600ml,Bebidas,2,1996.56
2026-01-27,Arroz 1kg,Despensa,4,4568.72
2026-01-27,Azucar 1kg,Despensa,3,4871.57
2026-01-27,Bebida Energetica 250ml,Bebidas,7,4719.59
2026-01-27,Cafe Molido 250g,Despensa,2,9623.04
2026-01-27,Cerveza Sixpack,Bebidas,5,14772.31
2026-01-27,Chitos 40g,Snacks,5,2714.74
2026-01-27,Chocolate 250g,Despensa,1,8615.3
2026-01-27,Detergente 500g,Aseo,2,6507.35
2026-01-27,Frijol 500g,Granos,5,5204.97
2026-01-27,Galletas Chocolate,Snacks,8,3875.41
2026-01-27,Gaseosa Cola 400ml,Bebidas,8,2773.27
2026-01-27,Gaseosa Manzana 400ml,Bebidas,12,2814.28
2026-01-27,Harina Trigo 1kg,Despensa,4,4319.97
2026-01-27,Huevos x30,Despensa,4,16725.62
2026-01-27,Jugo Mango 300ml,Bebidas,8,3302.07
2026-01-27,Leche Entera 900ml,Lacteos,6,4050.64
2026-01-27,Lenteja 500g,Granos,2,5013.27
2026-01-27,Mani 50g,Snacks,7,2959.39
2026-01-27,Pan Tajado 500g,Panaderia,5,6021.75
2026-01-27,Papas 30g,Snacks,11,2616.14
2026-01-27,Papel Higienico x4,Aseo,4,9301.65
2026-01-27,Queso Campesino 250g,Lacteos,4,7800.61
2026-01-27,Sal 500g,Despensa,4,1904.35
2026-01-27,Yogurt Fresa 200ml,Lacteos,5,2584.22
2026-01-28,Aceite 1L,Despensa,2,15705.67
2026-01-28,Agua 600ml,Bebidas,13,2065.02
2026-01-28,Arroz 1kg,Despensa,6,4605.97
2026-01-28,Azucar 1kg,Despensa,5,4754.25
2026-01-28,Bebida Energetica 250ml,Bebidas,5,4566.99
2026-01-28,Cafe Molido 250g,Despensa,1,9287.09
2026-01-28,Cerveza Sixpack,Bebidas,2,14815.27
2026-01-28,Chitos 40g,Snacks,7,2850.64
2026-01-28,Chocolate 250g,Despensa,1,8512.21
2026-01-28,Detergente 500g,Aseo,3,6801.36
2026-01-28,Frijol 500g,Granos,4,5378.4
2026-01-28,Galletas Chocolate,Snacks,6,3795.84
2026-01-28,Gaseosa Cola 400ml,Bebidas,15,3077.3
2026-01-28,Gaseosa Manzana 400ml,Bebidas,8,2416.83
2026-01-28,Harina Trigo 1kg,Despensa,4,4488.82
2026-01-28,Huevos x30,Despensa,4,16155.85
2026-01-28,Jabon Barra,Aseo,5,3116.27
2026-01-28,Jugo Mango 300ml,Bebidas,7,3134.06
2026-01-28,Leche Entera 900ml,Lacteos,5,4613.17
2026-01-28,Lenteja 500g,Granos,3,4810.07
2026-01-28,Mani 50g,Snacks,3,2930.4
2026-01-28,Pan Blandito x5,Panaderia,8,3344.87
2026-01-28,Pan Tajado 500g,Panaderia,3,5951.38
2026-01-28,Papas 30g,Snacks,10,2618.05
2026-01-28,Queso Campesino 250g,Lacteos,2,7952.41
2026-01-28,Sal 500g,Despensa,3,1853.53
2026-01-28,Yogurt Fresa 200ml,Lacteos,8,2615.25
2026-01-29,Aceite 1L,Despensa,3,16544.95
2026-01-29,Agua 600ml,Bebidas,11,2053.04
2026-01-29,Arroz 1kg,Despensa,5,4757.28
2026-01-29,Azucar 1kg,Despensa,1,4753.57
2026-01-29,Bebida Energetica 250ml,Bebidas,1,4355.72
2026-01-29,Cafe Molido 250g,Despensa,1,9229.47
2026-01-29,Cerveza Sixpack,Bebidas,4,14931.45
2026-01-29,Chitos 40g,Snacks,5,2708.63
2026-01-29,Chocolate 250g,Despensa,1,8723.75
2026-01-29,Detergente 500g,Aseo,4,6562.37
2026-01-29,Frijol 500g,Granos,2,4474.17
2026-01-29,Galletas Chocolate,Snacks,9,3435.53
2026-01-29,Gaseosa Cola 400ml,Bebidas,11,2986.64
2026-01-29,Gaseosa Manzana 400ml,Bebidas,9,2379.36
2026-01-29,Harina Trigo 1kg,Despensa,2,4186.7
2026-01-29,Huevos x30,Despensa,4,17021.35
2026-01-29,Jabon Barra,Aseo,4,3338.59
2026-01-29,Jugo Mango 300ml,Bebidas,2,3128.32
2026-01-29,Leche Entera 900ml,Lacteos,7,4091.75
2026-01-29,Lenteja 500g,Granos,1,4814.34
2026-01-29,Mani 50g,Snacks,6,2738.25
2026-01-29,Pan Blandito x5,Panaderia,4,3124.19
2026-01-29,Pan Tajado 500g,Panaderia,6,5902.57
2026-01-29,Papas 30g,Snacks,7,2489.77
2026-01-29,Papel Higienico x4,Aseo,3,9799.97
2026-01-29,Queso Campesino 250g,Lacteos,5,8011.62
2026-01-29,Sal 500g,Despensa,4,1958.18
2026-01-29,Yogurt Fresa 200ml,Lacteos,9,2694.42
2026-01-30,Aceite 1L,Despensa,2,15698.67
2026-01-30,Agua 600ml,Bebidas,19,1951.64
2026-01-30,Arroz 1kg,Despensa,5,4750.32
2026-01-30,Azucar 1kg,Despensa,2,5267.85
2026-01-30,Bebida Energetica 250ml,Bebidas,5,4174.0
2026-01-30,Cafe Molido 250g,Despensa,5,8619.94
2026-01-30,Cerveza Sixpack,Bebidas,5,15539.68
2026-01-30,Chitos 40g,Snacks,7,2701.46
2026-01-30,Chocolate 250g,Despensa,2,8231.72
2026-01-30,Detergente 500g,Aseo,2,6756.4
2026-01-30,Frijol 500g,Granos,3,5002.81
2026-01-30,Galletas Chocolate,Snacks,6,3637.02
2026-01-30,Gaseosa Cola 400ml,Bebidas,19,2862.19
2026-01-30,Gaseosa Manzana 400ml,Bebidas,21,2197.71
2026-01-30,Harina Trigo 1kg,Despensa,1,4199.4
2026-01-30,Huevos x30,Despensa,2,16903.88
2026-01-30,Jabon Barra,Aseo,2,3262.86
2026-01-30,Jugo Mango 300ml,Bebidas,17,2832.24
2026-01-30,Leche Entera 900ml,Lacteos,4,4079.23
2026-01-30,Mani 50g,Snacks,6,2928.87
2026-01-30,Pan Blandito x5,Panaderia,9,3073.32
2026-01-30,Pan Tajado 500g,Panaderia,7,5585.82
2026-01-30,Papas 30g,Snacks,19,2682.55
2026-01-30,Queso Campesino 250g,Lacteos,6,7242.97
2026-01-30,Sal 500g,Despensa,4,1994.56
2026-01-30,Yogurt Fresa 200ml,Lacteos,8,2543.43
2026-01-31,Aceite 1L,Despensa,3,15277.95
2026-01-31,Agua 600ml,Bebidas,6,2176.88
2026-01-31,Arroz 1kg,Despensa,5,4555.68
2026-01-31,Azucar 1kg,Despensa,4,4005.02
2026-01-31,Bebida Energetica 250ml,Bebidas,3,4605.57
2026-01-31,Cerveza Sixpack,Bebidas,2,14622.69
2026-01-31,Chitos 40g,Snacks,5,2677.41
2026-01-31,Detergente 500g,Aseo,3,6872.65
2026-01-31,Frijol 500g,Granos,3,5086.17
2026-01-31,Galletas Chocolate,Snacks,13,3618.8
2026-01-31,Gaseosa Cola 400ml,Bebidas,32,2604.23
2026-01-31,Gaseosa Manzana 400ml,Bebidas,12,2883.99
2026-01-31,Harina Trigo 1kg,Despensa,1,4150.94
2026-01-31,Huevos x30,Despensa,1,17531.43
2026-01-31,Jabon Barra,Aseo,4,3199.79
2026-01-31,Jugo Mango 300ml,Bebidas,10,3230.55
2026-01-31,Leche Entera 900ml,Lacteos,10,4377.28
2026-01-31,Lenteja 500g,Granos,7,4670.34
2026-01-31,Mani 50g,Snacks,5,2932.23
2026-01-31,Pan Blandito x5,Panaderia,6,3103.31
2026-01-31,Pan Tajado 500g,Panaderia,2,5777.25
2026-01-31,Papas 30g,Snacks,13,2680.65
2026-01-31,Papel Higienico x4,Aseo,1,8843.11
2026-01-31,Queso Campesino 250g,Lacteos,4,8246.58
2026-01-31,Yogurt Fresa 200ml,Lacteos,6,2664.0
2026-02-01,Aceite 1L,Despensa,1,15902.88
2026-02-01,Agua 600ml,Bebidas,7,2110.32
2026-02-01,Arroz 1kg,Despensa,3,4707.59
2026-02-01,Azucar 1kg,Despensa,4,4770.38
2026-02-01,Bebida Energetica 250ml,Bebidas,9,4470.04
2026-02-01,Cafe Molido 250g,Despensa,2,9353.64
2026-02-01,Cerveza Sixpack,Bebidas,3,14712.97
2026-02-01,Chitos 40g,Snacks,6,2612.45
2026-02-01,Chocolate 250g,Despensa,3,8075.72
2026-02-01,Frijol 500g,Granos,1,5256.27
2026-02-01,Galletas Chocolate,Snacks,6,3446.84
2026-02-01,Gaseosa Cola 400ml,Bebidas,28,2532.12
2026-02-01,Gaseosa Manzana 400ml,Bebidas,16,2693.74
2026-02-01,Harina Trigo 1kg,Despensa,1,4433.62
2026-02-01,Huevos x30,Despensa,1,17114.47
2026-02-01,Jabon Barra,Aseo,6,3300.75
2026-02-01,Jugo Mango 300ml,Bebidas,10,3372.54
2026-02-01,Leche Entera 900ml,Lacteos,7,4583.63
2026-02-01,Lenteja 500g,Granos,1,4928.03
2026-02-01,Mani 50g,Snacks,5,2967.45
2026-02-01,Pan Blandito x5,Panaderia,5,3092.81
2026-02-01,Pan Tajado 500g,Panaderia,2,5475.4
2026-02-01,Papas 30g,Snacks,17,2956.92
2026-02-01,Papel Higienico x4,Aseo,1,9862.53
2026-02-01,Queso Campesino 250g,Lacteos,3,7386.37
2026-02-01,Sal 500g,Despensa,2,1897.85
2026-02-01,Yogurt Fresa 200ml,Lacteos,6,2366.83
2026-02-02,Aceite 1L,Despensa,2,16231.59
2026-02-02,Agua 600ml,Bebidas,16,2163.42
2026-02-02,Arroz 1kg,Despensa,5,4858.56
2026-02-02,Azucar 1kg,Despensa,2,4610.46
2026-02-02,Bebida Energetica 250ml,Bebidas,4,4541.63
2026-02-02,Cafe Molido 250g,Despensa,1,9429.13
2026-02-02,Cerveza Sixpack,Bebidas,2,15330.68
2026-02-02,Chitos 40g,Snacks,3,2644.53
2026-02-02,Chocolate 250g,Despensa,2,7883.7
2026-02-02,Detergente 500g,Aseo,3,6909.9
2026-02-02,Frijol 500g,Granos,4,4812.3
2026-02-02,Galletas Chocolate,Snacks,6,3565.95
2026-02-02,Gaseosa Cola 400ml,Bebidas,13,2919.28
2026-02-02,Gaseosa Manzana 400ml,Bebidas,12,2720.29
2026-02-02,Harina Trigo 1kg,Despensa,2,4334.14
2026-02-02,Huevos x30,Despensa,3,17335.54
2026-02-02,Jabon Barra,Aseo,3,3237.69
2026-02-02,Jugo Mango 300ml,Bebidas,6,3317.5
2026-02-02,Leche Entera 900ml,Lacteos,10,4366.8
2026-02-02,Lenteja 500g,Granos,2,5120.53
2026-02-02,Mani 50g,Snacks,5,2747.95
2026-02-02,Pan Blandito x5,Panaderia,8,3132.64
2026-02-02,Pan Tajado 500g,Panaderia,5,6061.1
2026-02-02,Papas 30g,Snacks,6,2817.32
2026-02-02,Papel Higienico x4,Aseo,1,8864.6
2026-02-02,Queso Campesino 250g,Lacteos,3,8037.53
2026-02-02,Sal 500g,Despensa,1,1877.17
2026-02-02,Yogurt Fresa 200ml,Lacteos,12,2594.66
2026-02-03,Aceite 1L,Despensa,2,14890.41
2026-02-03,Agua 600ml,Bebidas,8,1934.9
2026-02-03,Arroz 1kg,Despensa,7,4751.65
2026-02-03,Azucar 1kg,Despensa,4,4694.58
2026-02-03,Bebida Energetica 250ml,Bebidas,3,4737.29
2026-02-03,Cafe Molido 250g,Despensa,5,8693.68
2026-02-03,Cerveza Sixpack,Bebidas,2,14982.57
2026-02-03,Chitos 40g,Snacks,8,2558.09
2026-02-03,Frijol 500g,Granos,2,5273.63
2026-02-03,Galletas Chocolate,Snacks,6,3499.47
2026-02-03,Gaseosa Cola 400ml,Bebidas,12,2937.27
2026-02-03,Gaseosa Manzana 400ml,Bebidas,7,2971.63
2026-02-03,Harina Trigo 1kg,Despensa,2,4193.97
2026-02-03,Huevos x30,Despensa,2,17040.48
2026-02-03,Jabon Barra,Aseo,2,3027.86
2026-02-03,Jugo Mango 300ml,Bebidas,6,3289.2
2026-02-03,Leche Entera 900ml,Lacteos,7,3438.1
2026-02-03,Lenteja 500g,Granos,5,4859.46
2026-02-03,Mani 50g,Snacks,3,2900.42
2026-02-03,Pan Blandito x5,Panaderia,5,3047.91
2026-02-03,Pan Tajado 500g,Panaderia,2,6160.4
2026-02-03,Papas 30g,Snacks,7,2701.46
2026-02-03,Papel Higienico x4,Aseo,1,9432.2
2026-02-03,Queso Campesino 250g,Lacteos,2,7697.42
2026-02-03,Sal 500g,Despensa,1,1964.47
2026-02-03,Yogurt Fresa 200ml,Lacteos,1,2550.97
2026-02-04,Aceite 1L,Despensa,3,16179.22
2026-02-04,Agua 600ml,Bebidas,11,2057.29
2026-02-04,Arroz 1kg,Despensa,4,4802.72
2026-02-04,Azucar 1kg,Despensa,4,4423.72
2026-02-04,Bebida Energetica 250ml,Bebidas,4,4374.8
2026-02-04,Cafe Molido 250g,Despensa,4,9244.57
2026-02-04,Cerveza Sixpack,Bebidas,2,14385.13
2026-02-04,Chitos 40g,Snacks,4,2671.7
2026-02-04,Chocolate 250g,Despensa,6,8687.13
2026-02-04,Detergente 500g,Aseo,1,6707.31
2026-02-04,Frijol 500g,Granos,1,5036.11
2026-02-04,Galletas Chocolate,Snacks,7,3646.29
2026-02-04,Gaseosa Cola 400ml,Bebidas,11,2914.06
2026-02-04,Gaseosa Manzana 400ml,Bebidas,10,2917.9
2026-02-04,Huevos x30,Despensa,2,16157.4
2026-02-04,Jabon Barra,Aseo,1,3338.0
2026-02-04,Jugo Mango 300ml,Bebidas,5,3317.29
2026-02-04,Leche Entera 900ml,Lacteos,12,4124.22
2026-02-04,Lenteja 500g,Granos,2,5040.2
2026-02-04,Mani 50g,Snacks,2,3033.9
2026-02-04,Pan Blandito x5,Panaderia,2,3090.18
2026-02-04,Pan Tajado 500g,Panaderia,6,6092.85
2026-02-04,Papas 30g,Snacks,10,2595.22
2026-02-04,Papel Higienico x4,Aseo,6,8879.78
2026-02-04,Queso Campesino 250g,Lacteos,5,7624.43
2026-02-04,Sal 500g,Despensa,1,1980.4
2026-02-04,Yogurt Fresa 200ml,Lacteos,8,2671.39
2026-02-05,Aceite 1L,Despensa,2,16058.44
2026-02-05,Agua 600ml,Bebidas,13,2046.74
2026-02-05,Arroz 1kg,Despensa,5,4903.83
2026-02-05,Azucar 1kg,Despensa,2,4773.28
2026-02-05,Bebida Energetica 250ml,Bebidas,6,4361.61
2026-02-05,Cafe Molido 250g,Despensa,1,9067.42
2026-02-05,Cerveza Sixpack,Bebidas,3,15192.29
2026-02-05,Chitos 40g,Snacks,4,2726.14
2026-02-05,Chocolate 250g,Despensa,1,8613.6
2026-02-05,Detergente 500g,Aseo,2,6811.35
2026-02-05,Frijol 500g,Granos,2,5389.48
2026-02-05,Galletas Chocolate,Snacks,6,3609.28
2026-02-05,Gaseosa Cola 400ml,Bebidas,16,2616.74
2026-02-05,Gaseosa Manzana 400ml,Bebidas,21,2474.73
2026-02-05,Harina Trigo 1kg,Despensa,1,4242.68
2026-02-05,Huevos x30,Despensa,2,16233.11
2026-02-05,Jabon Barra,Aseo,2,3212.59
2026-02-05,Jugo Mango 300ml,Bebidas,8,3282.03
2026-02-05,Leche Entera 900ml,Lacteos,9,4066.37
2026-02-05,Lenteja 500g,Granos,3,4596.87
2026-02-05,Mani 50g,Snacks,8,3046.21
2026-02-05,Pan Blandito x5,Panaderia,4,3039.69
2026-02-05,Pan Tajado 500g,Panaderia,4,5568.16
2026-02-05,Papas 30g,Snacks,10,2395.3
2026-02-05,Papel Higienico x4,Aseo,2,9459.93
2026-02-05,Queso Campesino 250g,Lacteos,7,7679.77
2026-02-05,Sal 500g,Despensa,1,1932.54
2026-02-05,Yogurt Fresa 200ml,Lacteos,6,2663.65
2026-02-06,Aceite 1L,Despensa,1,15126.66
2026-02-06,Agua 600ml,Bebidas,9,2087.97
2026-02-06,Arroz 1kg,Despensa,5,4644.16
2026-02-06,Azucar 1kg,Despensa,2,4726.98
2026-02-06,Bebida Energetica 250ml,Bebidas,2,4426.88
2026-02-06,Cafe Molido 250g,Despensa,2,9523.8
2026-02-06,Cerveza Sixpack,Bebidas,10,15149.85
2026-02-06,Chitos 40g,Snacks,7,2676.57
2026-02-06,Chocolate 250g,Despensa,2,8273.9
2026-02-06,Detergente 500g,Aseo,2,6552.41
2026-02-06,Frijol 500g,Granos,1,4968.03
2026-02-06,Galletas Chocolate,Snacks,9,3396.86
2026-02-06,Gaseosa Cola 400ml,Bebidas,17,2880.79
2026-02-06,Gaseosa Manzana 400ml,Bebidas,13,2610.08
2026-02-06,Harina Trigo 1kg,Despensa,2,4133.37
2026-02-06,Huevos x30,Despensa,1,17435.46
2026-02-06,Jabon Barra,Aseo,2,3255.97
2026-02-06,Jugo Mango 300ml,Bebidas,7,3629.76
2026-02-06,Leche Entera 900ml,Lacteos,9,4065.68
2026-02-06,Lenteja 500g,Granos,1,4788.55
2026-02-06,Mani 50g,Snacks,6,2976.52
2026-02-06,Pan Blandito x5,Panaderia,9,3114.79
2026-02-06,Pan Tajado 500g,Panaderia,3,5902.82
2026-02-06,Papas 30g,Snacks,9,2665.78
2026-02-06,Papel Higienico x4,Aseo,1,9865.24
2026-02-06,Queso Campesino 250g,Lacteos,8,7897.62
2026-02-06,Sal 500g,Despensa,1,1932.79
2026-02-06,Yogurt Fresa 200ml,Lacteos,14,2534.21
2026-02-07,Aceite 1L,Despensa,3,16297.35
2026-02-07,Agua 600ml,Bebidas,13,2102.02
2026-02-07,Arroz 1kg,Despensa,3,4383.53
2026-02-07,Azucar 1kg,Despensa,3,4790.6
2026-02-07,Bebida Energetica 250ml,Bebidas,6,4126.62
2026-02-07,Cafe Molido 250g,Despensa,4,7878.04
2026-02-07,Cerveza Sixpack,Bebidas,2,14991.24
2026-02-07,Chitos 40g,Snacks,5,2680.72
2026-02-07,Chocolate 250g,Despensa,3,7837.83
2026-02-07,Detergente 500g,Aseo,1,6708.83
2026-02-07,Frijol 500g,Granos,5,5411.35
2026-02-07,Galletas Chocolate,Snacks,11,3625.34
2026-02-07,Gaseosa Cola 400ml,Bebidas,13,2866.63
2026-02-07,Gaseosa Manzana 400ml,Bebidas,14,2693.88
2026-02-07,Harina Trigo 1kg,Despensa,5,3970.15
2026-02-07,Huevos x30,Despensa,3,16597.06
2026-02-07,Jabon Barra,Aseo,4,3037.72
2026-02-07,Jugo Mango 300ml,Bebidas,11,3198.93
2026-02-07,Leche Entera 900ml,Lacteos,9,4109.2
2026-02-07,Lenteja 500g,Granos,6,4949.82
2026-02-07,Mani 50g,Snacks,7,2834.02
2026-02-07,Pan Blandito x5,Panaderia,4,3277.57
2026-02-07,Pan Tajado 500g,Panaderia,7,6192.85
2026-02-07,Papas 30g,Snacks,10,2600.86
2026-02-07,Papel Higienico x4,Aseo,1,9154.13
2026-02-07,Queso Campesino 250g,Lacteos,2,7818.41
2026-02-07,Sal 500g,Despensa,2,1834.55
2026-02-07,Yogurt Fresa 200ml,Lacteos,6,2470.94
2026-02-08,Aceite 1L,Despensa,4,15720.19
2026-02-08,Agua 600ml,Bebidas,12,2131.68
2026-02-08,Arroz 1kg,Despensa,3,4648.72
2026-02-08,Azucar 1kg,Despensa,2,4666.93
2026-02-08,Bebida Energetica 250ml,Bebidas,4,4588.33
2026-02-08,Cafe Molido 250g,Despensa,1,8604.35
2026-02-08,Cerveza Sixpack,Bebidas,6,14846.04
2026-02-08,Chitos 40g,Snacks,1,2819.19
2026-02-08,Chocolate 250g,Despensa,1,8382.09
2026-02-08,Frijol 500g,Granos,3,5027.46
2026-02-08,Galletas Chocolate,Snacks,2,3371.49
2026-02-08,Gaseosa Cola 400ml,Bebidas,13,2889.17
2026-02-08,Gaseosa Manzana 400ml,Bebidas,10,2861.42
2026-02-08,Huevos x30,Despensa,2,16320.08
2026-02-08,Jabon Barra,Aseo,2,3250.54
2026-02-08,Jugo Mango 300ml,Bebidas,8,3269.16
2026-02-08,Leche Entera 900ml,Lacteos,15,4210.46
2026-02-08,Lenteja 500g,Granos,4,4877.06
2026-02-08,Mani 50g,Snacks,8,2907.12
2026-02-08,Pan Blandito x5,Panaderia,7,3187.65
2026-02-08,Pan Tajado 500g,Panaderia,4,5740.38
2026-02-08,Papas 30g,Snacks,15,2635.58
2026-02-08,Papel Higienico x4,Aseo,3,9390.02
2026-02-08,Queso Campesino 250g,Lacteos,2,7564.1
2026-02-08,Sal 500g,Despensa,1,2005.75
2026-02-08,Yogurt Fresa 200ml,Lacteos,5,2557.47
2026-02-09,Aceite 1L,Despensa,2,15514.6
2026-02-09,Agua 600ml,Bebidas,9,2196.0
2026-02-09,Arroz 1kg,Despensa,5,4732.64
2026-02-09,Azucar 1kg,Despensa,5,4807.99
2026-02-09,Bebida Energetica 250ml,Bebidas,5,4408.98
2026-02-09,Cafe Molido 250g,Despensa,2,8964.27
2026-02-09,Cerveza Sixpack,Bebidas,4,14545.89
2026-02-09,Chitos 40g,Snacks,8,2530.45
2026-02-09,Chocolate 250g,Despensa,1,8699.87
2026-02-09,Detergente 500g,Aseo,1,6336.09
2026-02-09,Frijol 500g,Granos,3,5133.0
2026-02-09,Galletas Chocolate,Snacks,3,3524.4
2026-02-09,Gaseosa Cola 400ml,Bebidas,14,2973.71
2026-02-09,Gaseosa Manzana 400ml,Bebidas,13,2879.69
2026-02-09,Huevos x30,Despensa,1,15410.07
2026-02-09,Jabon Barra,Aseo,1,3279.84
2026-02-09,Jugo Mango 300ml,Bebidas,9,3478.69
2026-02-09,Leche Entera 900ml,Lacteos,10,4184.34
2026-02-09,Mani 50g,Snacks,1,3025.61
2026-02-09,Pan Blandito x5,Panaderia,3,2983.36
2026-02-09,Pan Tajado 500g,Panaderia,6,5875.28
2026-02-09,Papas 30g,Snacks,10,2580.66
2026-02-09,Papel Higienico x4,Aseo,1,9461.04
2026-02-09,Queso Campesino 250g,Lacteos,1,7305.8
2026-02-09,Sal 500g,Despensa,3,1796.04
2026-02-09,Yogurt Fresa 200ml,Lacteos,3,2684.68
2026-02-10,Agua 600ml,Bebidas,3,2030.3
2026-02-10,Arroz 1kg,Despensa,4,5047.12
2026-02-10,Azucar 1kg,Despensa,3,4823.47
2026-02-10,Bebida Energetica 250ml,Bebidas,6,4667.19
2026-02-10,Cafe Molido 250g,Despensa,2,9159.73
2026-02-10,Cerveza Sixpack,Bebidas,4,12990.1
2026-02-10,Chitos 40g,Snacks,8,2533.86
2026-02-10,Detergente 500g,Aseo,2,6770.38
2026-02-10,Galletas Chocolate,Snacks,14,2943.44
2026-02-10,Gaseosa Cola 400ml,Bebidas,11,2948.16
2026-02-10,Gaseosa Manzana 400ml,Bebidas,7,2925.66
2026-02-10,Harina Trigo 1kg,Despensa,3,4322.54
2026-02-10,Huevos x30,Despensa,3,16787.63
2026-02-10,Jabon Barra,Aseo,3,3303.37
2026-02-10,Jugo Mango 300ml,Bebidas,5,3326.75
2026-02-10,Leche Entera 900ml,Lacteos,4,4264.03
2026-02-10,Lenteja 500g,Granos,2,4888.58
2026-02-10,Mani 50g,Snacks,5,3123.45
2026-02-10,Pan Blandito x5,Panaderia,2,3345.31
2026-02-10,Pan Tajado 500g,Panaderia,3,6051.09
2026-02-10,Papas 30g,Snacks,8,2585.28
2026-02-10,Papel Higienico x4,Aseo,1,9298.56
2026-02-10,Queso Campesino 250g,Lacteos,4,7844.63
2026-02-10,Sal 500g,Despensa,6,1899.73
2026-02-10,Yogurt Fresa 200ml,Lacteos,6,2610.63
2026-02-11,Aceite 1L,Despensa,1,16064.37
2026-02-11,Agua 600ml,Bebidas,10,2121.15
2026-02-11,Arroz 1kg,Despensa,4,4763.82
2026-02-11,Azucar 1kg,Despensa,5,5069.92
2026-02-11,Bebida Energetica 250ml,Bebidas,3,4675.62
2026-02-11,Cafe Molido 250g,Despensa,3,8611.24
2026-02-11,Cerveza Sixpack,Bebidas,7,15405.28
2026-02-11,Chitos 40g,Snacks,3,2608.98
2026-02-11,Chocolate 250g,Despensa,3,8512.54
2026-02-11,Detergente 500g,Aseo,2,6268.92
2026-02-11,Frijol 500g,Granos,2,5178.45
2026-02-11,Galletas Chocolate,Snacks,3,3875.5
2026-02-11,Gaseosa Cola 400ml,Bebidas,11,2822.9
2026-02-11,Gaseosa Manzana 400ml,Bebidas,11,2791.21
2026-02-11,Harina Trigo 1kg,Despensa,3,4179.65
2026-02-11,Huevos x30,Despensa,4,16638.62
2026-02-11,Jugo Mango 300ml,Bebidas,8,3303.82
2026-02-11,Leche Entera 900ml,Lacteos,6,4054.51
2026-02-11,Lenteja 500g,Granos,1,4721.61
2026-02-11,Mani 50g,Snacks,5,2998.0
2026-02-11,Pan Blandito x5,Panaderia,4,3164.93
2026-02-11,Pan Tajado 500g,Panaderia,7,5912.03
2026-02-11,Papas 30g,Snacks,12,2486.54
2026-02-11,Papel Higienico x4,Aseo,5,8830.69
2026-02-11,Queso Campesino 250g,Lacteos,6,8045.55
2026-02-11,Sal 500g,Despensa,2,2000.02
2026-02-11,Yogurt Fresa 200ml,Lacteos,3,2599.2
2026-02-12,Aceite 1L,Despensa,6,16633.45
2026-02-12,Agua 600ml,Bebidas,3,2172.19
2026-02-12,Arroz 1kg,Despensa,3,4807.78
2026-02-12,Azucar 1kg,Despensa,5,4621.78
2026-02-12,Bebida Energetica 250ml,Bebidas,8,4505.52
2026-02-12,Cafe Molido 250g,Despensa,4,9290.88
2026-02-12,Cerveza Sixpack,Bebidas,3,14940.76
2026-02-12,Chitos 40g,Snacks,1,2773.67
2026-02-12,Chocolate 250g,Despensa,1,8968.83
2026-02-12,Detergente 500g,Aseo,2,6762.76
2026-02-12,Galletas Chocolate,Snacks,5,3507.01
2026-02-12,Gaseosa Cola 400ml,Bebidas,13,2717.95
2026-02-12,Gaseosa Manzana 400ml,Bebidas,9,2872.67
2026-02-12,Huevos x30,Despensa,3,16292.2
2026-02-12,Jabon Barra,Aseo,2,3162.35
2026-02-12,Jugo Mango 300ml,Bebidas,6,3247.83
2026-02-12,Leche Entera 900ml,Lacteos,11,4143.56
2026-02-12,Lenteja 500g,Granos,2,5068.05
2026-02-12,Mani 50g,Snacks,7,2995.15
2026-02-12,Pan Blandito x5,Panaderia,5,2841.19
2026-02-12,Pan Tajado 500g,Panaderia,5,5822.98
2026-02-12,Papas 30g,Snacks,15,2169.77
2026-02-12,Papel Higienico x4,Aseo,3,10413.16
2026-02-12,Queso Campesino 250g,Lacteos,4,7803.79
2026-02-12,Sal 500g,Despensa,2,1968.26
2026-02-12,Yogurt Fresa 200ml,Lacteos,10,2517.47
2026-02-13,Aceite 1L,Despensa,1,16039.31
2026-02-13,Agua 600ml,Bebidas,10,1924.94
2026-02-13,Arroz 1kg,Despensa,4,4853.24
2026-02-13,Azucar 1kg,Despensa,4,5055.24
2026-02-13,Bebida Energetica 250ml,Bebidas,3,4684.88
2026-02-13,Cerveza Sixpack,Bebidas,12,13967.52
2026-02-13,Chitos 40g,Snacks,3,2752.25
2026-02-13,Chocolate 250g,Despensa,5,8415.51
2026-02-13,Detergente 500g,Aseo,5,5904.0
2026-02-13,Frijol 500g,Granos,1,5558.61
2026-02-13,Galletas Chocolate,Snacks,10,3557.18
2026-02-13,Gaseosa Cola 400ml,Bebidas,12,3081.14
2026-02-13,Gaseosa Manzana 400ml,Bebidas,10,2865.22
2026-02-13,Harina Trigo 1kg,Despensa,3,4213.58
2026-02-13,Huevos x30,Despensa,2,15738.17
2026-02-13,Jabon Barra,Aseo,2,3203.44
2026-02-13,Jugo Mango 300ml,Bebidas,11,3568.15
2026-02-13,Leche Entera 900ml,Lacteos,10,4151.31
2026-02-13,Lenteja 500g,Granos,1,4778.05
2026-02-13,Mani 50g,Snacks,3,3059.68
2026-02-13,Pan Blandito x5,Panaderia,5,3314.4
2026-02-13,Pan Tajado 500g,Panaderia,5,6397.01
2026-02-13,Papas 30g,Snacks,13,2470.04
2026-02-13,Queso Campesino 250g,Lacteos,2,7603.32
2026-02-13,Sal 500g,Despensa,3,1909.04
2026-02-13,Yogurt Fresa 200ml,Lacteos,10,2541.68
2026-02-14,Aceite 1L,Despensa,1,17199.16
2026-02-14,Agua 600ml,Bebidas,6,2061.39
2026-02-14,Arroz 1kg,Despensa,4,4634.03
2026-02-14,Bebida Energetica 250ml,Bebidas,6,4460.45
2026-02-14,Cafe Molido 250g,Despensa,4,9004.29
2026-02-14,Cerveza Sixpack,Bebidas,2,14793.48
2026-02-14,Chitos 40g,Snacks,13,2883.61
2026-02-14,Detergente 500g,Aseo,3,6525.45
2026-02-14,Frijol 500g,Granos,2,5424.55
2026-02-14,Galletas Chocolate,Snacks,6,3737.37
2026-02-14,Gaseosa Cola 400ml,Bebidas,16,2873.28
2026-02-14,Gaseosa Manzana 400ml,Bebidas,16,2880.16
2026-02-14,Harina Trigo 1kg,Despensa,1,4155.69
2026-02-14,Huevos x30,Despensa,6,17099.07
2026-02-14,Jabon Barra,Aseo,2,3055.77
2026-02-14,Jugo Mango 300ml,Bebidas,12,3401.93
2026-02-14,Leche Entera 900ml,Lacteos,5,4276.43
2026-02-14,Lenteja 500g,Granos,2,4675.99
2026-02-14,Mani 50g,Snacks,13,2730.87
2026-02-14,Pan Blandito x5,Panaderia,5,3070.43
2026-02-14,Pan Tajado 500g,Panaderia,6,5780.74
2026-02-14,Papas 30g,Snacks,29,2218.38
2026-02-14,Queso Campesino 250g,Lacteos,6,8052.15
2026-02-14,Sal 500g,Despensa,2,1854.88
2026-02-14,Yogurt Fresa 200ml,Lacteos,6,2737.33
2026-02-15,Aceite 1L,Despensa,3,16024.23
2026-02-15,Agua 600ml,Bebidas,11,1972.95
2026-02-15,Arroz 1kg,Despensa,5,4820.32
2026-02-15,Azucar 1kg,Despensa,3,4822.67
2026-02-15,Bebida Energetica 250ml,Bebidas,5,4287.24
2026-02-15,Cafe Molido 250g,Despensa,1,8679.61
2026-02-15,Cerveza Sixpack,Bebidas,6,15337.13
2026-02-15,Chitos 40g,Snacks,3,2710.18
2026-02-15,Chocolate 250g,Despensa,1,8318.87
2026-02-15,Detergente 500g,Aseo,1,6761.08
2026-02-15,Frijol 500g,Granos,1,4801.25
2026-02-15,Galletas Chocolate,Snacks,11,3746.35
2026-02-15,Gaseosa Cola 400ml,Bebidas,39,2416.39
2026-02-15,Gaseosa Manzana 400ml,Bebidas,14,2652.77
2026-02-15,Harina Trigo 1kg,Despensa,1,4413.28
2026-02-15,Huevos x30,Despensa,7,15774.77
2026-02-15,Jabon Barra,Aseo,5,3116.03
2026-02-15,Jugo Mango 300ml,Bebidas,11,3233.62
2026-02-15,Leche Entera 900ml,Lacteos,12,4267.09
2026-02-15,Lenteja 500g,Granos,3,5032.56
2026-02-15,Mani 50g,Snacks,7,3026.64
2026-02-15,Pan Blandito x5,Panaderia,2,3233.56
2026-02-15,Pan Tajado 500g,Panaderia,5,6053.22
2026-02-15,Papas 30g,Snacks,7,2681.66
2026-02-15,Papel Higienico x4,Aseo,3,9539.19
2026-02-15,Queso Campesino 250g,Lacteos,7,7304.82
2026-02-15,Sal 500g,Despensa,1,2051.83
2026-02-15,Yogurt Fresa 200ml,Lacteos,10,2745.65
2026-02-16,Aceite 1L,Despensa,1,15859.7
2026-02-16,Agua 600ml,Bebidas,8,2045.4
2026-02-16,Arroz 1kg,Despensa,5,4981.06
2026-02-16,Azucar 1kg,Despensa,3,4032.69
2026-02-16,Bebida Energetica 250ml,Bebidas,3,4537.63
2026-02-16,Cafe Molido 250g,Despensa,1,8851.16
2026-02-16,Cerveza Sixpack,Bebidas,4,14027.49
2026-02-16,Chitos 40g,Snacks,12,2447.84
2026-02-16,Chocolate 250g,Despensa,2,8175.12
2026-02-16,Detergente 500g,Aseo,3,6868.17
2026-02-16,Galletas Chocolate,Snacks,6,3606.07
2026-02-16,Gaseosa Cola 400ml,Bebidas,9,2956.92
2026-02-16,Gaseosa Manzana 400ml,Bebidas,17,2558.0
2026-02-16,Harina Trigo 1kg,Despensa,1,4087.23
2026-02-16,Huevos x30,Despensa,6,15918.41
2026-02-16,Jabon Barra,Aseo,2,2998.2
2026-02-16,Jugo Mango 300ml,Bebidas,9,3314.26
2026-02-16,Leche Entera 900ml,Lacteos,6,4457.26
2026-02-16,Lenteja 500g,Granos,3,4814.11
2026-02-16,Mani 50g,Snacks,5,2846.49
2026-02-16,Pan Blandito x5,Panaderia,5,2978.18
2026-02-16,Pan Tajado 500g,Panaderia,2,5946.54
2026-02-16,Papas 30g,Snacks,9,2684.7
2026-02-16,Papel Higienico x4,Aseo,2,9600.85
2026-02-16,Queso Campesino 250g,Lacteos,1,7419.89
2026-02-16,Yogurt Fresa 200ml,Lacteos,7,2580.42
